year,ticker,firm,layer,capex_intensity,asset_light,cap_share,mktcap
2016,A,A,not digital,0.0330794859590671,0.918013856812933,0.0007875085246095,14658839321.853638
2016,AAL,AAL,not digital,0.1427681729859,0.3923040917424035,0.0012996131234719,24191255538.4636
2016,AAP,AAP,not digital,0.0271287320571687,0.8260572146857385,0.0006700584080905,12472599639.892578
2016,AAPL,AAPL,other digital,0.059052397757363,0.9160361346157432,0.0331783380863377,617588142572.7081
2016,ABBV,ABBV,not digital,0.0186832046181449,0.9606045477238688,0.0054669968709532,101763760264.20592
2016,ABT,ABT,not digital,0.0537572531530235,0.8916758439980252,0.0030380802848948,56551426875.34332
2016,ACN,ACN,other digital,0.0142700970619835,0.9535862092122452,0.0034485211992099,64191455174.77417
2016,ADBE,ADBE,other digital,0.0348120995553794,0.9357133034990422,0.0027500254975825,51189518132.58362
2016,ADI,ADI,fabricates compute,0.0372352443101657,0.9201889821158058,0.0012022746989589,22379378866.41693
2016,ADM,ADM,not digital,0.0141468578577615,0.7546330056073827,0.0014111277522218,26267010877.990723
2016,ADP,ADP,not digital,,0.9843141744904969,0.0024786590687035,46138249792.02271
2016,ADSK,ADSK,other digital,,0.969303573694994,0.0008848820858252,16471370035.430908
2016,AEE,AEE,not digital,0.3416721527320606,0.1856755334224057,0.0006838130830377,12728631877.861025
2016,AEP,AEP,not digital,0.0065872613720306,0.2809050903057776,0.0016631491544897,30958187069.82422
2016,AES,AES,not digital,0.228090652660247,0.4348632488096556,0.0004114936991575,7659625044.563293
2016,AFL,AFL,not digital,,0.996664586847842,0.0015259265601205,28403898577.285767
2016,AIG,AIG,not digital,0.0213684190425267,0.994661464605109,0.0036038357485211,67082510892.333984
2016,AIV,AIV,not digital,,0.0962103168632539,0.0004020234118552,7483343244.990783
2016,AIZ,AIZ,not digital,0.0113120369632757,0.9884345200628764,0.0002844038049132,5293948634.796143
2016,AJG,AJG,not digital,0.0383416952733034,0.9720879348324242,0.0004971849732617,9254699356.933594
2016,AKAM,AKAM,other digital,0.0770655557013068,0.8168327789650746,0.0006207973222978,11555644052.886965
2016,ALB,ALB,not digital,0.0734550200339682,0.7108099328935046,0.0005201370734398,9681934285.949709
2016,ALK,ALK,not digital,0.1144303797468354,0.4312387070869303,0.0005876167167759,10938013703.819277
2016,ALL,ALL,not digital,0.008369207732827,0.9901942730871928,0.0014663252844061,27294468651.4206
2016,ALLE,ALLE,not digital,0.0189901697944593,0.8991723769689419,0.0003297199330336,6137472000.0
2016,AMAT,AMAT,compute equipment,0.0233718244803695,0.9356897735072066,0.0018663664725681,34740914392.81464
2016,AME,AME,not digital,0.0164787933190055,0.9333542139802504,0.0005991333961491,11152387449.85199
2016,AMG,AMG,not digital,0.0092044108265743,0.9874158484872728,0.0004426170153285,8238960603.044128
2016,AMGN,AMGN,not digital,0.0320995172023835,0.9360910004379976,0.0058433268361286,108768840614.5935
2016,AMP,AMP,not digital,0.0077709265985302,0.9956587350970167,0.0009419608539173,17533845505.859375
2016,AMT,AMT,not digital,0.1179632542302573,0.6594050363999067,0.0024237332061226,45115848930.28259
2016,AMZN,AMZN,operates compute,0.0495415002904689,0.650919642214815,0.0191419868292141,356312726099.8535
2016,AN,AN,not digital,0.0113147299736221,0.717375745526839,0.000263973244972,4913650154.11377
2016,AON,AON,not digital,0.0165798703369114,0.9793349614878828,0.0015763705781552,29342873498.84033
2016,APA,APA,not digital,,,0.0012946426602396,24098734353.485107
2016,APD,APD,not digital,0.1407039193997628,0.5096896756077163,0.0016795176828646,31262874092.10205
2016,APH,APH,other digital,0.0303512344107915,0.9162930801181356,0.0011136510451467,20729720658.599854
2016,APTV,APTV,not digital,0.0535277823040573,0.8108525870484868,0.0009579887045865,17832191085.992954
2016,AVGO,AVGO,designs compute,0.054607250755287,,0.0040054874283049,74558934643.07785
2016,AVY,AVY,not digital,0.0290643226813439,0.791829678828132,0.0003324365314358,6188039299.572754
2016,AWK,AWK,not digital,,0.1888323774483281,0.0006927850319836,12895637508.773804
2016,AXP,AXP,not digital,0.0567361254384155,0.9721007218694342,0.0036424934009962,67802092075.88196
2016,AYI,AYI,not digital,0.0254306808859721,0.9091587516960652,0.0005467407254736,10177139922.906494
2016,AZO,AZO,not digital,0.0459576805461166,0.5658899458788922,0.0012143560243556,22604263045.129395
2016,BA,BA,not digital,0.0279477196885428,0.8576952565085503,0.0051616728374512,96080398359.7412
2016,BAC,BAC,not digital,,0.995823254041124,0.0119973209777613,223320503854.7516
2016,BALL,BALL,not digital,0.0668800353161902,0.7287454399307488,0.0012660214937766,23565974304.19922
2016,BAX,BAX,not digital,0.0707468267243924,0.7241090955872893,0.0012865037979588,23947235962.409973
2016,BBT,BBT,not digital,0.2079895788102475,0.9898265132099804,0.001606353050339,29900973161.865234
2016,BBY,BBY,not digital,0.0147196913940562,0.8264664546194245,0.0007193946847938,13390954845.367432
2016,BDX,BDX,not digital,0.0555155010814708,0.8475338075510045,0.0018928121463153,35233179390.72223
2016,BEN,BEN,not digital,0.0147476579026896,0.9675006832807416,0.0012094715525475,22513342521.514893
2016,BF-B,BF-B,not digital,0.0374081496325985,0.8496294525460196,0.0009408702485266,17513544761.567116
2016,BIIB,BIIB,not digital,0.0538135001048144,0.8906402993425654,0.0033146543936552,61699631998.47412
2016,BKNG,BKNG,other digital,0.020478451084427,0.9825083183489388,0.00380322509034,70793983508.66318
2016,BLK,BLK,not digital,0.0097055705081151,0.9967077573999346,0.0033498368245219,62354524720.15381
2016,BMY,BMY,not digital,0.0625418232357028,0.8522562079093363,0.0052468916889795,97666678904.91486
2016,BRK-B,BRK-B,not digital,0.0602192325929507,,0.021522779772863,400629276497.65015
2016,BSX,BSX,not digital,0.0448366324827092,0.9099248452696728,0.0015843974649298,29492287555.713654
2016,BWA,BWA,not digital,0.0551868592216955,0.7168211710640995,0.0004512859545466,8400325950.996703
2016,BXP,BXP,not digital,,0.1552445587899155,0.0011546040718353,21492028391.418457
2016,C,C,not digital,0.0389282031724508,,0.0090984020921424,169359454769.66858
2016,CAG,CAG,not digital,0.0309317865310659,0.8732095649186743,0.0009301396438881,17313803166.007996
2016,CAH,CAH,not digital,0.0029849898693121,0.9473653361467674,0.0012374811438933,23034718590.69824
2016,CAT,CAT,not digital,0.0287775384695227,0.7948971942600128,0.0029149614618722,54259668770.14923
2016,CB,CB,not digital,,0.992489955315234,0.0033028867314196,61480586407.836914
2016,CBRE,CBRE,not digital,0.0113609598666762,0.9479798252010954,0.0005617523529671,10456569323.997498
2016,CCI,CCI,not digital,0.7568867497939248,0.5675715545755238,0.0016778679764956,31232166131.69861
2016,CCL,CCL,not digital,0.1868326316431753,0.1659422339960392,0.0020305618165211,37797278977.0546
2016,CF,CF,not digital,0.6,0.3621042892075871,0.0003942399363335,7338460093.288422
2016,CFG,CFG,not digital,0.0262607040913415,0.9959804708400214,0.0009798012268644,18238213686.74469
2016,CHD,CHD,not digital,0.0142566774498296,0.8648170689694771,0.0006139244153649,11427710404.86145
2016,CHRW,CHRW,not digital,0.0055880776113775,0.9368307247926788,0.0005577642637311,10382334242.744446
2016,CHTR,CHTR,other digital,0.1836016963762369,0.7788712458156399,0.0047408696207463,88247484115.60059
2016,CI,CI,not digital,0.011571866057533,,0.0018398007645518,34246415053.29895
2016,CINF,CINF,not digital,0.0029849898693121,0.9910232512508584,0.0006704418310156,12479736750.0
2016,CL,CL,not digital,0.0390259953932214,0.6832467211086365,0.0031248130705744,58165888090.026855
2016,CLX,CLX,not digital,0.0386740331491712,0.7991130820399113,0.0008301112271923,15451854447.81494
2016,CMCSA,CMCSA,other digital,0.113615163613298,0.7991523545706372,0.0088762840425033,165224905493.82727
2016,CME,CME,not digital,0.0255340453938584,0.9938704962130276,0.0021029121284195,39144021982.19299
2016,CMG,CMG,not digital,0.0662952209618726,0.3566180988824359,0.0005868323906126,10923414101.600649
2016,CMI,CMI,not digital,0.0303272602661488,0.7468523083072414,0.0012304134045216,22903158293.15185
2016,CMS,CMS,not digital,0.2612908266916706,0.2731939691055406,0.0006240608188054,11616391421.88263
2016,CNC,CNC,not digital,0.0081428457383112,0.9605386938654256,0.0005219210942249,9715142401.439669
2016,CNP,CNP,not digital,0.2475923656102258,0.4362087131797151,0.000570102693719,10612004217.132568
2016,COF,COF,not digital,0.0305478216540527,0.9897068338220836,0.0022604171170248,42075850969.696045
2016,COO,COO,not digital,0.0775879601382957,0.8040235787969454,0.0004584801206479,8534239580.67627
2016,COP,COP,not digital,0.2055037352804626,0.3502316980795794,0.0033375042340545,62124963443.7561
2016,COR,COR,not digital,0.0031638882768874,0.9544947765293266,0.0002279709616341,4243496536.499024
2016,COST,COST,not digital,0.0223131933388926,0.4860838886711094,0.0037755505302724,70278843777.90833
2016,COTY,COTY,not digital,0.0565075879377279,0.9092330433793848,0.0007349083986364,13679730180.99594
2016,CPB,CPB,not digital,0.0428338148473809,0.6928671685593977,0.000988804290979,18405798501.5564
2016,CPRI,CPRI,not digital,0.0367156208277703,0.704612747389746,0.0003501237442389,6517272574.427002
2016,CRM,CRM,other digital,0.0549958516060211,0.8655614859295522,0.0024975975603338,46490774618.27088
2016,CSCO,CSCO,other digital,0.0232704530225191,0.9711800874625982,0.0081302202045914,151337525761.37543
2016,CSX,CSX,not digital,0.2166410696539886,0.1204043598576833,0.0017882716945398,33287242759.78661
2016,CTAS,CTAS,not digital,0.0513427462734679,0.7575660282301104,0.0006519193347467,12134955343.62793
2016,CTSH,CTSH,other digital,0.0222436420256543,0.9080774084981068,0.0018262081940437,33993400259.39941
2016,CVS,CVS,not digital,0.0125277424151955,0.8922847282505134,0.0045208923813869,84152784305.41992
2016,CVX,CVX,not digital,0.164306128929819,0.299494766954529,0.0119703179534193,222817864222.7173
2016,D,D,not digital,0.7568867497939248,0.3022762184052506,0.0025788261803142,48002780204.77295
2016,DAL,DAL,not digital,0.08595690747782,0.529893924783028,0.0019237197143253,35808498970.29495
2016,DD,DD,not digital,0.0789899912787076,0.7046194866119153,0.0026723553711976,49743751049.175446
2016,DE,DE,not digital,0.0241855577240654,0.9108231260369704,0.0017633525184858,32823392291.641235
2016,DG,DG,not digital,0.0254835240995446,0.7988909995083446,0.0010993154144609,20462874395.69092
2016,DGX,DGX,not digital,0.0406154699196007,0.8981188118811881,0.0006788254295355,12635790709.80072
2016,DHI,DHI,not digital,0.0064240709362199,0.9830952772322624,0.0005479831442479,10200266551.525116
2016,DHR,DHR,not digital,0.0349239444628725,0.94802992804993,0.002892527906071,53842086128.65209
2016,DIS,DIS,other digital,,,0.0088677883252297,165066764533.38623
2016,DLR,DLR,not digital,,0.2708715994188271,0.0008523149109101,15865158204.917908
2016,DLTR,DLTR,not digital,0.0272549133171164,0.8034425074837119,0.0009788205864386,18219959852.04315
2016,DOV,DOV,not digital,0.0230966120071008,0.9065173150114508,0.0006253372182017,11640150572.516388
2016,DRI,DRI,not digital,0.0408635742378176,0.5544887181949112,0.000480839982597,8950450470.245361
2016,DTE,DTE,not digital,,0.3842264598483194,0.0009496053271136,17676141240.80372
2016,DUK,DUK,not digital,0.3474035967110759,0.3784319190123605,0.0028730855297077,53480181892.39502
2016,DVA,DVA,not digital,0.085233300710573,0.8305680883624829,0.0006924793233192,12889946987.27417
2016,DVN,DVN,not digital,0.3062770562770562,0.5021447253705318,0.0012831823053411,23885409042.3584
2016,EBAY,EBAY,other digital,0.0673263067326306,0.93642806223005,0.0018008084499596,33520604402.96173
2016,ECL,ECL,not digital,0.057543454127952,0.8164231705055046,0.0018370548220094,34195301536.10229
2016,ED,ED,not digital,0.4335403726708075,0.2702103408973163,0.0012061953764967,22452359132.995605
2016,EFX,EFX,not digital,0.0551686858087697,0.929936974789916,0.0007606743897501,14159343432.029724
2016,EIX,EIX,not digital,0.3158648580335327,0.2790194664744052,0.0012600668705144,23455133769.9126
2016,EL,EL,not digital,0.0426251691474966,0.8283638729263797,0.0015056461039186,28026394157.27234
2016,ELV,ELV,not digital,0.0068816798840484,0.969609622159977,0.0018536895497096,34504943645.23486
2016,EMN,EMN,not digital,0.06949378330373,0.6586659765801902,0.0005929421610272,11037142575.645449
2016,EMR,EMR,not digital,0.0307808841757333,0.8651297625621204,0.001930144301192,35928087500.0
2016,EOG,EOG,not digital,,0.1226013979016015,0.0031326762528987,58312254919.90662
2016,EQIX,EQIX,not digital,0.3082415256524867,0.4290134704951178,0.0013705493175174,25511675874.398804
2016,EQT,EQT,not digital,0.6797211932628434,0.1493386963367359,0.0006069761081378,11298373240.859207
2016,ES,ES,not digital,0.2587817276027149,,0.0009402292793666,17501613634.9411
2016,ESS,ESS,not digital,,0.1516400205346338,0.0008460629382408,15748782750.0
2016,ETN,ETN,not digital,0.0251683800070896,0.8870258564116026,0.0016280342525977,30304551345.825195
2016,ETR,ETR,not digital,,0.9949102738092797,0.000707015936532,13160534378.66211
2016,EW,EW,not digital,0.059418969531329,0.8713968957871396,0.0010904150077064,20297200465.26718
2016,EXC,EXC,not digital,0.7568867497939248,0.3772627584766413,0.0017603150300135,32766851880.88253
2016,EXPD,EXPD,not digital,0.0097270646275186,0.807740307595729,0.0005131921353031,9552659834.861755
2016,EXPE,EXPE,not digital,0.0853658536585365,0.9115892927835544,0.0009130341550954,16995398216.85791
2016,EXR,EXR,not digital,,0.0962103168632539,0.0005453258568796,10150803279.258728
2016,F,F,not digital,0.046060606060606,0.8655318435285733,0.0025894805503706,48201102754.75502
2016,FAST,FAST,not digital,0.0478293791014639,0.6628948255835738,0.0007294820592772,13578723227.69165
2016,FCX,FCX,not digital,0.1931474869541334,0.3777902832489214,0.0010241946475555,19064561593.49441
2016,FDX,FDX,not digital,0.0848157297037417,0.4716160055701821,0.0026659206309645,49623973522.701416
2016,FE,FE,not digital,0.2649532710280374,0.3189255585426902,0.0007361877003628,13703543356.174467
2016,FFIV,FFIV,other digital,0.0318230165500938,0.9465608243077834,0.0005078441016656,9453110479.736328
2016,FIS,FIS,not digital,0.016419431547956,0.9759517498367332,0.0013337838931947,24827316999.664307
2016,FISV,FISV,not digital,0.0526793823796548,0.9584316945499332,0.0012393130307678,23068817695.03784
2016,FITB,FITB,not digital,0.3333333333333333,0.9854659346846848,0.0010929007456192,20343470482.063293
2016,FLR,FLR,not digital,0.012392177668981,0.8896292344411065,0.0003928941877803,7313410063.743591
2016,FLS,FLS,not digital,0.0224782088000787,0.8460783920229742,0.0003367439532459,6268218500.473022
2016,FMC,FMC,not digital,0.0359210681791326,0.9123515710260128,0.0004066752830748,7569934095.277634
2016,FRT,FRT,not digital,,0.0962103168632539,0.0005563218403839,10355484689.476011
2016,FSLR,FSLR,other digital,0.0789970814886783,0.9078094850688004,0.0001793686802991,3338804065.876007
2016,FTI,FTI,not digital,0.0340123483629723,0.859732431086818,0.0004308105202506,8019192170.206055
2016,FTV,FTV,not digital,0.0204715332267301,0.9331363403257712,0.0009961203774696,18541981581.45926
2016,GD,GD,not digital,0.0128268054055822,0.8951826841914868,0.0028246409179897,52578424315.18555
2016,GE,GE,not digital,0.0653438745223334,0.8593291416287501,0.0150178877405124,279545930567.50366
2016,GILD,GILD,not digital,0.0246133596577821,0.9497165522930304,0.0050683522985252,94343311404.11375
2016,GIS,GIS,not digital,0.043816182025378,0.8275816012122161,0.0019247286627407,35827279735.507965
2016,GL,GL,not digital,0.0063950120837314,,0.0004290984368458,7987323111.328125
2016,GLW,GLW,other digital,,0.5503064625972257,0.0012100893220347,22524841804.84772
2016,GM,GM,not digital,0.0561990561990562,0.8529342775948396,0.0028076092686866,52261393828.88794
2016,GOOG,GOOGL,operates compute,0.113124778447359,0.7956142498074592,0.0290312608116292,540393626544.5709
2016,GPC,GPC,not digital,0.0104723602064784,0.9178133959410344,0.0007634136796795,14210333116.17279
2016,GPN,GPN,not digital,,0.950642092579482,0.0005731167970826,10668109332.855225
2016,GRMN,GRMN,not digital,0.0298641045348721,0.8932897662897422,0.0005147820435761,9582254701.68686
2016,GS,GS,not digital,,,0.005387374769008,100281658721.92384
2016,GT,GT,not digital,0.0657078770286317,0.5736175882744836,0.000432933317034,8058706329.084396
2016,GWW,GWW,not digital,0.0280161783565157,0.7504582016157358,0.0007337033235412,13657298675.0
2016,HAL,HAL,not digital,0.0502297475923711,0.6839999999999999,0.0025119647760891,46758208811.90491
2016,HAS,HAS,not digital,0.0308576678615297,0.9474801065175829,0.000521497559064,9707258634.246826
2016,HBAN,HBAN,not digital,,0.9918165954630244,0.0007704222424982,14340791889.667513
2016,HCA,HCA,not digital,0.0665220535068691,0.515611114402512,0.0014734491383194,27427073476.135254
2016,HD,HD,not digital,0.0171362122733759,0.4713029804874562,0.0087745331908289,163330895030.51758
2016,HIG,HIG,not digital,0.0137499232705174,0.995587239954403,0.0009669514648189,17999025676.376343
2016,HOG,HOG,not digital,0.0427357283249545,0.9007513467822824,0.0005471534364526,10184822206.638336
2016,HON,HON,not digital,0.0278611775482163,0.8938349888208774,0.0047432708519436,88292181107.6914
2016,HP,HP,not digital,0.1583326766127006,0.2469674045110237,0.000451629660725,8406723765.731812
2016,HPE,HPE,other digital,0.1083223249669749,0.9199412274422636,0.002069649189451,38524859062.078606
2016,HPQ,HPQ,other digital,0.0089763257183133,0.9401110842791596,0.0013479590117468,25091175457.99256
2016,HRB,HRB,not digital,0.0293958398242079,0.8968943444933224,0.0002558058034071,4761619782.594681
2016,HRL,HRL,not digital,0.0268316696110476,0.8264619508711604,0.0009891085616708,18411462256.35147
2016,HSIC,HSIC,not digital,0.0060647263644273,0.9509809721800362,0.000656020198306,12211289628.422928
2016,HST,HST,not digital,0.0539594843462246,0.110711781206171,0.0007570443822044,14091773754.131315
2016,HSY,HSY,not digital,0.0362190113385682,0.6058803841115299,0.0011792584019426,21950948964.767456
2016,HUM,HUM,not digital,0.543859649122807,0.9407386990077178,0.0016342942861703,30421076847.991943
2016,IBM,IBM,other digital,0.0446326905992317,0.9078062484038478,0.0084791327846726,157832253486.79224
2016,ICE,ICE,not digital,0.041869033662703,0.98623221101667,0.001805505640137,33608038829.284668
2016,IFF,IFF,not digital,0.0405641214882795,0.8068909410642412,0.0005027617455992,9358506499.42932
2016,ILMN,ILMN,not digital,0.1084236864053377,0.90707863340564,0.0010063421609519,18732251879.452515
2016,INTC,INTC,fabricates compute,0.1620725074511256,0.6808262814686703,0.009234001673076,171883532169.34204
2016,INTU,INTU,other digital,0.0886237750319556,0.7574117647058823,0.0015803439295314,29416834246.658325
2016,IP,IP,not digital,0.0636573480379584,0.6070770253527936,0.0011722874479716,21821190249.797974
2016,IRM,IRM,not digital,0.0935803497868261,0.6749877724838723,0.0004601732271254,8565755399.276733
2016,ISRG,ISRG,not digital,0.0199150193977461,0.929334504925311,0.0013200775768915,24572184919.052124
2016,ITW,ITW,not digital,0.0200750055151114,0.8913229392803105,0.0023092089600264,42984071978.645325
2016,IVZ,IVZ,not digital,0.0311971949983102,0.9819423881745376,0.0006681379311497,12436851502.548218
2016,J,J,not digital,0.0061735708454375,0.9565662983072604,0.0004080322500001,7595192945.819814
2016,JBHT,JBHT,not digital,0.0973890615439742,0.2865133429872527,0.0005804373910613,10804376316.03241
2016,JCI,JCI,not digital,0.0599414503047463,0.9108564554677978,0.0020772028080116,38665463610.87799
2016,JEF,JEF,not digital,,0.9842640019292096,0.0004035332285226,7511447270.840465
2016,JNJ,JNJ,not digital,0.0448741132285436,0.8807819445173186,0.0168383437651809,313432258809.2804
2016,JPM,JPM,not digital,,0.9943271140743452,0.0165855927992678,308727502375.5646
2016,KDP,KDP,not digital,0.0279503105590062,0.8837708099274845,0.006766372906823,125950602607.1836
2016,KEY,KEY,not digital,0.0288614649681528,0.992832696972584,0.0010607264720421,19744572194.709778
2016,KHC,KHC,not digital,0.0474144486692015,0.9444887118193892,0.005710265791344,106292016028.51868
2016,KIM,KIM,not digital,,0.1634681139030862,0.0005744891238829,10693654095.14618
2016,KLAC,KLAC,compute equipment,0.0110901852693696,0.9439762600273416,0.0006624748487678,12331437767.829897
2016,KMB,KMB,not digital,0.0421610980477935,0.5090398575537598,0.0021957782102541,40872649583.70209
2016,KMI,KMI,not digital,0.2207076121917598,0.5180250295747463,0.0024837048819047,46232173556.21338
2016,KMX,KMX,not digital,0.0263396136087331,0.850504059119036,0.0006472693240668,12048399125.793455
2016,KO,KO,not digital,0.0540333946444354,0.8781368167755242,0.0095629610844694,178006847669.21997
2016,KR,KR,not digital,0.0320712347295317,0.4212172168628492,0.0017392472562079,32374692175.388336
2016,KSS,KSS,not digital,0.039022407397998,0.3893870351315596,0.0004681500162447,8714236928.4935
2016,L,L,not digital,0.4075323215289488,0.8011593597409719,0.0008468255747297,15762978616.333008
2016,LEG,LEG,not digital,0.0330675484679591,0.8104956268221575,0.0003505646747762,6525480142.593384
2016,LEN,LEN,not digital,0.006980731231117,0.9886983156445206,0.0005194327097066,9668823120.2082
2016,LH,LH,not digital,0.0291953228862439,0.8793710956692637,0.0007103792807777,13223140333.190916
2016,LHX,LHX,not digital,0.0201797524164829,0.92305770671996,0.001216949042647,22652530000.094727
2016,LKQ,LKQ,not digital,0.0241231654452319,0.9022574311419008,0.0005063453291921,9425212032.693865
2016,LLY,LLY,not digital,,0.7873364617236038,0.0041523265570452,77292227207.03125
2016,LMT,LMT,not digital,0.0224783252273207,0.8839267037610342,0.0039339553239724,73227421915.2832
2016,LNC,LNC,not digital,,,0.0008018000582677,14924864753.974916
2016,LNT,LNT,not digital,0.3604819277108433,0.2313927230854356,0.0004630860285746,8619974861.14502
2016,LOW,LOW,not digital,0.0179491517603088,0.3738565854282607,0.0033234589112489,61863521029.10614
2016,LRCX,LRCX,compute equipment,0.0196439312071198,0.9478480453249936,0.0009248862699621,17216015825.46234
2016,LUMN,LUMN,not digital,0.1706353749284487,0.6375991662590127,0.0014016049616863,26089751772.85937
2016,LUV,LUV,not digital,0.100448518901868,0.2680580606372927,0.0016473613251352,30664309293.880463
2016,LYB,LYB,not digital,0.0788289871371336,0.5675710263629383,0.0018779970479967,34957408222.53418
2016,M,M,not digital,0.0230044773815037,0.6298600311041991,0.0005880480765427,10946043119.773865
2016,MA,MA,not digital,0.0199517446176688,0.9607496653279786,0.0059961354309502,111613250000.0
2016,MAA,MAA,not digital,,,0.0006190399310318,11522931624.526978
2016,MAC,MAC,not digital,,0.2611768774675773,0.0005879307142172,10943858514.251707
2016,MAR,MAR,not digital,0.0129162069189329,0.9032725766362883,0.001703690065344,31712823597.053528
2016,MAS,MAS,not digital,0.0244531992935742,0.7947327652982185,0.0005576962174342,10381067615.5262
2016,MAT,MAT,not digital,0.0256959738866526,0.8808146670498017,0.0005062447315897,9423339489.040377
2016,MCD,MCD,not digital,0.0739626105215275,0.3147992354281699,0.0054303519623948,101081644693.7256
2016,MCHP,MCHP,fabricates compute,0.0029931333998474,0.889958671932939,0.0007444684748775,13857683329.62036
2016,MCK,MCK,not digital,0.0029849898693121,0.9596978221255064,0.001705897781399,31753918460.03723
2016,MCO,MCO,not digital,0.0319627101714666,0.9388245452668332,0.0009683158900961,18024423358.154297
2016,MDLZ,MDLZ,not digital,0.0472167573197546,0.8662777470831031,0.003635645510852,67674624095.3064
2016,MDT,MDT,not digital,0.0422080107707842,0.9514170446790574,0.0052541805986028,97802356109.23769
2016,MET,MET,not digital,,,0.0031821224250228,59232655740.46509
2016,META,META,operates compute,0.1624936681380707,0.8677514200828189,0.01642971302642,305825925475.3828
2016,MHK,MHK,not digital,0.0750215953924769,0.6705619105670872,0.0007955930653368,14809326560.79712
2016,MKC,MKC,not digital,0.0348634251388416,0.8556051683599732,0.0006318886458051,11762100140.76233
2016,MLM,MLM,not digital,0.1014120069164011,0.5310999115863033,0.0007553195404346,14059667208.526611
2016,MMM,MMM,not digital,0.0471619781460692,0.7412022123624871,0.0057245206193456,106557358214.2948
2016,MNST,MNST,not digital,0.0327340555972942,0.9582655085349095,0.0027201851053712,50634063174.24774
2016,MO,MO,not digital,0.007341516469857,0.9573717669598536,0.007059338536341,131403922737.35046
2016,MOS,MOS,not digital,0.1177053666164069,0.4537934883941878,0.0005530727754809,10295005953.220367
2016,MPC,MPC,not digital,0.0457038102312056,0.4198770630220881,0.0014276997029747,26575484444.618225
2016,MRK,MRK,not digital,0.0405456326776697,0.873910900950963,0.0087198403518338,162312831715.85876
2016,MS,MS,not digital,,,0.004250875945434,79126645000.0
2016,MSFT,MSFT,operates compute,0.0841764090669041,0.905121260363471,0.0259565442221221,483160244254.303
2016,MSI,MSI,other digital,0.0448824113945014,0.9067706487061326,0.0007390285932956,13756424298.706057
2016,MTB,MTB,not digital,0.0203931997742397,0.9945300336723104,0.0012956306414397,24117124830.810547
2016,MTD,MTD,not digital,0.0494195770210149,0.7398407865691763,0.0005900342602544,10983014335.9375
2016,MU,MU,fabricates compute,0.4691507379627389,0.4667392883079158,0.0012942130596847,24090737683.84933
2016,MUR,MUR,not digital,0.4975857417315344,0.1922784497846706,0.0002879837185882,5360585855.484009
2016,NAVI,NAVI,not digital,,0.9967077573999346,0.0002568618884768,4781277958.808899
2016,NDAQ,NDAQ,not digital,0.0361771058315334,0.9730072328685409,0.0005956971875336,11088425183.54416
2016,NEE,NEE,not digital,,0.2604284103720405,0.0029987902162489,55820073772.20154
2016,NEM,NEM,not digital,0.1696107784431137,0.4074794741587965,0.0009721762219317,18096280337.905884
2016,NFLX,NFLX,other digital,0.0121908090995144,0.9815704579729602,0.0028542068539769,53128770491.1232
2016,NI,NI,not digital,0.3358451906659078,0.3008736404538864,0.000384711411166,7161094242.5842285
2016,NKE,NKE,not digital,0.0321688500727802,0.8353524486645774,0.0045478086983676,84653809949.49341
2016,NOC,NOC,not digital,0.0372379179146765,0.8599203560552823,0.0022023520471391,40995016282.74536
2016,NOV,NOV,not digital,0.039167011446697,0.8509933774834437,0.000759661453761,14140488441.329956
2016,NRG,NRG,not digital,0.0610207515423443,0.4990874128153314,0.0002077604711507,3867294472.1984863
2016,NSC,NSC,not digital,0.1908373786407767,0.1473403645534793,0.0016949520176841,31550171850.90637
2016,NTAP,NTAP,other digital,0.0318703332726279,0.90664541197569,0.0005217873428041,9712652726.05896
2016,NTRS,NTRS,not digital,0.0224313757104276,0.9962348771735596,0.0010832420300244,20163681241.012573
2016,NUE,NUE,not digital,0.0373170932449792,0.6663944562616867,0.0010183746681083,18956227345.790863
2016,NVDA,NVDA,designs compute,,0.9367706919945726,0.003090805199076,57532858848.57178
2016,NWL,NWL,not digital,0.0480770278071255,0.9543878832656076,0.0011588152308248,21570415737.1521
2016,NWS,NWS,other digital,0.0314534955154195,0.8446683459277917,0.0003685961674445,6861121910.902977
2016,O,O,not digital,,0.0969868099519869,0.0007997954056536,14887549754.01233
2016,OKE,OKE,not digital,0.0700189016082845,0.2210423842588562,0.0006497957124163,12095425817.85202
2016,OMC,OMC,other digital,0.0107349726598732,0.9708703497457416,0.0010785225578918,20075832053.970337
2016,ORCL,ORCL,operates compute,0.0534769263336155,0.9643430201461936,0.0084993966531301,158209449139.2517
2016,ORLY,ORLY,not digital,0.0554333385778536,0.5664423851178807,0.0013887716597992,25850870155.1342
2016,OXY,OXY,not digital,0.2692765113974232,0.2498782156858197,0.0029242793512873,54433113805.32837
2016,PAYX,PAYX,not digital,0.0303958225889633,0.945193143708856,0.0011736397476501,21846362223.285675
2016,PBI,PBI,not digital,0.0534098452264313,0.9461031640019169,0.0001521097382888,2831400731.783867
2016,PCAR,PCAR,not digital,0.0220274403668108,0.8904980401087267,0.0012039051926003,22409729197.3114
2016,PCG,PCG,not digital,0.3231631382316314,0.262646141286918,0.001650867081271,30729566131.47736
2016,PEG,PEG,not digital,0.5137019818938097,,0.0011925691048991,22198717020.355225
2016,PEP,PEP,not digital,0.048408414146722,0.7742413933868554,0.0080614943682663,150058249460.90698
2016,PFE,PFE,not digital,0.0345108284113281,0.9223960609503832,0.010588709461672,197100330693.4449
2016,PFG,PFG,not digital,,0.9967077573999346,0.0008942218813673,16645222835.586548
2016,PG,PG,not digital,0.0520151249654154,0.8475254845205135,0.0120873995445295,224997244099.88403
2016,PGR,PGR,not digital,0.0091718071446244,0.9647864781990876,0.001105954196679,20586450000.0
2016,PH,PH,not digital,0.0169376270230583,0.8696957373446317,0.0010033051308021,18675720000.0
2016,PHM,PHM,not digital,0.0051188492717412,0.9923911890118096,0.0003392966719858,6315735311.62262
2016,PLD,PLD,not digital,,0.2277351896195998,0.0015193909259164,28282242990.49377
2016,PM,PM,not digital,0.0439198051339704,0.8354454424574638,0.0076249866320098,141933008185.95886
2016,PNC,PNC,not digital,,0.98492821660571,0.0030568748956526,56901273474.59412
2016,PNR,PNR,not digital,0.0155721786664748,0.95330651593439,0.0005474402651401,10190161292.516785
2016,PNW,PNW,not digital,0.3645578535002609,0.2894521225076859,0.0004667329868936,8687860064.086914
2016,PPG,PPG,not digital,0.0266292922214435,0.8346331874960371,0.0013439293621492,25016166763.954163
2016,PPL,PPL,not digital,0.3884528402288147,0.2150854756622732,0.0012432068938202,23141298831.48575
2016,PRGO,PRGO,not digital,0.0201113509828428,0.9372679360639072,0.0006410707961089,11933018501.296995
2016,PRU,PRU,not digital,,,0.0024038532205758,44745798950.19531
2016,PSA,PSA,not digital,,0.1192222806386124,0.0020806747755046,38730091500.0
2016,PSX,PSX,not digital,,0.5962480398040773,0.0024178667957098,45006650407.40967
2016,PVH,PVH,not digital,0.0300618059026465,0.930240401731342,0.0003842731626811,7152936598.670197
2016,PWR,PWR,not digital,0.0277801775092634,0.7807095513889556,0.0002830919156775,5269528869.277954
2016,PYPL,PYPL,not digital,0.0617044825677919,0.9552306437483008,0.0025586102548658,47626476972.96143
2016,QCOM,QCOM,designs compute,0.0228835866519487,0.9559579059951488,0.0051731063215713,96293223492.8894
2016,QRVO,QRVO,fabricates compute,0.1822550744021415,0.8413041194551495,0.000361825823012,6735097381.530762
2016,R,R,not digital,0.2819056077280458,0.931648145064617,0.0002138253769023,3980187826.538086
2016,RCL,RCL,not digital,0.2935787752955633,0.0963185025909978,0.0009457462424659,17604307476.45569
2016,REGN,REGN,not digital,0.1053205497489918,0.7012359420695533,0.002116335961647,39393895867.0044
2016,RF,RF,not digital,,0.983360853550108,0.0009373167685445,17447399582.862854
2016,RHI,RHI,not digital,0.0157999420615461,0.9091610605572308,0.0003348944329424,6233791164.001465
2016,RL,RL,not digital,0.0426887926887926,0.7451835637604416,0.0003988332401799,7423960758.91571
2016,ROK,ROK,not digital,0.0198826430818947,0.9185630597645468,0.0009293963428918,17299967214.35547
2016,ROP,ROP,other digital,0.0098419483363677,0.9901348002429337,0.0009976544389866,18570536905.7312
2016,ROST,ROST,not digital,0.0231511327990417,0.5188234257573084,0.0013889543828772,25854271398.620605
2016,RRC,RRC,not digital,0.0029849898693121,0.9967077573999346,0.0004509632975081,8394319949.111938
2016,RSG,RSG,not digital,0.0988314496628567,0.6321499205025789,0.0010419314393038,19394717740.631104
2016,RVTY,RVTY,not digital,0.0149854621825303,0.9669816947671732,0.0003457401367533,6435675238.304138
2016,SBUX,SBUX,not digital,0.0675692792704037,0.6832279475982532,0.004340977259414,80803808666.22925
2016,SCHW,SCHW,not digital,0.0462690558972987,0.9941848753038504,0.0028109831820064,52324196518.24951
2016,SHW,SHW,not digital,0.0201614392925808,0.8377068357136542,0.0013471103038012,25075377440.55176
2016,SJM,SJM,not digital,0.0260270822342166,0.8981675540067943,0.0008021724063801,14931795715.332031
2016,SLB,SLB,not digital,0.0738942826321467,0.835535430242701,0.0062734074280711,116774445755.00488
2016,SLG,SLG,not digital,0.7568867497939248,0.3392118332778716,0.0006106376367461,11366529658.04648
2016,SNA,SNA,not digital,,0.9099762872628726,0.0005338913508943,9937959124.909971
2016,SO,SO,not digital,0.3674105347808605,0.2848847279323956,0.0026189577582952,48749797328.998566
2016,SPG,SPG,not digital,0.1469054937703637,0.2167995913524804,0.0034529884367677,64274609217.59033
2016,SPGI,SPGI,not digital,0.0203144320791379,0.9687391856038758,0.0014969011618422,27863614077.09427
2016,SRE,SRE,not digital,0.4138269665128155,0.3108651069350856,0.0013519700097399,25165836967.37671
2016,STT,STT,not digital,0.0600568237484079,0.9915038442838424,0.0016105622840921,29979324670.86792
2016,STX,STX,other digital,0.0402933803732244,0.7370023134055765,0.0006039445044538,11241942370.71228
2016,STZ,STZ,not digital,0.1239431233011432,0.8035131152372532,0.0016558934697018,30823128319.152832
2016,SWK,SWK,not digital,0.0299305645404752,0.9073011817310764,0.0009284591315869,17282521777.893066
2016,SWKS,SWKS,fabricates compute,0.0575554879902706,0.7908647611142813,0.0007452845503884,13872873920.471191
2016,SYF,SYF,not digital,,,0.0015927142788715,29647098374.176025
2016,SYK,SYK,not digital,0.0432671081677704,0.9232199657450452,0.0024101545534547,44863093205.81055
2016,SYY,SYY,not digital,0.0123959523389973,0.7679411862500003,0.0016269070237794,30283568885.814667
2016,T,T,other digital,0.1313665392646502,0.6907070211801764,0.0140310495443835,261176729344.07043
2016,TAP,TAP,not digital,0.0699692937563971,0.8463814051769678,0.0010434914819446,19423756682.678223
2016,TDC,TDC,not digital,0.0228251507321274,0.9428097803564028,0.0001896070449979,3529383009.9105835
2016,TDG,TDG,not digital,0.0138682750359382,0.9710449394510324,0.0007135114822349,13281443750.169373
2016,TEL,TEL,other digital,0.0531183932346723,0.8404702407996365,0.0013225476101459,24618162606.23169
2016,TFC,TFC,not digital,,0.990391105273719,0.0033882636325025,63069808918.65674
2016,TGT,TGT,not digital,0.0220147713850663,0.3736774129452088,0.002179585309871,40571231735.572815
2016,TJX,TJX,not digital,0.0308809940192402,0.6399112444084996,0.002631180848158,48977320339.50043
2016,TMO,TMO,not digital,0.0242968151472036,0.9438442101594492,0.0029943826203515,55738029911.04126
2016,TPR,TPR,not digital,0.0630751063877191,0.812066956894966,0.0005350116670007,9958812910.336548
2016,TRIP,TRIP,not digital,0.0486486486486486,0.8838248436103664,0.0003629571010423,6756155214.374542
2016,TROW,TROW,not digital,0.0346107169529499,0.9011887550200804,0.000984224121413,18320542320.022583
2016,TRV,TRV,not digital,,,0.0018681708945315,34774502259.87244
2016,TSCO,TSCO,not digital,0.0333379108053759,0.6402508914211972,0.0005324074696158,9910337865.514755
2016,TSN,TSN,not digital,0.0188443914210569,0.7689178921020874,0.0011853442094847,22064231389.167786
2016,TXN,TXN,fabricates compute,0.0397157816005983,0.8471182520844744,0.0039187148123761,72943732020.26367
2016,TXT,TXT,not digital,0.0323469683782999,0.8319442635759865,0.0007045899470468,13115376530.906675
2016,UA,UAA,not digital,0.0654740057492358,0.7793254783937025,0.0005253299421065,9778595369.64035
2016,UAA,UAA,not digital,0.0654740057492358,0.7793254783937025,0.0006409191422653,11930195586.677551
2016,UAL,UAL,not digital,0.0881612779692543,0.4190832087693074,0.0012422669648866,23123802808.547974
2016,UDR,UDR,not digital,0.3893859649122807,0.1285819648564297,0.0005380576217647,10015510914.3219
2016,UHS,UHS,not digital,0.0532385643970383,0.5802443194781214,0.0005479603251676,10199841792.65442
2016,ULTA,ULTA,not digital,0.0769242494495582,0.6200667169299813,0.0008523402667716,15865630183.935549
2016,UNH,UNH,not digital,0.0092241938974248,0.9519501669245176,0.0081834645349311,152328626249.6338
2016,UNM,UNM,not digital,0.0076947449418367,0.9919181808642024,0.0005478093585844,10197031670.837402
2016,UNP,UNP,not digital,0.1757685171255202,0.0962103168632539,0.0045902615699446,85444036091.49933
2016,UPS,UPS,not digital,0.048125304333712,0.5363176717227771,0.0053744550579801,100041168667.37366
2016,URI,URI,not digital,0.0161402290871225,0.9641307974641308,0.0004777225983755,8892422864.219666
2016,USB,USB,not digital,,0.9945219793525936,0.0046906432102915,87312559784.5459
2016,V,V,not digital,0.0346770985280466,0.9664246115405638,0.0088039605843099,163878662348.8617
2016,VFC,VFC,not digital,,0.903519631365212,0.0011857337235822,22071481881.563644
2016,VLO,VLO,not digital,0.0168915793230151,0.4266779286596063,0.0016614238903347,30926072661.857605
2016,VMC,VMC,not digital,0.0974618577229673,0.6150094287004328,0.0008898773893197,16564353601.959229
2016,VNO,VNO,not digital,,0.4424025312316733,0.0011285229524881,21006549281.166004
2016,VRSK,VRSK,not digital,0.0784382518043304,0.91788305406806,0.000730195178153,13591997363.388062
2016,VRSN,VRSN,other digital,0.0232662999368743,0.8860069426001854,0.0004273589601375,7954944148.086548
2016,VRTX,VRTX,not digital,0.0332297992511942,0.7589184154720385,0.0009816480413097,18272590655.838013
2016,VTR,VTR,not digital,0.0341092637131402,0.1196483730888434,0.0011977084649039,22294382083.23669
2016,VZ,VZ,other digital,0.1354103826004127,0.6529158817265952,0.0116905664127645,217610513754.3106
2016,WAT,WAT,not digital,,0.9276890318204896,0.0005782000825448,10762730613.119509
2016,WBD,WBD,other digital,0.0135447129444358,0.9692445125063808,0.0035758966579194,66562447137.93555
2016,WDC,WDC,other digital,0.0302728748756088,0.8934027143813523,0.0010515820313387,19574355768.132706
2016,WEC,WEC,not digital,0.1905303587918044,0.3388650608169119,0.0009944526155567,18510937531.593323
2016,WELL,WELL,not digital,,0.1010774779748502,0.0013376796911906,24899834153.533936
2016,WFC,WFC,not digital,,0.9956826406716698,0.0148692391360789,276778956065.36865
2016,WHR,WHR,not digital,0.031856356791196,0.8010755495222681,0.000733441112932,13652417834.89685
2016,WM,WM,not digital,0.0989786170916305,0.4750467424133467,0.0016837918534784,31342434348.66333
2016,WMB,WMB,not digital,0.2735031337511668,0.3930180420625601,0.0012560876472564,23381063721.725464
2016,WMT,WMT,not digital,0.0220623830033013,0.4479885359828841,0.0114116603533476,212418901240.76843
2016,WTW,WTW,not digital,0.0276404209458602,0.972267213168942,0.0004196096018877,7810696062.026978
2016,WU,WU,not digital,0.0126869387228235,0.97659136269056,0.0005657536504987,10531050267.076492
2016,WY,WY,not digital,0.0708562450903377,0.9188276256300992,0.0012092450046483,22509125514.144897
2016,WYNN,WYNN,not digital,0.2820985425688314,0.3090231635654559,0.000472839484495,8801527617.340088
2016,XEL,XEL,not digital,0.2876564328801657,0.2019924675009111,0.0011106408068254,20673687487.537384
2016,XOM,XOM,not digital,0.0805620352094423,0.2606307937296027,0.0201072458483768,374280248258.2855
2016,XRAY,XRAY,not digital,0.0333751635383013,0.9307880025614844,0.0007160503262427,13328702294.311523
2016,XRX,XRX,not digital,,,0.0004757363597181,8855450625.286589
2016,XYL,XYL,not digital,0.0328825245293025,0.9048501699104108,0.0004772507874348,8883640482.120514
2016,YUM,YUM,not digital,,0.6125068769484687,0.0012486431646962,23242490652.008057
2016,ZBH,ZBH,not digital,0.0240858588493036,0.9236295363583216,0.0011104942902294,20670960198.661804
2016,ZION,ZION,not digital,,0.9838707126931164,0.0004710395298864,8768022906.5094
2016,ZTS,ZTS,not digital,0.044189852700491,0.8194535233363839,0.0014201374566643,26434719297.180176
2017,A,A,not digital,0.0393559928443649,0.9101590315689532,0.0009649528814036,21596284547.88867
2017,AAL,AAL,not digital,0.1400919712824363,0.3529222316946102,0.0011321862128283,25339077259.2666
2017,AAP,AAP,not digital,0.0202434790475223,0.8356415317023058,0.0003295285139782,7375066380.615234
2017,AAPL,AAPL,other digital,0.0543156774300496,0.9099885697233552,0.039056568287137,874111864370.1562
2017,ABBV,ABBV,not digital,0.0187482279557697,0.960401774362162,0.0065424669977846,146424744308.55664
2017,ABT,ABT,not digital,0.0414384811975173,0.9002360655737704,0.0044304185041989,99155700269.7754
2017,ACN,ACN,other digital,0.0142610295907262,0.9497310035438692,0.0042271971612868,94607472027.42772
2017,ADBE,ADBE,other digital,0.0243952445420498,0.9355390327002284,0.003859730975638,86383335429.73682
2017,ADI,ADI,fabricates compute,0.0389028266106328,0.9476236412019056,0.0014754236645218,33020958745.004883
2017,ADM,ADM,not digital,0.0172453475373183,0.7463153416910642,0.0010015226586904,22414740382.737305
2017,ADP,ADP,not digital,,0.9799444028708896,0.0023268439350715,52076308272.41992
2017,ADSK,ADSK,other digital,,0.9669452491611262,0.0010226383992021,22887324639.770508
2017,AEE,AEE,not digital,0.3453190800129576,0.1726344189631913,0.0006422128931552,14373149868.965149
2017,AEP,AEP,not digital,0.0024937286383131,0.2235099823726886,0.0016169306462061,36187978711.32861
2017,AES,AES,not digital,0.2067426400759734,0.3870500120802126,0.0003201883321771,7166026926.157593
2017,AFL,AFL,not digital,,0.9968371265951012,0.0015314176009535,34274140125.61035
2017,AIG,AIG,not digital,0.0097536348949919,0.9949388020493636,0.0023550415902457,52707390469.76074
2017,AIV,AIV,not digital,,,0.0003220578188222,7207867275.3854065
2017,AIZ,AIZ,not digital,0.009680436477007,0.9890839430958138,0.0002369687812963,5303518263.397217
2017,AJG,AJG,not digital,,0.9723535684822632,0.0005153661035876,11534234711.25879
2017,AKAM,AKAM,other digital,0.1021062379596912,0.8144653506322764,0.000495864475364,11097775356.21643
2017,ALB,ALB,not digital,0.1034197532793225,0.6783146246593242,0.0006329339064998,14165480002.39563
2017,ALGN,ALGN,not digital,0.1328174788738799,0.8044892150207763,0.0007957065614316,17808439819.677734
2017,ALK,ALK,not digital,0.1299721307322016,0.4152242694956263,0.000405268553853,9070178633.583069
2017,ALL,ALL,not digital,0.0075874844570761,0.990464499830994,0.0016444737685533,36804412030.52222
2017,ALLE,ALLE,not digital,0.0204717216178058,0.900786782061369,0.0003383702456744,7572950191.61377
2017,AMAT,AMAT,compute equipment,0.0234725813035787,0.9451053092332252,0.0022452619120648,50250448567.97339
2017,AMD,AMD,designs compute,0.0215115172282505,0.9265202702702704,0.0004477831700202,10021683899.681091
2017,AME,AME,not digital,0.0174583795524362,0.9367249935351992,0.0007490774002922,16764848312.151367
2017,AMG,AMG,not digital,0.0080260303687635,0.9872444582342194,0.0004900166644448,10966897475.0
2017,AMGN,AMGN,not digital,0.0290603527506674,0.937601620932036,0.0051925251490292,116212151703.60352
2017,AMP,AMP,not digital,0.0133004926108374,0.99575535665853,0.0011353927528607,25410841748.7959
2017,AMT,AMT,not digital,0.1205900448686204,0.6657764878380698,0.002815449812126,63011631391.29639
2017,AMZN,AMZN,operates compute,0.0672135202905558,0.6278577412230599,0.0251015803289423,561789991856.3843
2017,AON,AON,not digital,0.0183036607321464,0.9783808647654094,0.001466113004164,32812580000.0
2017,AOS,AOS,not digital,0.0314345780358394,0.8345843497841996,0.000468600143429,10487581551.086426
2017,APA,APA,not digital,,,0.0007195825945323,16104735025.634766
2017,APD,APD,not digital,0.1269847085837119,0.542962658118177,0.0016042193930789,35903492448.02588
2017,APH,APH,other digital,0.0323192560580776,0.9183518427813152,0.0011847588644158,26515688019.233887
2017,APTV,APTV,not digital,0.05417572182552,0.7695784370120798,0.0010035607437512,22460354076.166504
2017,ARE,ARE,not digital,,0.9970182367087904,0.0005463033839089,12226631533.770996
2017,AVGO,AVGO,designs compute,0.0606146518484917,0.952240067624683,0.0047118406623496,105454114547.43712
2017,AVY,AVY,not digital,0.0288034110496235,0.786271876034184,0.0004512550628998,10099387161.66687
2017,AWK,AWK,not digital,,0.1661020429114054,0.0007382713994204,16523002856.118896
2017,AXP,AXP,not digital,0.0428571428571428,0.9760828729281767,0.0038207659444727,85511272226.77734
2017,AYI,AYI,not digital,0.019200593421015,0.900779417850738,0.0003113377752211,6967945600.0
2017,AZO,AZO,not digital,0.0508631168748156,0.5646745857164441,0.0008474524381183,18966546809.814453
2017,BA,BA,not digital,0.0184990160097867,0.8872216585678432,0.007483020968226,167474965070.37695
2017,BAC,BAC,not digital,,0.9959464921178626,0.0135689053669109,303681088428.83203
2017,BALL,BALL,not digital,0.050623691159064,0.7314928068029588,0.0005308990134496,11881871520.996094
2017,BAX,BAX,not digital,0.0582010582010582,0.7318683887557711,0.0015465947935519,34613815747.40527
2017,BBT,BBT,not digital,0.2503892868265338,0.9905492737679688,0.0012901543270975,28874508274.60205
2017,BBY,BBY,not digital,0.0163222699342838,0.8345121247113164,0.000915307890255,20485196767.45605
2017,BDX,BDX,not digital,0.0601174233027371,0.8770869772618859,0.0025591177770023,57274750683.48637
2017,BEN,BEN,not digital,0.0117174055880604,0.9705030226987568,0.0010050017142614,22492603950.50049
2017,BF-B,BF-B,not digital,0.0391009852216748,0.8458378378378378,0.0014453165384849,32347141325.16861
2017,BHF,BHF,not digital,,,0.0003138457191866,7024075046.890259
2017,BIIB,BIIB,not digital,0.0706702840987787,0.8654524238350119,0.0030095576693609,67355893788.57422
2017,BKNG,BKNG,other digital,0.0227111426543648,0.9811402302463558,0.0037493541548957,83913029081.95496
2017,BLK,BLK,not digital,0.0113970588235294,0.9970182367087904,0.0036680289148984,82092916351.31836
2017,BMY,BMY,not digital,0.0507797458606083,0.8509433399898662,0.004470131277911,100044498446.14452
2017,BRK-B,BRK-B,not digital,0.0487969558168322,,0.0218550136475027,489129679412.8594
2017,BSX,BSX,not digital,0.0352564102564102,0.9108812099569372,0.0015283503202985,34205492353.17383
2017,BWA,BWA,not digital,0.0571486886416981,0.7074172456068655,0.0004806381152534,10756999332.93762
2017,BXP,BXP,not digital,,0.1479037032024135,0.0009950719370893,22270368961.168945
2017,C,C,not digital,0.046394456407708,,0.008790626804706,196740049682.6172
2017,CAG,CAG,not digital,0.0316944433946814,0.8350980062002912,0.0006593569440801,14756845082.702637
2017,CAH,CAH,not digital,0.0028068328838015,0.953156162744316,0.0008612697421119,19275787224.01428
2017,CAT,CAT,not digital,0.0197527605472702,0.8160780644993633,0.0041609816557803,93125525161.46388
2017,CB,CB,not digital,,0.9922165942211204,0.0030415492912487,68071887473.60547
2017,CBOE,CBOE,not digital,0.0168229330222959,0.9859657785289704,0.0006224806321937,13931528800.506592
2017,CBRE,CBRE,not digital,0.0098081218203083,0.9472846795756006,0.0006425868404025,14381519056.015017
2017,CCI,CCI,not digital,0.0024937286383131,0.5987154426137951,0.0020575576559296,46049503004.23755
2017,CCL,CCL,not digital,0.1681324957167333,0.1556721761734268,0.0021233887356123,47522846165.67236
2017,CDNS,CDNS,designs compute,0.0297993033568155,0.8960844481819678,0.0005276115143458,11808295113.830566
2017,CF,CF,not digital,0.1145278450363196,0.3185025625789199,0.0004386755660726,9817849691.61548
2017,CFG,CFG,not digital,0.0443315226914315,0.9955033609914924,0.0009391218378808,21018168686.651
2017,CHD,CHD,not digital,0.0119167416980032,0.8989658841524241,0.0005468367979524,12238569693.328856
2017,CHRW,CHRW,not digital,0.0026982967682579,0.94562440360033,0.000558591281782,12501642826.11084
2017,CHTR,CHTR,other digital,0.2087732377768692,0.7688766428186573,0.0040464718171694,90562719136.59668
2017,CI,CI,not digital,0.0112663254078361,0.9746919477323144,0.0022372813631119,50071838597.10693
2017,CINF,CINF,not digital,0.0027913468248429,0.9915304674266356,0.0005490267915346,12287583200.073242
2017,CL,CL,not digital,0.0357836158923256,0.6787630167245188,0.0029445091608443,65900065088.11231
2017,CLX,CLX,not digital,0.0316786414108425,0.7964137327793571,0.0008569177861892,19178387568.28308
2017,CMCSA,CMCSA,other digital,0.1123146220701172,0.7947850764421589,0.0081993236557267,183506293604.4508
2017,CME,CME,not digital,0.022470985266277,0.9947263006787068,0.0023347535536016,52253330773.44873
2017,CMG,CMG,not digital,0.0484265076583656,0.3457636829004562,0.0003594804379636,8045410275.752544
2017,CMI,CMI,not digital,0.0247699236342275,0.7827385892116183,0.0012989284862102,29070879766.430176
2017,CMS,CMS,not digital,0.2529241986936047,0.2728416485900217,0.0005952268803634,13321571785.125732
2017,CNC,CNC,not digital,0.0092503288031565,0.9494852436513384,0.0007778393275789,17408559293.070557
2017,CNP,CNP,not digital,0.2328543435662965,0.4257125263898663,0.0005467476416605,12236574316.470217
2017,COF,COF,not digital,0.0373756287403164,0.988971623739038,0.0021074918647316,47167063667.29736
2017,COO,COO,not digital,0.0594670406732117,0.8126865210858871,0.0004783843277478,10706558075.93994
2017,COP,COP,not digital,0.1577338005909434,0.377293421662441,0.0028501241722264,63787666534.23047
2017,COR,COR,not digital,0.0030454835312786,0.9490904668558324,0.0001980902486807,4433390955.265045
2017,COST,COST,not digital,0.0193915907769812,0.500343907337607,0.0036523096399079,81741108566.58203
2017,COTY,COTY,not digital,0.0652459878979216,0.927617282089036,0.0006674905893573,14938881450.700195
2017,CPB,CPB,not digital,0.0579064587973273,0.7872120113901113,0.0006460242244976,14458449988.54834
2017,CPRI,CPRI,not digital,0.0254291163382072,0.7545235723771581,0.0004265031906976,9545423869.28833
2017,CRM,CRM,other digital,0.0506641366223908,0.8983484886456427,0.0033478193427422,74926414060.36377
2017,CSCO,CSCO,other digital,0.0200812415373398,0.974410328305782,0.0078229113694859,175081937350.75195
2017,CSX,CSX,not digital,0.1788218793828892,0.1112230336607067,0.0021593415009857,48327492865.27002
2017,CTAS,CTAS,not digital,0.0419506620107488,0.8066204007359962,0.0007568393268503,16938565369.033812
2017,CTSH,CTSH,other digital,0.0191762322754895,0.913014913606202,0.0018660475773682,41763380614.11182
2017,CVS,CVS,not digital,0.0103807539306686,0.8918123429796807,0.0032929186411729,73697700000.0
2017,CVX,CVX,not digital,0.0995292335565885,0.2998116671788688,0.0106892764900818,239233087065.4297
2017,D,D,not digital,0.4373112982679167,0.2980609779983025,0.0023634628359979,52895863526.85547
2017,DAL,DAL,not digital,0.0945840828431134,0.505077229788899,0.001713484196156,38348911104.0
2017,DE,DE,not digital,0.0200080704822113,0.9229623324111512,0.0022642787547399,50676058101.3794
2017,DG,DG,not digital,0.0275427936139145,0.7914330151611961,0.0011285710812403,25258168220.12329
2017,DGX,DGX,not digital,0.034044852742502,0.8909835285156622,0.0005968986157511,13358986330.245972
2017,DHI,DHI,not digital,0.0072883400752253,0.9733269865239728,0.0008612159956848,19274584343.38208
2017,DHR,DHR,not digital,0.0367747506250483,0.9523372619971446,0.0029068760962391,65057812178.89331
2017,DIS,DIS,other digital,0.065709051997751,,0.0071442554624736,159893168696.44727
2017,DLR,DLR,not digital,,0.3609844636684748,0.0010925984324456,24453076516.389404
2017,DLTR,DLTR,not digital,0.0284192308556786,0.8015616242930657,0.0011356158814004,25415835513.28516
2017,DOV,DOV,not digital,0.0249334177407451,0.9260730474550538,0.0006979655301929,15620930809.325378
2017,DRI,DRI,not digital,0.0490092944394252,0.570640364302855,0.0005323074392647,11913393023.498535
2017,DTE,DTE,not digital,,0.38635354043889,0.0008773854505628,19636467452.14348
2017,DUK,DUK,not digital,,0.3735878881041808,0.0026771406237787,59916180157.66699
2017,DVA,DVA,not digital,0.0896849213417914,0.8340295119733099,0.0005663709667514,12675757328.0
2017,DVN,DVN,not digital,0.0125249074864787,0.5177408154492246,0.0009720758276335,21755700801.849365
2017,DXC,DXC,not digital,0.0103069065476464,0.8957635922890453,0.0012040241477095,26946857818.22002
2017,EBAY,EBAY,other digital,0.0670897552130553,0.9385438312937736,0.0018048562685088,40393878596.49658
2017,ECL,ECL,not digital,0.062778713347162,0.8143061086482831,0.0017287483299833,38690532528.07617
2017,ED,ED,not digital,0.2996758912989279,0.218473945667311,0.0011759836239007,26319292324.901367
2017,EFX,EFX,not digital,0.0648979834632086,0.9216136256808694,0.0006329134360443,14165021860.046389
2017,EG,EG,not digital,,,0.0004289667369362,9600559665.649414
2017,EIX,EIX,not digital,0.312012987012987,0.2573221757322176,0.0009206290878083,20604288692.78296
2017,EL,EL,not digital,0.045969451143755,0.8555497925311204,0.0020833028990265,46625698595.12183
2017,ELV,ELV,not digital,0.0087849844513549,0.9691664303941028,0.0024129143826593,54002621891.555176
2017,EMN,EMN,not digital,0.0679652319614619,0.649540596287268,0.0005949563739423,13315517672.271729
2017,EMR,EMR,not digital,0.0311844863731656,0.8304660779008628,0.0019569481646872,43797795959.30078
2017,EOG,EOG,not digital,,0.1397120672563522,0.0027910207037261,62464891766.572266
2017,EQIX,EQIX,not digital,0.3156112450519958,0.4973852493147003,0.0016279491755471,36434580695.25293
2017,EQT,EQT,not digital,0.5043807545729242,0.3316982472142362,0.0006744515384531,15094672101.51149
2017,ES,ES,not digital,0.3029049973477647,,0.0008945605510973,20020857576.705933
2017,ESS,ESS,not digital,,0.1522867135318324,0.0007368102568808,16490301518.408203
2017,ETN,ETN,not digital,0.025485198980592,0.8926524231370505,0.0015466262426018,34614519597.968994
2017,ETR,ETR,not digital,,0.9944124185357578,0.0006564756543266,14692359909.820557
2017,EW,EW,not digital,0.0489331353884668,0.8800472963433573,0.0010634009707376,23799617986.67908
2017,EXC,EXC,not digital,0.5160704079372366,0.3645456881048214,0.0017028031586448,38109862410.73994
2017,EXPD,EXPD,not digital,0.0137287550780615,0.8315041219015158,0.0005136402078378,11495608021.365234
2017,EXPE,EXPE,not digital,0.0705765407554672,0.9149384316267012,0.0007972335788098,17842615479.904175
2017,EXR,EXR,not digital,,0.1070171306427873,0.0005141110552584,11506145898.468018
2017,F,F,not digital,0.0449622391182323,0.863336376578361,0.0022168256634086,49614026490.49268
2017,FAST,FAST,not digital,0.0273089625327411,0.692973715856382,0.0007014603190418,15699146498.267212
2017,FCX,FCX,not digital,0.0887462235649546,0.3835719264382606,0.001227534606664,27473037459.960938
2017,FDX,FDX,not digital,0.0865240641711229,0.4648830120283407,0.0029381517567243,65757782173.57153
2017,FE,FE,not digital,0.2367313323572474,0.3349977518517641,0.0006523782367235,14600656990.255005
2017,FFIV,FFIV,other digital,0.0185072924406746,0.9505671133608912,0.0003565836123593,7980577400.241089
2017,FIS,FIS,not digital,0.0167281956622058,0.975128435130066,0.0013908931902432,31129110748.41309
2017,FISV,FISV,not digital,0.0503862359550561,0.9620954417338906,0.0023346719854725,52251505224.69922
2017,FITB,FITB,not digital,0.3610108303249097,0.9859024077814768,0.0009193398500551,20575434698.039307
2017,FLR,FLR,not digital,0.019120439649827,0.8827490230166262,0.0003246330392761,7265502414.642334
2017,FLS,FLS,not digital,0.0168273269102015,0.8631912112761415,0.0002459110736957,5503652689.533234
2017,FMC,FMC,not digital,0.0151311630847029,0.8886414737733943,0.0005678670395166,12709240427.293531
2017,FRT,FRT,not digital,,0.1070171306427873,0.0004405701600918,9860251960.501951
2017,FTI,FTI,not digital,0.0169822473417502,0.8630221803939329,0.0006298621907856,14096732970.39968
2017,FTV,FTV,not digital,0.0193012630079394,0.9418699883816164,0.0010787105113166,24142255643.92977
2017,GD,GD,not digital,0.013818487069383,0.8996461793071963,0.0027142499773182,60746712066.39697
2017,GE,GE,not digital,0.0598550933602479,0.854096873349673,0.0067615419836224,151327787579.01932
2017,GILD,GILD,not digital,0.0225993028689623,0.9531181082196264,0.0041836779736808,93633483787.23048
2017,GIS,GIS,not digital,0.0395606210769739,0.830937164757984,0.0015104541972092,33804965266.319824
2017,GL,GL,not digital,0.0048813966208751,,0.0004388969486744,9822804380.859377
2017,GLW,GLW,other digital,,0.4901796755655779,0.0012256081023627,27429921017.824585
2017,GM,GM,not digital,0.0580611039371376,0.8293831948117958,0.0025650409191446,57407314527.36621
2017,GOOG,GOOGL,operates compute,0.1189301339587749,0.785179553460554,0.0326258604011434,730188362998.5059
2017,GPC,GPC,not digital,0.0096119880302666,0.92453486563134,0.0006224032284384,13929796453.201294
2017,GPN,GPN,not digital,0.045760387687247,0.9547357380546296,0.0007127757680076,15952393740.03601
2017,GRMN,GRMN,not digital,0.0447519829828675,0.8796181872158235,0.0004996039881648,11181468129.277588
2017,GS,GS,not digital,,,0.0042936943276495,96095722649.89308
2017,GT,GT,not digital,0.0572933602133055,0.5633497421472105,0.0003469569915038,7765127250.045776
2017,GWW,GWW,not digital,0.0227338129496402,0.7601654031702274,0.0005945185161545,13305718125.0
2017,HAL,HAL,not digital,0.0665858389912706,0.660314929240582,0.0019109613391145,42768580347.158936
2017,HAS,HAS,not digital,0.0258891830790616,0.9509053242704184,0.0005155113593992,11537485632.522585
2017,HBAN,HBAN,not digital,,0.991707059557518,0.0006974216085531,15608757482.801697
2017,HCA,HCA,not digital,0.0691291787040858,0.5109720438335201,0.001374046917068,30752079997.924805
2017,HD,HD,not digital,0.0188000475699674,0.4899688125494577,0.0098890576341739,221323659107.0039
2017,HIG,HIG,not digital,0.1995211492418196,0.9954097487347954,0.0009160945867177,20502803555.29785
2017,HLT,HLT,not digital,0.0071331939490837,0.9751897666572956,0.0010719656492741,23991301164.47998
2017,HOG,HOG,not digital,0.0365301606594673,0.9029567000699512,0.0003731044199453,8350324015.296936
2017,HON,HON,not digital,0.0254354369171559,0.9003531192197747,0.0051182210563082,114549176898.92451
2017,HP,HP,not digital,0.2217976698153838,0.2234378387040473,0.0003136073601471,7018740413.726807
2017,HPE,HPE,other digital,0.1086557445187212,0.8979089991206071,0.001022680216655,22888260542.06128
2017,HPQ,HPQ,other digital,0.0077224527431996,0.9429404794458116,0.0015679586295679,35091952546.12988
2017,HRB,HRB,not digital,0.0311978331172421,0.9020725969411768,0.0002451520915329,5486666166.075989
2017,HRL,HRL,not digital,0.024138046509639,0.8275133502334033,0.0008612386327364,19275090975.58838
2017,HSIC,HSIC,not digital,0.0070247577570755,0.952314186364564,0.0004759630049637,10652367268.456078
2017,HST,HST,not digital,0.0380545758307035,0.1711280253142906,0.000663923818608,14859054759.15564
2017,HSY,HSY,not digital,0.0342861469196822,0.6206696189189024,0.0010686006748426,23915990808.173096
2017,HUM,HUM,not digital,0.5160704079372366,0.941717565678122,0.0015834777726555,35439281246.33789
2017,IBM,IBM,other digital,0.0408016275161424,0.911324547688184,0.0062570472498114,140036861323.17188
2017,ICE,ICE,not digital,0.0376518911518055,0.9840795257078606,0.0018078871957532,40461712755.52734
2017,IDXX,IDXX,not digital,0.037776439292291,0.7787484183642501,0.000608751596504,13624263889.404297
2017,IFF,IFF,not digital,0.037947532585071,0.808524859934689,0.0007270171658337,16271125655.075071
2017,ILMN,ILMN,not digital,0.1126453488372093,0.8229027962716378,0.001435079512784,32118029910.27832
2017,INCY,INCY,not digital,0.0722691340280273,0.8871862109579594,0.0008995786841456,20133166717.69995
2017,INTC,INTC,fabricates compute,0.1876643138254648,0.6664557116082077,0.0096112253002053,215105587471.98047
2017,INTU,INTU,other digital,0.0196304849884526,0.7468043264503441,0.0018089033216827,40484454326.78223
2017,IP,IP,not digital,0.0588695212252219,0.6087366899684394,0.0010720187850754,23992490378.90332
2017,IQV,IQV,not digital,0.0380333951762523,0.980749879686748,0.0009243489753362,20687542239.23804
2017,IRM,IRM,not digital,0.089227419129192,0.6886051489573899,0.0004825183605977,10799080468.978882
2017,ISRG,ISRG,not digital,0.0607673188451978,0.8938685777593132,0.0018238470209448,40818904213.07373
2017,IT,IT,other digital,,0.9695864700728652,0.0004997276980563,11184236838.57727
2017,ITW,ITW,not digital,0.0207489171440547,0.8940405244338498,0.002554108805138,57162646575.8584
2017,IVZ,IVZ,not digital,0.0216460283316861,0.9845052543828626,0.0006643160899921,14867834052.520752
2017,J,J,not digital,0.0186504976362239,0.9525921034394508,0.0003927097285574,8789103806.098558
2017,JBHT,JBHT,not digital,0.0732906344303301,0.3318929830568674,0.0005638631294552,12619630268.440248
2017,JCI,JCI,not digital,0.0332822421721042,0.9356063526327962,0.0015749657872081,35248777374.76758
2017,JEF,JEF,not digital,,0.9840912191937148,0.0003823927687375,8558203412.688281
2017,JNJ,JNJ,not digital,0.0428907782864617,0.8918965308989657,0.0167481738012647,374835221532.77344
2017,JPM,JPM,not digital,,0.9944115093148088,0.0168121629548077,376267341167.34375
2017,KDP,KDP,not digital,0.0473178730381822,0.9498221544715448,0.0060242638541243,134827014761.57812
2017,KEY,KEY,not digital,0.0177552314521242,0.993246089267818,0.0009323437171713,20866469856.20837
2017,KHC,KHC,not digital,0.0457892314772204,0.9412034107184492,0.0042346329812898,94773890603.6377
2017,KIM,KIM,not digital,,0.1654111120915261,0.0003453433927975,7729013842.354553
2017,KLAC,KLAC,compute equipment,0.0165845823111496,0.9486684527038473,0.0007352804466461,16456063352.20337
2017,KMB,KMB,not digital,0.0427839546544582,0.5092073130486436,0.0019047489175896,42629542239.11426
2017,KMI,KMI,not digital,0.2326158336373586,0.4920624881411675,0.0017811664386837,39863684515.88086
2017,KMX,KMX,not digital,0.017337180640413,0.845301435757041,0.0005102453391104,11419628610.916138
2017,KO,KO,not digital,0.0483265215950513,0.8903476836261036,0.0087257775826088,195288681144.20312
2017,KR,KR,not digital,0.0227855288773523,0.4242980413641967,0.0010621241485576,23771041860.687256
2017,KSS,KSS,not digital,0.0334594702250547,0.4030499484308236,0.0004048859632947,9061616003.50952
2017,L,L,not digital,0.2600908173562059,0.8061593747644058,0.0007268151011157,16266603312.864258
2017,LEG,LEG,not digital,0.0404178710887976,0.8130280500168976,0.000279952262517,6265517039.909363
2017,LEN,LEN,not digital,0.0088383499922705,0.98852666791642,0.0009100752414104,20368086620.872955
2017,LH,LH,not digital,0.0303550640279394,0.8976428956996342,0.0007269749149194,16270180051.631285
2017,LHX,LHX,not digital,0.0220492866407263,0.9106012658227848,0.0013991478172449,31313854767.526367
2017,LKQ,LKQ,not digital,0.0183929006628284,0.9025193255549984,0.0005625577498569,12590415008.51123
2017,LLY,LLY,not digital,,0.8037727040305906,0.0038518356076617,86206631865.53955
2017,LMT,LMT,not digital,0.0235588470776621,0.8761261261261262,0.004131223128063,92459509602.88477
2017,LNC,LNC,not digital,,,0.0007496423856871,16777493059.4635
2017,LNT,LNT,not digital,0.4337117852285495,0.2081577129646598,0.0004399133430908,9845551961.029053
2017,LOW,LOW,not digital,0.0163657296084174,0.4202220413857243,0.0033678334028337,75374341979.98047
2017,LRCX,LRCX,compute equipment,0.0246880066241774,0.9434456578181628,0.0012903599295487,28879109793.62488
2017,LUMN,LUMN,not digital,0.1759175351155414,0.644866487680364,0.0008176759134671,18300128467.9375
2017,LUV,LUV,not digital,0.1003972382483684,0.2616885702907208,0.001644410317663,36802991957.5752
2017,LYB,LYB,not digital,0.0458982346832814,0.5803632755857437,0.0019510189925084,43665097159.210205
2017,M,M,not digital,0.0195276474598019,0.6465165482847212,0.00034553625222,7733330163.955688
2017,MA,MA,not digital,0.0240057613827318,0.9611327300857988,0.007023017831017,157179790212.05957
2017,MAA,MAA,not digital,,,0.0005293801500565,11847878352.355955
2017,MAC,MAC,not digital,,0.259907127543577,0.0004454193072928,9968779086.31897
2017,MAR,MAR,not digital,0.0117347936632114,0.9248091923173698,0.0021043470109765,47096679757.507324
2017,MAS,MAS,not digital,0.0287662121715996,0.7959884351282978,0.000611224974229,13679619720.940186
2017,MAT,MAT,not digital,0.0264140499638123,0.8739135412186,0.0002364086152514,5290981376.32962
2017,MCD,MCD,not digital,0.081229952148078,0.3359218073761156,0.0060454549924135,135301286470.80469
2017,MCHP,MCHP,fabricates compute,0.0519493569131832,0.9111085092820252,0.000924942977141,20700836393.02063
2017,MCK,MCK,not digital,0.0024937286383131,0.9624071249323428,0.001437784426378,32178567667.90332
2017,MCO,MCO,not digital,0.0215503912846982,0.9621721626213028,0.0012603858980027,28208271116.638184
2017,MDLZ,MDLZ,not digital,0.0391566265060241,0.8625077247302286,0.0028045982784568,62768766881.10352
2017,MDT,MDT,not digital,0.0356558608486629,0.9563275483942038,0.0048770039641099,109150578624.0
2017,MET,MET,not digital,,,0.0023562341806283,52734081432.34253
2017,META,META,operates compute,0.1656212333653113,0.8376674080734465,0.0209585398064683,469066001140.2422
2017,MGM,MGM,not digital,0.1726404839500035,0.3266313196668235,0.0007936036754271,17761375838.211426
2017,MHK,MHK,not digital,0.0954557283572622,0.6468919465164231,0.0009146947799832,20471474953.52588
2017,MKC,MKC,not digital,0.0385599222036657,0.9220955535442624,0.0005997258118951,13422260852.32544
2017,MLM,MLM,not digital,0.103464797256405,0.6004656102307478,0.0006217321392783,13914777033.35266
2017,MMM,MMM,not digital,0.0433711343462741,0.7666043646510649,0.0062638115537357,140188250924.81396
2017,MNST,MNST,not digital,0.0247651782626827,0.9519358331809646,0.0031819675418619,71214540917.52051
2017,MO,MO,not digital,0.0077807319361901,0.9556964955326144,0.0060996631847422,136514501715.73438
2017,MOS,MOS,not digital,0.1106837260776851,0.4788015069713525,0.000441889269434,9889774501.190186
2017,MPC,MPC,not digital,0.0365568089063733,0.4608640691581545,0.0013616566894596,30474778498.33716
2017,MRK,MRK,not digital,0.0470564777428842,0.8584418244719592,0.0067700761568302,151518788027.3595
2017,MS,MS,not digital,,,0.0043057418046052,96365353162.8789
2017,MSFT,MSFT,operates compute,0.1054005074302283,0.9051823324491036,0.0294289784888939,658640028594.3281
2017,MSI,MSI,other digital,0.0355799373040752,0.8957115009746589,0.0006544612420493,14647276028.963867
2017,MTB,MTB,not digital,0.01402652291197,0.994549017687624,0.0010723460681565,23999815191.00952
2017,MTD,MTD,not digital,0.0467609253838365,0.7379128992217052,0.0006979442197928,15620453868.457031
2017,MU,MU,fabricates compute,0.2329495128432241,0.4501075390536563,0.0020839762516438,46640768672.63965
2017,NAVI,NAVI,not digital,,0.9970182367087904,0.0001631348148612,3651065196.3500977
2017,NCLH,NCLH,not digital,0.2542938284988904,0.2167016238320483,0.0005345994089962,11964688824.0
2017,NDAQ,NDAQ,not digital,0.0364741641337386,0.973948156832096,0.0005731733015468,12827998085.723877
2017,NEE,NEE,not digital,,0.2620785398568848,0.0032900541142768,73633589990.9668
2017,NEM,NEM,not digital,0.1173600758910421,0.4024024024024024,0.0008940007324341,20008328464.27209
2017,NFLX,NFLX,other digital,0.0148213678040331,0.9832005294133798,0.0037280734346945,83436752470.20996
2017,NI,NI,not digital,0.3585049257959494,0.2806474398473075,0.0004160745401328,9312023763.036316
2017,NKE,NKE,not digital,0.0282440860510481,0.8284964959800507,0.0044732546811723,100114402279.67725
2017,NOC,NOC,not digital,0.0356868174127057,0.8797255750398543,0.0023872722909716,53428734897.52197
2017,NOV,NOV,not digital,0.0262869660460021,0.8514302682371573,0.0006170004995971,13808879803.65149
2017,NRG,NRG,not digital,0.0279920652413489,0.7442089488332263,0.0004042385774207,9047127078.904053
2017,NSC,NSC,not digital,0.1633020566770922,0.1506818627313713,0.0018292727844609,40940336393.90039
2017,NTAP,NTAP,other digital,0.0244973813144112,0.9158327188454652,0.0006667815804947,14923013362.796389
2017,NTRS,NTRS,not digital,0.0266721020295256,0.9966476778711384,0.0010101445491765,22607704001.86157
2017,NUE,NUE,not digital,0.0221482468763074,0.6784884761046124,0.0009032098463886,20214434533.52002
2017,NVDA,NVDA,designs compute,,0.947058225790062,0.0052480351512255,117454502315.52124
2017,NWL,NWL,not digital,0.0425251256281407,0.970653830483922,0.0006705239564315,15006770214.736938
2017,NWS,NWS,other digital,0.0403368794326241,0.8884002199010446,0.0004312690439694,9652086821.805954
2017,O,O,not digital,,0.1070171306427873,0.0007255440150647,16238155565.236816
2017,OKE,OKE,not digital,0.0420894458944035,0.2462202607073741,0.000982154087676,21981258936.15808
2017,OMC,OMC,other digital,0.0102137020741671,0.9722877358490566,0.0007493263004103,16770418861.6333
2017,ORCL,ORCL,operates compute,0.0440799329660005,0.9606270047632806,0.0080022094529061,179094747201.9453
2017,ORLY,ORLY,not digital,0.0518995567474436,0.5583918667544475,0.0009060522898393,20278050300.418854
2017,OXY,OXY,not digital,0.2877358490566037,0.2582211012230524,0.0025182846184672,56360877552.7793
2017,PAYX,PAYX,not digital,0.0464667189668698,0.9506563062469818,0.0010926090843492,24453314913.047363
2017,PCAR,PCAR,not digital,0.0217614769433194,0.8948643782902876,0.0011138077595942,24927755304.336548
2017,PCG,PCG,not digital,0.3292092208929092,0.2091248603187673,0.0010304245741008,23061584390.57666
2017,PEG,PEG,not digital,0.5019767581166886,,0.001162551615802,26018675088.0
2017,PEP,PEP,not digital,0.0467375049193231,0.7839707282842965,0.0075971195763732,170028567485.11914
2017,PFE,PFE,not digital,0.0372245270810337,0.9192942833693254,0.0093548891794318,209368615324.6208
2017,PFG,PFG,not digital,,0.9970091501497196,0.0009110135634726,20389086890.04883
2017,PG,PG,not digital,0.0556170696672252,0.8347839808647409,0.0102555239608454,229525418198.60352
2017,PGR,PGR,not digital,0.0058012593613771,0.9710706644755202,0.0014655248241733,32799416142.27295
2017,PH,PH,not digital,0.0173164740555286,0.8749319556790023,0.0011802248450174,26414213662.338257
2017,PHM,PHM,not digital,0.0037365555232495,0.9927006749186432,0.0004255888797161,9524960984.0
2017,PKG,PKG,not digital,0.0532203758010209,0.5280516337232755,0.0005042164177677,11284697358.475342
2017,PLD,PLD,not digital,,0.2612448494500285,0.0018489121279827,41379877908.52295
2017,PM,PM,not digital,0.0538472241547238,0.830781046360082,0.007332025315855,164095582369.99512
2017,PNC,PNC,not digital,,0.9857235902176652,0.0029748453457768,66579008997.73389
2017,PNR,PNR,not digital,0.0137400288154057,0.9675921099876068,0.0005534702282493,12387030256.516209
2017,PNW,PNW,not digital,0.395135214579659,0.314326941958444,0.0004261690399461,9537945354.171753
2017,PPG,PPG,not digital,0.0244100895036615,0.8292417462812915,0.0013282844752288,29727886242.340088
2017,PPL,PPL,not digital,0.4207063246945078,0.2021987029581233,0.0009959575940042,22290190549.468994
2017,PRGO,PRGO,not digital,0.0179127410941733,0.9283589020363237,0.0005328870047914,11926364083.817385
2017,PRU,PRU,not digital,,,0.0021820534285638,48835800845.96045
2017,PSA,PSA,not digital,,0.1400175274287676,0.0016292926257265,36464648000.0
2017,PSX,PSX,not digital,,0.6053042982472274,0.0023117876767442,51739339239.70386
2017,PVH,PVH,not digital,0.0401691569076143,0.9313419889952024,0.0004703227585752,10526134818.897703
2017,PWR,PWR,not digital,0.0258439305515736,0.8011463925085731,0.000262275660252,5869902974.48584
2017,PYPL,PYPL,not digital,0.0509393615396364,0.9625251385686956,0.0039478627316404,88355782496.33789
2017,QCOM,QCOM,designs compute,0.0310000898553329,0.9508992640996672,0.0042410420350612,94917329471.583
2017,QRVO,QRVO,fabricates compute,0.0907454962711061,0.7865895325944452,0.0003738863267885,8367823608.283997
2017,RCL,RCL,not digital,0.0642683938939455,0.1174256379185727,0.0011464558313272,25658440771.65332
2017,REG,REG,not digital,,,0.0005268837726189,11792007772.018433
2017,REGN,REGN,not digital,0.0464221245870372,0.7308855242289743,0.0018101148386668,40511568879.24194
2017,RF,RF,not digital,,0.9833942105009092,0.0007982460200952,17865274586.382202
2017,RHI,RHI,not digital,0.0077377316615493,0.9224146886616752,0.0003031406635393,6784488811.836243
2017,RJF,RJF,not digital,0.0291187739463601,0.9874618501102644,0.0005602271970342,12538255692.878723
2017,RL,RL,not digital,0.0261391391553305,0.7671620665251239,0.0003758771634977,8412379852.311523
2017,RMD,RMD,not digital,0.0267417771844751,0.8863363189771217,0.0005384732230217,12051387347.41211
2017,ROK,ROK,not digital,0.02245179281606,0.9184690785707303,0.0010587847601526,23696304136.59668
2017,ROP,ROP,other digital,0.0105914270211611,0.9900463803749546,0.0011959590236296,26766355000.0
2017,ROST,ROST,not digital,0.0262773287813309,0.561519289269065,0.0013826113643457,30943758000.0
2017,RRC,RRC,not digital,0.0024937286383131,0.9970182367087904,0.0001855460155459,4152642710.002899
2017,RSG,RSG,not digital,0.0985709306378529,0.6322220645954508,0.0010096641304733,22596951913.114742
2017,RVTY,RVTY,not digital,0.0173191456555701,0.951068240913554,0.0004031837873672,9023520178.947449
2017,SBAC,SBAC,not digital,0.5160704079372366,0.6158104861817395,0.0008785121152258,19661682953.460693
2017,SBUX,SBUX,not digital,0.0678703521718155,0.6575499805089937,0.0036735636968481,82216788436.88965
2017,SCHW,SCHW,not digital,0.0464144813181712,0.9939533201246332,0.0030944802057217,69256516394.21777
2017,SHW,SHW,not digital,0.0148693922769924,0.9056709967587124,0.0017049812270163,38158609023.36914
2017,SJM,SJM,not digital,0.0437536529339005,0.8965773000760884,0.0006305354142485,14111800157.356262
2017,SLB,SLB,not digital,0.0692181340341655,0.8391931876588828,0.004167698396548,93275850268.16016
2017,SLG,SLG,not digital,0.5160704079372366,0.4345948452481687,0.0004052918677375,9070700413.758877
2017,SNA,SNA,not digital,,0.907717513478501,0.0004484665557872,10036978525.733948
2017,SNPS,SNPS,designs compute,0.025809576935498,0.9507054128908567,0.0005659189459267,12665640802.581787
2017,SO,SO,not digital,0.3223047197255873,0.2804648439259493,0.0021565299111444,48264567622.58179
2017,SPG,SPG,not digital,0.1324507864186291,0.2418070101722884,0.0027451497554524,61438269565.12451
2017,SPGI,SPGI,not digital,0.020286986640277,0.9708222811671088,0.0019217778902679,43010661925.48064
2017,SRE,SRE,not digital,0.3843360995850622,0.2765092955959884,0.0013073664372494,29259726698.91357
2017,STT,STT,not digital,0.056541807207527,0.9908314983747508,0.0016547633269733,37034699162.45654
2017,STX,STX,other digital,0.032725321888412,0.7976909797151489,0.0005382412938367,12046196618.651731
2017,STZ,STZ,not digital,0.1395195440813688,0.7885864189566938,0.0019535723245374,43722242421.02051
2017,SWK,SWK,not digital,0.0341184273440994,0.908758646329139,0.0011699771864446,26184864276.7334
2017,SWKS,SWKS,fabricates compute,0.0830640302349783,0.8070885079587196,0.0007593314329407,16994340353.790283
2017,SYF,SYF,not digital,,,0.0013114884359911,29351979760.63965
2017,SYK,SYK,not digital,0.048055287688846,0.9110240122539082,0.0025891554200022,57947013026.93945
2017,SYY,SYY,not digital,0.0117120098984929,0.7534838628108729,0.001418521806624,31747457480.69763
2017,T,T,other digital,0.1286048858271149,0.7180300700072282,0.0106682314496209,238762085122.3544
2017,TAP,TAP,not digital,0.0544952193986985,0.8454816857264711,0.0007920364025869,17726299234.085083
2017,TDG,TDG,not digital,0.0202646131052088,0.9674283237972904,0.0006472447139343,14485765350.439451
2017,TEL,TEL,other digital,0.0557242511284366,0.8371901252383652,0.0015006533441284,33585615683.532715
2017,TFC,TFC,not digital,,0.9907282915692874,0.0029798683888536,66691428028.41797
2017,TGT,TGT,not digital,0.0348351074071017,0.3412412171729315,0.0015338631319089,34328872728.0
2017,TJX,TJX,not digital,0.0294891093919073,0.6481712549581614,0.0021359073666609,47803021419.28955
2017,TMO,TMO,not digital,0.0242853045224208,0.9285852935467364,0.0034133356285062,76392711925.41797
2017,TPR,TPR,not digital,0.0454761904761904,0.8814390561766925,0.0005619988506297,12577906473.663452
2017,TRIP,TRIP,not digital,0.0411311053984575,0.8842429577464789,0.0002136410406001,4781427977.287842
2017,TROW,TROW,not digital,0.038332406434736,0.913475064362874,0.0011360516531636,25425588373.947144
2017,TRV,TRV,not digital,,,0.0016448439007562,36812695834.350586
2017,TSCO,TSCO,not digital,0.0345076926765983,0.6359055051138659,0.0004193758328432,9385908880.252838
2017,TSN,TSN,not digital,0.0279404077365394,0.8016104895603221,0.0013596029158795,30428813685.45532
2017,TXN,TXN,fabricates compute,0.0464541140298108,0.8489967123908854,0.0045991487873739,102931995752.71484
2017,TXT,TXT,not digital,0.0297929285814903,0.8226205997392438,0.0006557317616729,14675711099.571228
2017,UA,UAA,not digital,0.0563891042410433,0.7789084225184563,0.000276188389022,6181279058.380127
2017,UAA,UAA,not digital,0.0563891042410433,0.7789084225184563,0.0002724133224752,6096790568.939209
2017,UAL,UAL,not digital,0.1058119839085327,0.3808061238954779,0.0008921713311533,19967385252.04468
2017,UDR,UDR,not digital,0.1205364919003657,0.1145999889050858,0.0004732157202763,10590881217.69983
2017,UHS,UHS,not digital,0.0535555456290739,0.5751802574804206,0.0004752891195591,10637285266.804504
2017,ULTA,ULTA,not digital,0.0748939673100851,0.6064239748138429,0.0006057159263076,13556323579.96521
2017,UNH,UNH,not digital,0.0100567213000661,0.9495678062391232,0.0094764853687587,212090018571.6084
2017,UNM,UNM,not digital,0.0093294822270262,0.9921141141422616,0.0005363879196714,12004716877.393066
2017,UNP,UNP,not digital,0.1524482109227871,0.107272601460056,0.0047165436677468,105559370922.89844
2017,UPS,UPS,not digital,0.0785011639258091,0.5146794224777285,0.0045876770609573,102675250918.09715
2017,URI,URI,not digital,0.0180695678361692,0.9689288090485696,0.0006464600682711,14468204460.848633
2017,USB,USB,not digital,,0.9947363864600468,0.0039547000736759,88508806739.2793
2017,V,V,not digital,0.038511820459745,0.9668564367359548,0.0116501243539335,260737498601.86523
2017,VFC,VFC,not digital,,0.8981133909497633,0.0013065308063812,29241024726.667053
2017,VLO,VLO,not digital,0.0143966801447116,0.4521312652019618,0.0017789110644268,39813207746.33789
2017,VMC,VMC,not digital,0.1181313709805115,0.5876932202589172,0.0007586568398725,16979242514.160156
2017,VNO,VNO,not digital,,0.3176769149716282,0.0007086084222431,15859125781.906128
2017,VRSK,VRSK,not digital,0.0855398098079433,0.9205521319535572,0.0007058493536707,15797376000.0
2017,VRSN,VRSN,other digital,0.0424849475793819,0.9104059312087496,0.0004966104069602,11114469799.350586
2017,VRTX,VRTX,not digital,0.0399497398591687,0.7773734113852906,0.0017112059316704,38297922035.98023
2017,VTR,VTR,not digital,0.0370879893367624,0.1391004319389798,0.0009615097227965,21519224377.951904
2017,VZ,VZ,other digital,0.1368440262151483,0.6555690802393999,0.0097625764950002,218492927447.27344
2017,WAT,WAT,not digital,,0.9343999290805984,0.0006652427768514,14888573918.151855
2017,WBD,WBD,other digital,0.0196420776953295,0.973531367767679,0.0024283281774294,54347592826.64551
2017,WDC,WDC,other digital,0.0404417106601443,0.8984259879437374,0.001028475833388,23017970282.82565
2017,WEC,WEC,not digital,0.2561940249722167,0.324258875294788,0.0009366857701612,20963647877.74585
2017,WELL,WELL,not digital,,0.1070171306427873,0.0010600323368938,23724225730.300903
2017,WFC,WFC,not digital,,0.995467161127128,0.0133487933392789,298754835476.21094
2017,WHR,WHR,not digital,0.0321836917141109,0.7987324084239944,0.0005334457314645,11938868756.79016
2017,WM,WM,not digital,0.1082499137038315,0.4704750561180081,0.0016531359647411,36998277717.94043
2017,WMB,WMB,not digital,0.2987174698045075,0.3913746979634104,0.0011274740316835,25233615524.496704
2017,WMT,WMT,not digital,0.0202738819713531,0.4582673205079843,0.0130199662558827,291395467576.5615
2017,WTW,WTW,not digital,0.0365764447695683,0.9696530901472672,0.0004485763191128,10039435101.654053
2017,WU,WU,not digital,0.0125083721014427,0.9767965855666528,0.0003901198686029,8731141025.123596
2017,WY,WY,not digital,0.0497498610339077,0.9104047843180686,0.0011862338026682,26548698114.133545
2017,WYNN,WYNN,not digital,0.1541102705694742,0.3298430128549404,0.000776033399325,17368141422.729492
2017,XEL,XEL,not digital,0.284461592423711,0.2022077620264931,0.0010921485154124,24443007075.21826
2017,XOM,XOM,not digital,0.0649429503883421,0.2754903338485938,0.015823112935302,354131746709.8516
2017,XRAY,XRAY,not digital,0.0361346221265087,0.9155621957684708,0.0006755846923956,15120032837.202148
2017,XRX,XRX,not digital,0.0069062155940346,,0.0003317101565426,7423892986.047668
2017,XYL,XYL,not digital,0.0361164223496919,0.906268221574344,0.0005482684540671,12270611105.324709
2017,YUM,YUM,not digital,0.0541000340251786,0.6804744869139522,0.0012124925147104,27136385480.069824
2017,ZBH,ZBH,not digital,0.0199915420399061,0.9216345044975782,0.0010959779794316,24528713016.118763
2017,ZION,ZION,not digital,,0.9834962587496984,0.0004591643895481,10276403130.187988
2017,ZTS,ZTS,not digital,0.0422084039947239,0.8328674586536222,0.0015614997015918,34947397460.45239
2018,A,A,not digital,0.036019536019536,0.903949520916102,0.0010230243222748,21488235348.694336
2018,AAL,AAL,not digital,0.084079836555084,0.4371409706173654,0.0007040954402982,14789255934.236328
2018,AAP,AAP,not digital,0.0202196031669984,0.8485744605917629,0.000546416019248,11477259889.37378
2018,AAPL,AAPL,other digital,0.0501251906097629,0.8870626837104382,0.0356368957965425,748539391781.1797
2018,ABBV,ABBV,not digital,0.0194791316825939,0.9514253942579862,0.0066020742095583,138674048422.4922
2018,ABT,ABT,not digital,0.0455883314801491,0.8874101201375553,0.0060479723770025,127035350958.65623
2018,ACN,ACN,other digital,0.0151048725116627,0.9482999014727872,0.0042793771497112,89886683372.62793
2018,ADBE,ADBE,other digital,0.0295681063122923,0.942719899031802,0.0052576743434589,110435442461.24023
2018,ADI,ADI,fabricates compute,0.0409459813976248,0.9435215124340176,0.0015125641942809,31770833477.783203
2018,ADM,ADM,not digital,0.0130865233676815,0.7562510714373178,0.0010935492271836,22969584053.339844
2018,ADP,ADP,not digital,,0.9795696682806035,0.0027325203959256,57395547773.67188
2018,ADSK,ADSK,other digital,0.0260720678652035,0.9647510696227148,0.0013409787438677,28166746594.79248
2018,AEE,AEE,not digital,0.3633762517882689,0.1618592687855962,0.0007586631050027,15935428900.08545
2018,AEP,AEP,not digital,0.0021961302619906,0.1991735801449941,0.0017546124653165,36854965008.68555
2018,AES,AES,not digital,0.1975596125186289,0.3420866517019771,0.0004559385406977,9576814992.304626
2018,AFL,AFL,not digital,,0.99684456293099,0.0016512497766476,34683871192.01758
2018,AIG,AIG,not digital,0.0077655152039502,0.9955852222836516,0.0016598243839488,34863977545.01343
2018,AIV,AIV,not digital,,0.0766863956122345,0.0003439978698729,7225543935.107172
2018,AIZ,AIZ,not digital,0.0102760127084988,0.9904476347856984,0.0002642324131645,5550100967.498779
2018,AJG,AJG,not digital,,0.9732521121586876,0.0006443893280596,13535151839.538574
2018,AKAM,AKAM,other digital,0.0801661758410653,0.8332741949953952,0.0004736032552627,9947855578.216553
2018,ALB,ALB,not digital,0.2074078134490881,0.6015281057982709,0.0003896903190815,8185296387.588501
2018,ALGN,ALGN,not digital,0.1135585601161865,0.7459977256538258,0.0007974975839933,16751132306.176758
2018,ALK,ALK,not digital,0.1161665053242981,0.3785740469208211,0.0003570790896104,7500309961.921692
2018,ALL,ALL,not digital,0.006957176943363,0.990690340225748,0.0013549991651674,28461240191.88184
2018,ALLE,ALLE,not digital,0.0179741552879159,0.9015372571347235,0.0003607253243643,7576897730.973816
2018,AMAT,AMAT,compute equipment,0.0372343609697695,0.9202064311234616,0.0014941839076039,31384762572.82837
2018,AMD,AMD,designs compute,0.0251737451737451,0.9236172080772608,0.0008783331190971,18449051861.975582
2018,AME,AME,not digital,0.0169373025123238,0.9360296032641724,0.0007481332107753,15714252491.638184
2018,AMG,AMG,not digital,0.007862428523377,0.9873100461121048,0.0002443485258234,5132447504.595947
2018,AMGN,AMGN,not digital,0.0310776098033435,0.9253493134184534,0.0059057213823556,124047423120.57716
2018,AMP,AMP,not digital,0.0125348189415041,0.9953722597947762,0.0006924470576147,14544586102.752686
2018,AMT,AMT,not digital,0.6324750896189761,0.6592861643603228,0.0033174036761727,69680797795.41016
2018,AMZN,AMZN,operates compute,0.0576545706716132,0.6200568097978456,0.0349645386863858,734416787355.4248
2018,ANET,ANET,designs compute,0.0110766679263297,0.975549832688889,0.0007566207987554,15892531037.01416
2018,AON,AON,not digital,0.022284122562674,0.9777458178790402,0.0016667326952671,35009083986.99951
2018,AOS,AOS,not digital,0.0267260579064587,0.8241901351131369,0.000345491076547,7256908171.262329
2018,APA,APA,not digital,,,0.0004743256879012,9963030000.0
2018,APD,APD,not digital,0.1756287653132068,0.483261735530735,0.0016729090918611,35138816839.61035
2018,APH,APH,other digital,0.0378688124847598,0.9128114764706468,0.0011622926390455,24413513176.625244
2018,APTV,APTV,not digital,0.058607551091098,0.7452724358974359,0.0007723049649077,16221970959.594728
2018,ARE,ARE,not digital,,0.99684456293099,0.0005899374653459,12391411250.297546
2018,AVGO,AVGO,designs compute,0.0304585571757482,0.947430372675764,0.0049303857197705,103560869863.4674
2018,AVY,AVY,not digital,0.0316664338594775,0.780318686624819,0.000370831658661,7789177424.771118
2018,AWK,AWK,not digital,0.4641498390400936,0.1797106912312114,0.0007804460502766,16392971349.901123
2018,AXP,AXP,not digital,0.0492351636787311,0.9766349206349206,0.0038766834102683,81428255104.41992
2018,AZO,AZO,not digital,0.0465007057700432,0.5486884533828038,0.0010059903950899,21130444210.89477
2018,BA,BA,not digital,0.0170280933875226,0.8922536831431761,0.0087191734574772,183142909920.0
2018,BAC,BAC,not digital,,0.9957927498198136,0.01151279623507,241821889894.6875
2018,BALL,BALL,not digital,0.0701332187365706,0.7256252265313519,0.0006871841842245,14434041456.298828
2018,BAX,BAX,not digital,0.0593747184431029,0.7118320610687023,0.0016675151871863,35025519931.04346
2018,BBT,BBT,not digital,0.1921567015394734,0.9911263552089704,0.000989478670245,20783621733.897217
2018,BBY,BBY,not digital,0.0191002588679773,0.8144685416507011,0.0006785004303401,14251642520.989746
2018,BDX,BDX,not digital,0.0559969968091096,0.9002856930840012,0.0028904559904283,60712924644.1115
2018,BEN,BEN,not digital,0.0171649609154645,0.9628046024959156,0.0007233457861073,15193602099.11548
2018,BF-B,BF-B,not digital,0.0358002406738868,0.8432475884244373,0.0010770265149881,22622530791.23877
2018,BHF,BHF,not digital,,,0.0001721030290994,3614958425.70877
2018,BIIB,BIIB,not digital,0.0572813296761293,0.8575976021100167,0.0028865208952835,60630269472.82031
2018,BKNG,BKNG,other digital,0.0304261031183313,0.971084762198616,0.0037991181472795,79799026365.9668
2018,BLK,BLK,not digital,0.0143682208761797,0.9959704962618988,0.0029675139257993,62331497159.625
2018,BMY,BMY,not digital,0.0421523868622844,0.8563139541530898,0.0040391951389393,84841751926.11816
2018,BR,BR,not digital,0.0115996515519691,0.9382394771083608,0.0005349910965701,11237283750.0
2018,BRK-B,BRK-B,not digital,0.0828578756875374,,0.0239190930628642,502411418644.6875
2018,BSX,BSX,not digital,0.0321693983508093,0.9151388161341016,0.0023282258165077,48903494472.91113
2018,BWA,BWA,not digital,0.0518518518518518,0.712332838038633,0.0003444672824697,7235403767.503948
2018,BXP,BXP,not digital,,0.1729993818767202,0.0009175898435209,19273624372.19824
2018,C,C,not digital,0.0518022346061987,,0.0060528501517917,127137806756.0088
2018,CAG,CAG,not digital,0.037018787217982,0.8470089994706194,0.0004938281902339,10372672616.394045
2018,CAH,CAH,not digital,0.0022537688787499,0.9377487422092062,0.0006326307686783,13288167788.578123
2018,CAT,CAT,not digital,0.023317861189284,0.8271026251767313,0.0035699243108359,74984897326.47363
2018,CB,CB,not digital,,0.9898671403281856,0.0028339855924171,59526785491.52344
2018,CBOE,CBOE,not digital,0.013110372724646,0.9865250892689345,0.0005225861158432,10976721865.447998
2018,CBRE,CBRE,not digital,0.0109636107247534,0.9463696885283144,0.0006329885431135,13295682704.01001
2018,CCI,CCI,not digital,0.6324750896189761,0.5832671998046517,0.002145487820276,45065152622.50049
2018,CCL,CCL,not digital,0.1985593983369525,0.1666234286927195,0.0016311777429431,34262265786.57617
2018,CDNS,CDNS,designs compute,0.0287663082980437,0.8976648813482975,0.0005840398802384,12267534726.525637
2018,CE,CE,not digital,0.047099930118798,0.6006657360678621,0.0005729314991918,12034207423.278809
2018,CF,CF,not digital,0.0952811018288552,0.318932153858305,0.000478071834095,10041716370.704956
2018,CFG,CFG,not digital,0.2073279714030384,0.9950722037403904,0.0006622840453934,13911023545.806885
2018,CHD,CHD,not digital,0.0145686099520007,0.9014367626705332,0.0007708915195733,16192282079.93042
2018,CHRW,CHRW,not digital,0.0027057624080852,0.9484346611519324,0.0005504842182536,11562710856.445312
2018,CHTR,CHTR,other digital,0.2091259109868451,0.7596249914459727,0.0035348998105121,74249221067.81543
2018,CI,CI,not digital,0.0108530318602261,0.97022698497644,0.0034429263682495,72317354024.05469
2018,CINF,CINF,not digital,0.0036989088218975,0.991110098016868,0.0005998288334849,12599175662.017822
2018,CL,CL,not digital,0.028049408131755,0.6808650604391087,0.0024576922172723,51622886797.02759
2018,CLX,CLX,not digital,0.0331509494689411,0.8031620553359684,0.0009367596672767,19676279202.0874
2018,CMCSA,CMCSA,other digital,0.1034209106203773,0.8234412994071931,0.0073750674268981,154910475861.68164
2018,CME,CME,not digital,0.0270803360096533,0.9942085066672518,0.00320429560731,67305005988.08203
2018,CMG,CMG,not digital,0.0590731523324326,0.3911970683967198,0.0005712209870838,11998278769.44065
2018,CMI,CMI,not digital,0.0298262588868789,0.7851222327143007,0.0010183673918213,21390418302.30713
2018,CMS,CMS,not digital,0.3189787757613042,0.2610379550735864,0.0006696809155412,14066391979.498293
2018,CNC,CNC,not digital,0.0119606627093115,0.9447914306980356,0.0011317994713139,23773015829.22364
2018,CNP,CNP,not digital,0.2628143903215536,0.4816373232938398,0.0006735957663583,14148621926.412964
2018,COF,COF,not digital,0.2547362285048091,0.9887501409252212,0.0017045755005487,35803957665.40527
2018,COO,COO,not digital,0.0764371446620341,0.8403350346813244,0.0005965149807315,12529569450.0
2018,COP,COP,not digital,0.1853529944805997,0.34698485281509,0.0034173345786374,71779808252.94727
2018,COR,COR,not digital,0.0021961302619906,0.9497628845656304,0.0001710037455148,3591868393.6660767
2018,COST,COST,not digital,0.0209710685426908,0.5179769777124663,0.0042720232538791,89732217598.03125
2018,COTY,COTY,not digital,0.0678445904037914,0.9260015377681152,0.0002345699384357,4927052009.503143
2018,CPB,CPB,not digital,0.0615268329554043,0.8302704934957671,0.0004727982595865,9930946951.347168
2018,CPRI,CPRI,not digital,0.0345551737304314,0.8563685636856369,0.0002737492849229,5749999225.708008
2018,CPRT,CPRT,not digital,0.1594455320527553,0.4958504102356548,0.0005323227808331,11181236796.577148
2018,CRM,CRM,other digital,0.0447974702605029,0.9114355895196506,0.0049885244136474,104782050933.83788
2018,CSCO,CSCO,other digital,0.0169065477397121,0.9726408912188728,0.0092746250132842,194809957805.46875
2018,CSX,CSX,not digital,0.1424489795918367,0.1288082986196194,0.0024977273888512,52463810292.57129
2018,CTAS,CTAS,not digital,0.0401489893871467,0.8082561897988183,0.000840757072003,17659781337.46338
2018,CTSH,CTSH,other digital,0.0233798449612403,0.9120282721191468,0.001749933976808,36756695143.58203
2018,CVS,CVS,not digital,0.0105043858518247,0.9422313393329804,0.0040338966723837,84730459658.81348
2018,CVX,CVX,not digital,0.0867956350454997,0.3334712029716815,0.0098965224127533,207872675271.28223
2018,D,D,not digital,0.3905977412542466,0.2997407397900249,0.0022333927300269,46911561694.021
2018,DAL,DAL,not digital,0.1162968630451415,0.529834400823018,0.0016226289016624,34082700639.00586
2018,DE,DE,not digital,0.0239841533272659,0.916300564842814,0.0022624184889717,47521236680.03906
2018,DG,DG,not digital,0.0286586836166479,0.7841894058366318,0.001352678866367,28412503201.35498
2018,DGX,DGX,not digital,0.050856459965476,0.8829410160865219,0.0005394392246964,11330714983.215332
2018,DHI,DHI,not digital,0.0042382374906646,0.9715826165814122,0.0006164179597224,12947623925.719116
2018,DHR,DHR,not digital,0.034254208457974,0.95296134467836,0.0034410107174708,72277116510.74947
2018,DIS,DIS,other digital,0.0751253491267624,0.7003996024260126,0.0077712748965148,163232662508.33008
2018,DLR,DLR,not digital,,0.3728779706223352,0.0010887168662827,22868082157.37744
2018,DLTR,DLTR,not digital,0.035801133052626,0.8040323765673981,0.0010232725999927,21493450327.37732
2018,DOV,DOV,not digital,0.0244552508982256,0.9035956159928356,0.000494287742477,10382325335.827148
2018,DRI,DRI,not digital,0.0531114871216394,0.5557627614450782,0.0005900428433835,12393624675.750732
2018,DTE,DTE,not digital,,0.4033840388007055,0.0009553292385777,20066325958.31067
2018,DUK,DUK,not digital,0.3952098328913583,0.3693325630020909,0.0029289451599358,61521374956.331055
2018,DVA,DVA,not digital,0.0921699114125412,0.822416313505442,0.0004066504035842,8541536488.037109
2018,DVN,DVN,not digital,0.0065173598767626,0.5675150771746909,0.0005024241956512,10553228428.649902
2018,DXC,DXC,not digital,0.0143111839252156,0.9008578756522508,0.0007090659701552,14893660016.375977
2018,EBAY,EBAY,other digital,0.0720231213872832,0.9300144616328498,0.0012866957875885,27026553820.72852
2018,ECL,ECL,not digital,0.0637124553063712,0.8089118035318439,0.0020264799212253,42565437134.34082
2018,ED,ED,not digital,0.4400570087189805,0.2257232937685459,0.0011338199243928,23815454674.835205
2018,EFX,EFX,not digital,0.0943407285835702,0.8930828160823128,0.0005346038326325,11229149418.830872
2018,EG,EG,not digital,,,0.000449838847519,9448693265.649414
2018,EIX,EIX,not digital,0.3562455558189144,0.2709512474653971,0.0008805821107602,18496291073.304443
2018,EL,EL,not digital,0.0500571889928009,0.8549375348134002,0.0022474665292436,47207176473.87891
2018,ELV,ELV,not digital,0.0131154660441886,0.9617861983205488,0.0030008382420483,63031461700.83984
2018,EMN,EMN,not digital,0.0520145798443503,0.649890590809628,0.0004874390281301,10238470705.474854
2018,EMR,EMR,not digital,0.0354434742647058,0.8253065228052967,0.0017811796611923,37412998816.0
2018,EOG,EOG,not digital,,0.1726549526007093,0.0024077246921048,50573338006.04297
2018,EQIX,EQIX,not digital,0.4133117125103566,0.4553609701492316,0.0013493448315832,28342473073.49414
2018,ES,ES,not digital,0.3033196029600953,,0.0009812254870123,20610266770.75781
2018,ESS,ESS,not digital,,0.1798381504047774,0.0007977857431364,16757184978.9729
2018,ETN,ETN,not digital,0.0261465130269794,0.8884922166473691,0.0014167001387305,29757245587.158203
2018,ETR,ETR,not digital,,0.9936948403136312,0.0007702636663488,16179094262.634275
2018,EVRG,EVRG,not digital,0.2532433712121212,0.2662541360491599,0.0007120501190524,14956340924.760132
2018,EW,EW,not digital,0.0641184055012356,0.8370494205158067,0.0015244283014302,32020034519.31848
2018,EXC,EXC,not digital,0.0021961302619906,0.3589908578877877,0.0020763124575693,43612150536.61952
2018,EXPD,EXPD,not digital,0.0058333584202723,0.8479118941614857,0.0005594794596463,11751652467.956545
2018,EXPE,EXPE,not digital,0.078232201728593,0.8959130483003382,0.0007989634054986,16781921327.316284
2018,EXR,EXR,not digital,,0.0766863956122345,0.0005692353168212,11956570523.605349
2018,F,F,not digital,0.04855368035026,0.8589771575582755,0.0014487735632042,30430935624.16211
2018,FANG,FANG,not digital,,0.0766863956122345,0.0007241587577279,15210678257.652344
2018,FAST,FAST,not digital,0.0355078447563996,0.7215715791058257,0.0007146147669356,15010210374.488523
2018,FCX,FCX,not digital,0.1040380047505938,0.3365074853136252,0.0007112483500527,14939500072.997192
2018,FDX,FDX,not digital,0.0787740519133915,0.4619912096311867,0.0020049985208497,42114228520.0
2018,FE,FE,not digital,0.2444261695906432,0.2534008935925916,0.0009143112639255,19204759059.39844
2018,FFIV,FFIV,other digital,0.0247362019277257,0.944331861049574,0.0004676792991712,9823425141.992188
2018,FIS,FIS,not digital,0.0150777632672444,0.9753050063104752,0.0015988814936552,33583895399.414062
2018,FISV,FISV,not digital,0.061823802163833,0.9646599183093588,0.0013941521421493,29283633526.69409
2018,FITB,FITB,not digital,0.3497267759562841,0.9872594458783178,0.0007344406238377,15426644930.17578
2018,FLR,FLR,not digital,0.0111929293117906,0.9160216852020618,0.0002156435148524,4529509707.321167
2018,FLS,FLS,not digital,0.0218977036519288,0.8687787525576052,0.0002368613959536,4975183199.901581
2018,FMC,FMC,not digital,0.019368538958766,0.9241149754870016,0.0004741483733342,9959305575.20938
2018,FRT,FRT,not digital,,0.0841565913746469,0.0004192443423614,8806067364.300537
2018,FTI,FTI,not digital,0.0293239012499103,0.8684742480179144,0.0004191044439428,8803128851.425865
2018,FTNT,FTNT,other digital,0.0293693893383575,0.911825860948668,0.0005712629163156,11999159476.947784
2018,FTV,FTV,not digital,0.0183928007578149,0.9693466402181998,0.0010757604010514,22595936551.33867
2018,GD,GD,not digital,0.0190644599784488,0.913308780264563,0.0022165480682408,46557746003.67188
2018,GE,GE,not digital,0.0583655531384585,0.8598041610945376,0.0031347758766741,65844770585.3109
2018,GILD,GILD,not digital,0.0417589370452388,0.9370867687475462,0.0038522922460537,80915928011.44629
2018,GIS,GIS,not digital,0.0318762896378341,0.8678422152560084,0.0011062997981512,23237404928.96997
2018,GL,GL,not digital,0.0104773719483306,,0.0003842347626692,8070704507.8125
2018,GLW,GLW,other digital,,0.4584620978003999,0.0011511779002921,24180052332.17285
2018,GM,GM,not digital,0.0658499004096358,0.8295145135678437,0.0022476642220598,47211328936.012695
2018,GOOG,GOOGL,operates compute,0.1837391005635182,0.7434662703185677,0.0344256709034384,723098075287.998
2018,GPC,GPC,not digital,0.0134571836732147,0.9215760574751796,0.0006708905293366,14091799455.499756
2018,GPN,GPN,not digital,0.0633591237554086,0.9506044015263204,0.0007768056166072,16316505430.41504
2018,GRMN,GRMN,not digital,0.0465295311885725,0.8767333264225065,0.0005691788907642,11955385315.820068
2018,GS,GS,not digital,,,0.0029582821371058,62137586962.36231
2018,GT,GT,not digital,0.0524071082390953,0.569760550023708,0.0002264137347366,4755734064.445496
2018,GWW,GWW,not digital,0.0212993494340967,0.7697939724161417,0.0007571028126563,15902655554.992676
2018,HAL,HAL,not digital,0.0844342571369035,0.6584943422369333,0.0011085801590178,23285303038.443
2018,HAS,HAS,not digital,0.0306630687175384,0.9512685569490184,0.0004893539900708,10278693750.0
2018,HBAN,HBAN,not digital,0.1248581157775255,0.99273770235611,0.0006024121619514,12653437490.26831
2018,HCA,HCA,not digital,0.0765473359470403,0.4960848828015405,0.0020391151077647,42830834404.104
2018,HD,HD,not digital,0.022568690332061,0.5042556536189899,0.0092396751906802,194075850123.8047
2018,HIG,HIG,not digital,0.0860366713681241,0.9838541415892276,0.0007591554957277,15945771379.29309
2018,HII,HII,not digital,0.0566291585127201,0.6056713144289518,0.0003891826374216,8174632728.131103
2018,HLT,HLT,not digital,0.0080844374578935,0.9737763486959627,0.0010137639972297,21293725756.25977
2018,HOG,HOG,not digital,0.0373483765168907,0.9152296565877192,0.0002619011195371,5501133034.828857
2018,HON,HON,not digital,0.019807664705038,0.9083308812074844,0.0046564451193226,97806852128.19264
2018,HP,HP,not digital,0.1885600806317989,0.2184254305039834,0.0002488634408073,5227281570.259094
2018,HPE,HPE,other digital,0.0958122650071308,0.7001319067858713,0.000879642918518,18476563698.79541
2018,HPQ,HPQ,other digital,0.0093378027089889,0.9365143550343712,0.0015132103132379,31784404959.817383
2018,HRB,HRB,not digital,0.0308541750070519,0.926172631265264,0.0002482428135901,5214245532.485962
2018,HRL,HRL,not digital,0.0408149219020082,0.8142292121186516,0.0010862638479217,22816557443.145752
2018,HSIC,HSIC,not digital,0.0075691234807838,0.96303511535226,0.000569847610089,11969431509.952929
2018,HST,HST,not digital,0.0496017378711078,0.1927212572373863,0.0005953309798649,12504699963.790527
2018,HSY,HSY,not digital,0.0421766255696105,0.7234469078361474,0.0010705846322742,22487221504.02832
2018,HUM,HUM,not digital,0.4200411805078929,0.9317278558218236,0.0018710806877498,39301335559.021484
2018,IBM,IBM,other digital,0.0426555766355492,0.9125318117715712,0.0049180904022384,103302611412.45683
2018,ICE,ICE,not digital,0.0213511790949649,0.9866258581112392,0.0020427299965446,42906763762.93945
2018,IDXX,IDXX,not digital,0.0522992966878452,0.7155688135875458,0.0007636975092985,16041174640.429688
2018,IFF,IFF,not digital,0.0427636284647366,0.9037075052785642,0.0006815517147661,14315733585.525513
2018,ILMN,ILMN,not digital,0.0888088808880888,0.8455237821526081,0.0020990484655478,44089711704.71192
2018,INCY,INCY,not digital,0.0390475922254465,0.8791459700456806,0.0006442612092318,13532460752.471924
2018,INTC,INTC,fabricates compute,0.2142756323396567,0.6172643654806467,0.0101972102916106,214188509378.7422
2018,INTU,INTU,other digital,0.0063070539419087,0.8418387222438645,0.0024322969026881,51089467908.87598
2018,IP,IP,not digital,0.0674504419462799,0.6108232070526567,0.0007782540720702,16346929684.464844
2018,IPGP,IPGP,not digital,0.1098334513800506,0.789054749558158,0.0002880180270457,6049708706.889343
2018,IQV,IQV,not digital,0.0440837495197848,0.9807530267417623,0.0010953307117877,23007003457.366943
2018,IRM,IRM,not digital,0.2869458481412781,0.6213650621924974,0.0004416357415505,9276390156.326294
2018,ISRG,ISRG,not digital,0.0503195317115085,0.8965170071495023,0.0026038399338123,54692663790.89356
2018,IT,IT,other digital,,0.956838487108065,0.000553201501568,11619786355.13916
2018,ITW,ITW,not digital,0.0246478873239436,0.8795561533288501,0.0020012738943866,42035994163.02344
2018,IVZ,IVZ,not digital,0.0192883084623925,0.9848701030395371,0.0003278214564181,6885764545.852661
2018,J,J,not digital,0.0089684343889041,0.9796091111709464,0.0003708582611561,7789736200.025555
2018,JBHT,JBHT,not digital,0.1155733676429858,0.3233798415326121,0.0004835953226857,10157735139.953611
2018,JCI,JCI,not digital,0.0275641025641025,0.9323728917761338,0.0013043964384438,27398349234.699463
2018,JEF,JEF,not digital,,0.9925526873500392,0.0002670149638667,5608547382.75677
2018,JKHY,JKHY,not digital,0.0345194246633747,0.8595465549925285,0.0004656014713869,9779781162.594728
2018,JNJ,JNJ,not digital,0.044985964869271,0.8886266459196883,0.0164777817285278,346109514795.9531
2018,JPM,JPM,not digital,,0.9943055032312283,0.015452823336768,324580655056.06055
2018,KEY,KEY,not digital,0.0752279635258358,0.9936825367265226,0.000727951953523,15290352887.27069
2018,KEYS,KEYS,other digital,0.0340381640020629,0.9047046703296704,0.000554583547559,11648815703.582764
2018,KHC,KHC,not digital,0.0314451043094259,0.9315877480403244,0.0024987013990545,52484269005.06152
2018,KIM,KIM,not digital,,0.1589749161295015,0.0002945515932921,6186943771.698853
2018,KLAC,KLAC,compute equipment,0.0285622109810142,0.9492240919274736,0.0006521748147246,13698683014.818726
2018,KMB,KMB,not digital,0.0474413069349778,0.5068880011020802,0.0018785171625797,39457535873.94141
2018,KMI,KMI,not digital,0.2180507583721279,0.5194760733395887,0.0016160240544508,33943968344.7334
2018,KMX,KMX,not digital,0.0167630178670672,0.8474768664241297,0.0005130334834865,10776072469.523071
2018,KO,KO,not digital,0.0451311953352769,0.8846616035377812,0.0095953060105299,201545739732.28125
2018,KR,KR,not digital,0.0243492105176771,0.4335295857192784,0.0010444337326234,21937931840.0
2018,KSS,KSS,not digital,0.0285728409708833,0.4194488012547613,0.0005215356258687,10954656724.55957
2018,L,L,not digital,0.2560473494595985,0.8019434087542776,0.0006797307225607,14277484339.418943
2018,LEG,LEG,not digital,0.0373814263965335,0.784594914251922,0.0002225311159916,4674181139.900208
2018,LEN,LEN,not digital,0.0063407223277532,0.9888028084678172,0.0006015156125545,12634605812.443624
2018,LH,LH,not digital,0.0335115675790142,0.8924765064595652,0.00060699622925,12749724073.901363
2018,LHX,LHX,not digital,0.0236729892662843,0.9086387168815347,0.0014171359589039,29766399823.526367
2018,LIN,LIN,not digital,0.1269210029657589,0.6817831366585998,0.0041542755653364,87258972350.50488
2018,LKQ,LKQ,not digital,0.0210519376047536,0.8929062627650635,0.000359490334207,7550957234.178223
2018,LLY,LLY,not digital,,0.8178913374206302,0.0054146872554153,113733438737.02734
2018,LMT,LMT,not digital,0.0237714370745135,0.8635350744273108,0.0035456059104032,74474098608.96094
2018,LNC,LNC,not digital,,,0.0005217934600382,10960072432.861816
2018,LNT,LNT,not digital,0.4623655913978494,0.192117204719305,0.0004913902250308,10321464088.0
2018,LOW,LOW,not digital,0.016463559999439,0.4411889716924995,0.0035307048855882,74161108271.20605
2018,LRCX,LRCX,compute equipment,0.0314382498724045,0.9277525042559764,0.0010060296916064,21131269619.223328
2018,LUMN,LUMN,not digital,0.1508886987928904,0.624117513094967,0.0007913268711737,16621518839.078123
2018,LUV,LUV,not digital,0.0875028454359207,0.2559920740768967,0.0012442991900526,26136029474.43628
2018,LW,LW,not digital,0.0889657926261147,0.4838334665407251,0.0005128981590276,10773230030.923828
2018,LYB,LYB,not digital,0.0552116665792372,0.5587736049225547,0.0015189516408446,31904999354.4375
2018,M,M,not digital,0.0263105202034359,0.6592963284481438,0.0004359216435582,9156367709.36084
2018,MA,MA,not digital,0.015116119279923,0.9629525341914722,0.0092758567618918,194835830214.75
2018,MAA,MAA,not digital,,0.0766863956122345,0.0005374059126566,11288006040.039062
2018,MAC,MAC,not digital,,0.2482640596764659,0.0003123098614434,6559949414.978027
2018,MAR,MAR,not digital,0.0267848540321803,0.9174544226873734,0.0017630918015943,37033070230.203125
2018,MAS,MAS,not digital,0.032912533814247,0.8358983867977008,0.0004252760453152,8932760982.23706
2018,MAT,MAT,not digital,0.0165371300231903,0.8744622462761718,0.0001641571605856,3448058490.921204
2018,MCD,MCD,not digital,0.1289732287761255,0.3038139415809235,0.0065171618719987,136890497187.4336
2018,MCHP,MCHP,fabricates compute,0.042789045705206,0.9070023736859952,0.0008098123262893,17009798766.937256
2018,MCK,MCK,not digital,0.0021961302619906,0.9591924612046836,0.001027544833368,21583186958.496094
2018,MCO,MCO,not digital,0.0203479865847345,0.9663664420230522,0.0012774772497798,26832921953.24268
2018,MDLZ,MDLZ,not digital,0.0422160536664353,0.8645437414162063,0.0027706865573917,58197213425.29297
2018,MDT,MDT,not digital,0.0371109729358248,0.9496241506461108,0.0058160459698716,122163825315.04102
2018,MET,MET,not digital,,0.99684456293099,0.0019290791107023,40519570292.17578
2018,META,META,operates compute,0.2492030516852322,0.7464092711693755,0.0165898486002651,348463436655.1406
2018,MGM,MGM,not digital,0.126398951432514,0.3138231195259058,0.0006089053291655,12789823988.82605
2018,MHK,MHK,not digital,0.0795411770904261,0.6412048348580283,0.0004131616535661,8678302808.228882
2018,MKC,MKC,not digital,0.0318888134570415,0.9082036582036582,0.0008728163657174,18333174563.26294
2018,MLM,MLM,not digital,0.0885894022571448,0.4600582113616852,0.0005131408813567,10778328320.788574
2018,MMM,MMM,not digital,0.0481306271936517,0.7606027397260274,0.0052821220552782,110948957315.06204
2018,MNST,MNST,not digital,0.0162695095034832,0.946309509109011,0.002591510077097,54433679857.52734
2018,MO,MO,not digital,0.0093833780160857,0.9650552660523992,0.0044183748765758,92806277562.8789
2018,MOS,MOS,not digital,0.0995587913176806,0.4161547178814266,0.0005360525328784,11259578814.45166
2018,MPC,MPC,not digital,0.0369281880909787,0.5151925973746503,0.0019408728995479,40767294324.58447
2018,MRK,MRK,not digital,0.0618291010545231,0.839164054842262,0.0094595871651502,198695017195.90387
2018,MS,MS,not digital,,,0.003254379474376,68356998496.23047
2018,MSCI,MSCI,not digital,0.0210999564848701,0.9731764204451538,0.0006178962600249,12978675059.228516
2018,MSFT,MSFT,operates compute,0.1106537511025643,0.886188033131413,0.0371253927942725,779804702983.0898
2018,MSI,MSI,other digital,0.0268282718235053,0.904878308002976,0.0008956250024075,18812261269.714355
2018,MTB,MTB,not digital,0.0165308717403398,0.9946093089123668,0.0009564297235643,20089441225.3418
2018,MTD,MTD,not digital,0.0486192535323441,0.7260145399864902,0.000674373195465,14164951528.015137
2018,MU,MU,fabricates compute,0.29215886282123,0.4542604205090372,0.0016934806935163,35570915479.14404
2018,NCLH,NCLH,not digital,0.2587553091380757,0.2029937583725339,0.0004439396324776,9324782505.737305
2018,NDAQ,NDAQ,not digital,0.0259527706336216,0.9760509554140128,0.0006367157899118,13373972100.12744
2018,NEE,NEE,not digital,,0.3217681433337833,0.0039551493402874,83076402010.01367
2018,NEM,NEM,not digital,0.142285950641114,0.4082548877624909,0.0008786957988996,18456669812.77466
2018,NFLX,NFLX,other digital,0.0110131850388693,0.9838964133916472,0.00555699279255,116722512219.24316
2018,NI,NI,not digital,0.3642884334114724,0.2871720785177032,0.0004461427807344,9371058793.816772
2018,NKE,NKE,not digital,0.0286064882276248,0.8023606673766418,0.0056055515733213,117742470871.9746
2018,NKTR,NKTR,not digital,0.0119322262287746,0.9772804222173854,0.0002708596499481,5689303546.183073
2018,NOC,NOC,not digital,0.0415019106163814,0.8307704565373277,0.0020242946782711,42519536940.30762
2018,NOV,NOV,not digital,0.0288654915414645,0.8587088300666801,0.0004690650542346,9852532398.085815
2018,NRG,NRG,not digital,0.0476190476190476,0.7132103876552502,0.0005466048841244,11481226924.001951
2018,NSC,NSC,not digital,0.1702740443358352,0.1420569000248351,0.0019389435820861,40726769747.81836
2018,NTAP,NTAP,other digital,0.0281483891962251,0.924331898708838,0.0007155586919362,15030037158.78296
2018,NTRS,NTRS,not digital,0.0260010123344966,0.9967612744634584,0.0008810637588684,18506407907.947266
2018,NUE,NUE,not digital,0.0391957579440512,0.7023117768233944,0.0007743472675355,16264868746.641356
2018,NVDA,NVDA,designs compute,,0.9113068232363668,0.0038770046359372,81435002326.96533
2018,NWL,NWL,not digital,0.0445376496078045,0.9477546228353392,0.0004131382902754,8677812071.228027
2018,NWSA,NWS,other digital,0.0567798292634504,0.843386761287165,0.0003181607970507,6682846083.808228
2018,O,O,not digital,,0.0939387698279274,0.0008877892061208,18647673360.036263
2018,OKE,OKE,not digital,0.1700501604199601,0.1900549872801017,0.0010565736339167,22192925832.24353
2018,OMC,OMC,other digital,0.012799047756079,0.9717918511597676,0.0007814244832628,16413522961.257936
2018,ORCL,ORCL,operates compute,0.0420189338328355,0.9572219280237356,0.007714481855654,162039746365.85742
2018,ORLY,ORLY,not digital,0.0528780797170596,0.550545441058522,0.0013131563819652,27582348504.249573
2018,OXY,OXY,not digital,0.3197300771208226,0.2543229203728741,0.0022063479162191,46343495704.37476
2018,PAYX,PAYX,not digital,0.0335328692543134,0.9502867827273416,0.0011137921880768,23394779719.129395
2018,PCAR,PCAR,not digital,0.0194759041016015,0.9026426082315636,0.0009505869887165,19966716810.33618
2018,PCG,PCG,not digital,0.3886866758159795,0.2394700954607441,0.0005864666033938,12318507120.0
2018,PEG,PEG,not digital,0.4189782585412873,,0.0012525184209423,26308671281.572266
2018,PEP,PEP,not digital,0.0507570251001376,0.7734777457242943,0.0074245702442112,155950263641.5869
2018,PFE,PFE,not digital,0.0485976729944886,0.916040446111578,0.0120124774615983,252317503304.0421
2018,PFG,PFG,not digital,,0.9968428558555704,0.0005952133713449,12502229641.723633
2018,PG,PG,not digital,0.0494503870929614,0.8258811596652861,0.0109028591984431,229010395284.4922
2018,PGR,PGR,not digital,0.0083179586603708,0.9757015566290927,0.0016750819582146,35184457067.87109
2018,PH,PH,not digital,0.0136232252845675,0.8788363930309273,0.0009397233287151,19738529779.22058
2018,PHM,PHM,not digital,0.005794766581494,0.990864521846901,0.0003475224844035,7299577117.79602
2018,PKG,PKG,not digital,0.0786074758361132,0.5268277090278095,0.0003725244626345,7824734126.005371
2018,PLD,PLD,not digital,,0.99684456293099,0.0018453259995741,38760368165.771484
2018,PM,PM,not digital,0.0484725738396624,0.8190748976156378,0.0049408069008362,103779762793.45312
2018,PNC,PNC,not digital,,0.985020205851196,0.0025682541270374,53945197504.50879
2018,PNR,PNR,not digital,0.0162557755219048,0.9283856561145408,0.0003122477727581,6558645265.844727
2018,PNW,PNW,not digital,0.3191791283541849,0.2996788646325489,0.000454624575644,9549215657.958984
2018,PPG,PPG,not digital,0.0267334460777936,0.8248517015298158,0.0011675262671701,24523443537.43799
2018,PPL,PPL,not digital,0.4162488751767579,0.2059636832887823,0.0009713704721174,20403265945.0531
2018,PRGO,PRGO,not digital,0.0216835386858845,0.924513356519839,0.0002506333786991,5264458440.0
2018,PRU,PRU,not digital,,,0.0016034640982911,33680151260.375977
2018,PSA,PSA,not digital,,0.1359921561235219,0.0016824860409585,35339976999.38965
2018,PSX,PSX,not digital,,0.5945269050863689,0.001891294490275,39725918764.4209
2018,PVH,PVH,not digital,0.0392987324993786,0.924295582086036,0.0003351447060578,7039586608.874512
2018,PWR,PWR,not digital,0.0262808954597816,0.8196621803341452,0.0002099615171691,4410161515.091797
2018,PYPL,PYPL,not digital,0.0532651608310141,0.9602141604357056,0.0047174527188467,99088293466.47656
2018,QCOM,QCOM,designs compute,0.0346733890584228,0.909071459135644,0.0032842313341612,68984025415.03906
2018,QRVO,QRVO,fabricates compute,0.0714931277454636,0.7846732102497853,0.0003611339422096,7585480592.823029
2018,RCL,RCL,not digital,0.38551571654447,0.1527931888886923,0.000973010734553,20437719031.34156
2018,REG,REG,not digital,,0.99684456293099,0.0004743458178732,9963452822.376707
2018,REGN,REGN,not digital,0.0744519589552238,0.7804934168477566,0.0019226575328104,40384687500.0
2018,RF,RF,not digital,,0.9837295525428044,0.0006585780692843,13833180932.397034
2018,RHI,RHI,not digital,0.0073244853559428,0.93422510781111,0.0003250805518182,6828192891.075134
2018,RJF,RJF,not digital,0.017924023542001,0.987009862881886,0.0004766010798605,10010823739.471436
2018,RL,RL,not digital,0.0313163313796927,0.8068953168492504,0.0003962050630843,8322136098.356628
2018,RMD,RMD,not digital,0.0263602923686742,0.8738382132971357,0.0007725194144987,16226475391.38794
2018,ROK,ROK,not digital,0.0188268826882688,0.9078888534014692,0.0008616452739918,18098530046.14258
2018,ROL,ROL,not digital,0.014920686332906,0.874890780204072,0.0005625515624523,11816180814.6167
2018,ROP,ROP,other digital,0.0094583140699645,0.9915603790288208,0.0013123984762329,27566428983.673096
2018,ROST,ROST,not digital,0.0276235103571312,0.5836346093385048,0.0014679154192725,30833003003.45215
2018,RSG,RSG,not digital,0.1067434194145943,0.6289910718416061,0.0011139608680754,23398322778.10547
2018,RVTY,RVTY,not digital,0.0335684428631286,0.9466841557942554,0.0004614994717711,9693620226.608276
2018,SBAC,SBAC,not digital,0.6324750896189761,0.6137415894490863,0.0008734049056959,18345536620.83435
2018,SBUX,SBUX,not digital,0.079953073484496,0.754553658657747,0.0038036704627516,79894646014.60547
2018,SCHW,SCHW,not digital,0.0562574022897749,0.994033364588744,0.002670088462472,56084188844.94141
2018,SHW,SHW,not digital,0.0143146368587641,0.9071405800055398,0.0017447183084674,36647142021.17432
2018,SJM,SJM,not digital,0.045904567491707,0.8869957911797768,0.0005063284203014,10635235176.986694
2018,SLB,SLB,not digital,0.0658235563004723,0.8343568723672827,0.0023786952918475,49963586535.64453
2018,SLG,SLG,not digital,0.6324750896189761,0.4969321698912382,0.0003383548551439,7107014564.950254
2018,SNA,SNA,not digital,,0.9078558001898346,0.0003851537910523,8090008348.15979
2018,SNPS,SNPS,designs compute,0.0317123231929685,0.9496727451173728,0.0005986341888356,12574082607.215576
2018,SO,SO,not digital,0.316984271621568,0.3089193766358178,0.002151376696206,45188846213.32617
2018,SPG,SPG,not digital,0.138506485408716,0.2111075058015449,0.0028514031845234,59892635364.53027
2018,SPGI,SPGI,not digital,0.0180568871844039,0.9714013346043852,0.0020299320515842,42637947814.675896
2018,SRE,SRE,not digital,0.3751455488514872,0.4320558065899271,0.0014095603032302,29607276068.115234
2018,STT,STT,not digital,0.050201961915753,0.9909483393023598,0.0011396224925659,23937335404.174805
2018,STX,STX,other digital,0.0579403272377285,0.8095642933049947,0.0005258127614646,11044496324.950806
2018,STZ,STZ,not digital,0.1092040413997042,0.7667963405668323,0.0014525362286797,30509968976.07422
2018,SWK,SWK,not digital,0.0351942441926993,0.9013190436933224,0.0008611403389001,18087924077.301025
2018,SWKS,SWKS,fabricates compute,0.1091778697001034,0.7637350121145603,0.0005664560956577,11898194044.036863
2018,SYF,SYF,not digital,,,0.0008027497864002,16861452812.701172
2018,SYK,SYK,not digital,0.0420557311962355,0.9158617650299312,0.0027924246377175,58653813504.0
2018,SYY,SYY,not digital,0.0115179808098363,0.7497753785692893,0.0015506073766628,32569916000.68665
2018,T,T,other digital,0.1215652744266672,0.7528071085841493,0.0098889739031961,207714121709.6843
2018,TAP,TAP,not digital,0.0605129252711335,0.8469501624055955,0.0005776283069751,12132862077.75476
2018,TDG,TDG,not digital,0.0191550774075045,0.968162816099441,0.0008539846124641,17937620775.219727
2018,TEL,TEL,other digital,0.0668430082928224,0.8284607083292456,0.00123514071812,25943659267.749023
2018,TFC,TFC,not digital,,0.9906157370279622,0.0027663844726155,58106849776.89551
2018,TGT,TGT,not digital,0.0466585275226922,0.3912115723395281,0.0016419249177927,34488006091.546875
2018,TJX,TJX,not digital,0.0288697535576869,0.6439004368682207,0.0026266190734147,55171130922.28125
2018,TMO,TMO,not digital,0.0311191395024222,0.9259318537487552,0.0042891748504879,90092480337.1582
2018,TPR,TPR,not digital,0.0454945164341059,0.8674213497446955,0.0004656411691998,9780615000.0
2018,TRIP,TRIP,not digital,0.0377708978328173,0.883248730964467,0.0003535271987789,7425703850.944519
2018,TROW,TROW,not digital,0.0313628410825298,0.9139973729728323,0.0010577326377408,22217270265.11792
2018,TRV,TRV,not digital,,,0.0015101317163764,31719740208.0
2018,TSCO,TSCO,not digital,0.0352077335917399,0.6322957337172661,0.0004849102055407,10185353752.365112
2018,TSN,TSN,not digital,0.0299610506341755,0.8083268603386671,0.000929565885301,19525176557.922363
2018,TTWO,TTWO,other digital,0.0250971183415942,0.97258363852288,0.0005578513476925,11717454597.90039
2018,TXN,TXN,fabricates compute,0.0716548403446528,0.8142615393592811,0.0043214930238914,90771311232.0
2018,TXT,TXT,not digital,0.0264099627827082,0.8166713404374649,0.0005319676033856,11173776429.881958
2018,UA,UAA,not digital,0.0328093453246899,0.805214672621249,0.0003589859270449,7540362354.297241
2018,UAA,UAA,not digital,0.0328093453246899,0.805214672621249,0.0003580290645955,7520263823.830322
2018,UAL,UAL,not digital,0.0985400576229329,0.4411104765013055,0.0010861140804532,22813411634.643555
2018,UDR,UDR,not digital,0.4126254891951676,0.1516818279897839,0.0005627594513394,11820547441.329956
2018,UHS,UHS,not digital,0.0617290047657514,0.5696641421404147,0.0005136346682523,10788700126.02539
2018,ULTA,ULTA,not digital,0.0475537156737434,0.5910687537022719,0.0006913705440741,14521974346.792604
2018,UNH,UNH,not digital,0.0091183529505363,0.9444360502164616,0.0114099622548259,239661901396.64844
2018,UNM,UNM,not digital,0.0124240203474587,0.9911612978298392,0.0003059729591478,6426845201.37854
2018,UNP,UNP,not digital,0.1505343377715487,0.1093546587316347,0.0048487660931065,101846480763.77344
2018,UPS,UPS,not digital,0.0874326825399034,0.4686500319897633,0.0039886293070992,83779635931.8789
2018,URI,URI,not digital,0.0229899341369454,0.9661390834390338,0.000395886722647,8315449478.997803
2018,USB,USB,not digital,,0.994742968158263,0.0035161464315471,73855313501.77881
2018,V,V,not digital,0.0348391479450725,0.9642903575297942,0.0138456913989284,290823462226.1719
2018,VFC,VFC,not digital,,0.9018924850479716,0.0013477103217371,28308140818.153244
2018,VLO,VLO,not digital,0.0288465646441601,0.4248230485494966,0.0015144465327125,31810371277.9541
2018,VMC,VMC,not digital,0.1070276113659796,0.5690346852614845,0.0006211178250611,13046342802.978516
2018,VNO,VNO,not digital,,0.2399822732290486,0.0005991282210893,12584459566.107422
2018,VRSK,VRSK,not digital,0.0964469124462444,0.9057844516380524,0.0008545818228178,17950164950.71411
2018,VRSN,VRSN,other digital,0.0304592133626454,0.8673781825475424,0.0008534542497261,17926480708.374023
2018,VRTX,VRTX,not digital,0.0313194297014992,0.8699938743796328,0.0020161527048013,42348517895.78247
2018,VTR,VTR,not digital,0.0352014651036758,0.1102921000657307,0.0010011443143412,21028654134.765625
2018,VZ,VZ,other digital,0.1272934290059069,0.662854143617202,0.0110595757986419,232302167644.9297
2018,WAT,WAT,not digital,,0.907957126445971,0.0006802992046214,14289425088.08496
2018,WBD,WBD,other digital,0.0139296882403108,0.9754224270353302,0.0028602575823596,60078618610.90332
2018,WDC,WDC,other digital,0.0528698171283722,0.8941337438002395,0.0005094137876488,10700042140.27558
2018,WEC,WEC,not digital,0.3147470538446513,0.3427819499459311,0.0010404060803804,21853332542.19629
2018,WELL,WELL,not digital,,0.0766863956122345,0.0012413199376784,26073451415.64941
2018,WFC,WFC,not digital,,0.9952950683138148,0.0103267587299164,216909624870.0937
2018,WHR,WHR,not digital,0.028045824024338,0.813920531967079,0.0003246520891481,6819193196.25473
2018,WM,WM,not digital,0.1120423762907335,0.4727593818984548,0.0018062989234847,37940619331.14453
2018,WMB,WMB,not digital,0.3784286378428638,0.3928744867776257,0.0012707875223328,26692406782.03125
2018,WMT,WMT,not digital,0.0202692772701531,0.4735285201592004,0.0128840696900421,270624965331.1875
2018,WTW,WTW,not digital,0.0318554617853322,0.9709124594719778,0.0004832214480898,10149882046.794128
2018,WU,WU,not digital,0.0253966484598521,0.9699448692868576,0.0003596488748564,7554287319.995544
2018,WY,WY,not digital,0.0492241840556447,0.8923415850194214,0.0007797100743859,16377512457.27539
2018,WYNN,WYNN,not digital,0.2197151984470783,0.2898207504704996,0.0005120528100431,10755473798.217772
2018,XEL,XEL,not digital,0.3429834445696454,0.1966425294104855,0.0012057307368974,25325913839.46106
2018,XOM,XOM,not digital,0.0700743201638194,0.286239586823649,0.0137447634306214,288703508781.25
2018,XRAY,XRAY,not digital,0.0459106874059207,0.8997352365603776,0.0003942471497522,8281010876.251221
2018,XRX,XRX,not digital,0.0056924032291451,0.9665187575635336,0.0002241636690003,4708472292.618652
2018,XYL,XYL,not digital,0.0477533749748136,0.9091664358903352,0.0005708578750306,11990651739.379885
2018,YUM,YUM,not digital,0.0411392405063291,0.7004842615012107,0.0013666899535496,28706800738.87793
2018,ZBH,ZBH,not digital,0.0205095236294419,0.9164663361904604,0.0010072256603713,21156390486.568
2018,ZION,ZION,not digital,0.3131067961165049,0.9836499578157276,0.0003727569244005,7829616896.656128
2018,ZTS,ZTS,not digital,0.0580257510729613,0.8461538461538461,0.0019566068365177,41097779664.18604
2019,A,A,not digital,0.0300213054425721,0.9100719424460432,0.0009723889709001,26461711655.197266
2019,AAL,AAL,not digital,0.0932529278098234,0.4167013917826485,0.0004616712638959,12563503114.804688
2019,AAP,AAP,not digital,0.0278225271946048,0.8725865835742909,0.0004076194386076,11092585757.635498
2019,AAPL,AAPL,other digital,0.0403383889243352,0.8895827671365608,0.0479462677351498,1304766250666.0312
2019,ABBV,ABBV,not digital,0.0165935189081945,0.9667620490377602,0.0048114604443984,130934721320.62012
2019,ABT,ABT,not digital,0.0513415245737211,0.8815973603193542,0.0056446519527276,153608439458.90234
2019,ACN,ACN,other digital,0.0138611320098411,0.9533007182304865,0.0049208199868588,133910732737.79295
2019,ADBE,ADBE,other digital,0.0353594127651955,0.9377227627396204,0.0058457238249818,159080227050.89453
2019,ADI,ADI,fabricates compute,0.0459637810639677,0.9429715573687232,0.0016083805678199,43769010232.67773
2019,ADM,ADM,not digital,0.0128062360801781,0.7703025206264064,0.0009481610869511,25802395992.16455
2019,ADP,ADP,not digital,,0.9817559808726668,0.002711011417619,73775006272.0
2019,ADSK,ADSK,other digital,0.0162477476101762,0.96834559756407,0.0014833761803074,40367254189.592285
2019,AEE,AEE,not digital,0.4079526226734348,0.1575018145370338,0.0006943387375357,18895104750.82397
2019,AEP,AEP,not digital,0.0590178261596,0.2075862768686678,0.0017154758665838,46683404575.19531
2019,AES,AES,not digital,0.2360388654431249,0.329113171659534,0.000485482124678,13211470287.544922
2019,AFL,AFL,not digital,,0.9961968475073314,0.0014268702290437,38829552473.62256
2019,AIG,AIG,not digital,0.0061110441040485,0.9962804534304388,0.0016409247374579,44654637752.92969
2019,AIV,AIV,not digital,,0.257241940283702,0.0002825812435259,7689909706.017883
2019,AIZ,AIZ,not digital,0.0115266848501948,0.9902079871396576,0.0002920704650366,7948140775.027466
2019,AJG,AJG,not digital,,0.976195326664901,0.000652722076538,17762586677.98535
2019,AKAM,AKAM,other digital,0.1242966847374756,0.8355684679328307,0.00051295503829,13959093245.10962
2019,ALB,ALB,not digital,0.2373069573500171,0.5021254224909117,0.0002845928013716,7744650417.076111
2019,ALGN,ALGN,not digital,0.0622017819540999,0.7473789359947727,0.0008081396724072,21991980193.450928
2019,ALK,ALK,not digital,0.0792620430474888,0.4687908874009081,0.0003066527829159,8344970750.0
2019,ALL,ALL,not digital,0.0104234370862521,0.990454355981659,0.0013386516186883,36428851211.364746
2019,ALLE,ALLE,not digital,0.0229852838121934,0.901792936101375,0.0004252303617236,11571833449.067688
2019,AMAT,AMAT,compute equipment,0.0301889375684556,0.9196278385197644,0.0020530616150309,55870156997.98584
2019,AMCR,AMCR,not digital,0.0320821302534488,0.76842411884649,0.0006382644170892,17369149044.49463
2019,AMD,AMD,designs compute,0.0322388946664685,0.9170537491705376,0.0019667675552954,53521828711.04297
2019,AME,AME,not digital,0.0198400444155216,0.9442424998417908,0.0008378270120816,22799864533.75269
2019,AMGN,AMGN,not digital,0.0264532146220357,0.91746361398161,0.005263640570997,143239941231.9336
2019,AMP,AMP,not digital,0.0109135312523849,0.9959822957557236,0.0007755465277702,21105019911.987305
2019,AMT,AMT,not digital,0.6632591463052737,0.7176647601958805,0.0037407167732346,101796474044.18944
2019,AMZN,AMZN,operates compute,0.0601058027534382,0.6772224392669413,0.0336659082186553,916153496751.0938
2019,ANET,ANET,designs compute,0.0065337706049597,0.9906164208453896,0.0005710323350955,15539556133.69751
2019,AON,AON,not digital,0.0204304004358485,0.9788811426628125,0.0017761343495055,48334109522.03369
2019,AOS,AOS,not digital,0.0215190296387877,0.8216481360366252,0.0002855484135548,7770655580.444336
2019,APA,APA,not digital,,0.2180924504335339,0.0003536077740208,9622761297.37854
2019,APD,APD,not digital,0.2230880489746493,0.4542728635682159,0.0019039366837854,51812006351.16577
2019,APH,APH,other digital,0.0358645172271257,0.9076325643752022,0.0011791871642008,32089330155.303955
2019,APTV,APTV,not digital,0.0543985512293654,0.7541422096738242,0.0008909204671054,24244701671.63086
2019,ARE,ARE,not digital,,0.9964879051592744,0.0006837186305801,18606098790.84778
2019,ATO,ATO,not digital,0.5835857012496865,,0.0005025482304788,13675891814.620972
2019,AVGO,AVGO,designs compute,0.0191175819799088,0.9619960588505476,0.004619475788253,125710224987.18262
2019,AVY,AVY,not digital,0.0310320928982616,0.7794235534178691,0.0004014188832237,10923849466.313477
2019,AWK,AWK,not digital,0.4611095623083356,0.1961908120976986,0.0008160899311086,22208331324.157715
2019,AXP,AXP,not digital,0.0584182676941652,0.9755858585858586,0.0037432919310683,101866552054.2246
2019,AZO,AZO,not digital,0.041812267848351,0.5554982142627971,0.0010328197772908,28106220819.38477
2019,BA,BA,not digital,0.0239553808174087,0.9064396632366698,0.0067370068056458,183334793837.7656
2019,BAC,BAC,not digital,,0.9956611925907088,0.0116417409570126,316807781235.71875
2019,BALL,BALL,not digital,0.0521178316193132,0.7425115207373272,0.0007460087577712,20301205825.195312
2019,BAX,BAX,not digital,0.0612568209822214,0.7519925245973726,0.0015688291612976,42692694122.283936
2019,BBY,BBY,not digital,0.0170264448416517,0.8054414386481668,0.0008349150371012,22720620687.324707
2019,BDX,BDX,not digital,0.05534991324465,0.8906790302327827,0.0027085173228841,73707134239.62067
2019,BEN,BEN,not digital,0.0412212932585458,0.9529527531963502,0.0004765456250823,12968280491.500854
2019,BF-B,BF-B,not digital,0.0336009515313708,0.8412142440163456,0.0011558235942352,31453535149.22534
2019,BIIB,BIIB,not digital,0.0357840852975747,0.8807643302746904,0.0019675292449435,53542556642.39502
2019,BKNG,BKNG,other digital,0.0244258595513075,0.9655172413793104,0.0031587848800521,85960307220.84045
2019,BKR,BKR,not digital,0.0520177867270744,0.8830781914594614,0.0009675378377815,26329697317.69556
2019,BLK,BLK,not digital,0.0174702524245133,0.9957597466522756,0.0028694976829203,78087907774.60352
2019,BMY,BMY,not digital,0.0319755211321476,0.9518869666933448,0.005529454437392,150473558742.0
2019,BR,BR,not digital,0.0138441156988297,0.9512974463370012,0.0005204614874332,14163366944.961548
2019,BRK-B,BRK-B,not digital,0.0905264231327048,,0.0203534691853875,553880853120.0
2019,BSX,BSX,not digital,0.0429436422915696,0.9319810240471128,0.0023161109680675,63028543548.48047
2019,BWA,BWA,not digital,0.0473052714398111,0.6985157699443414,0.0003291674976176,8957665778.703354
2019,BXP,BXP,not digital,,0.1720793679840243,0.0007833063623882,21316189014.37378
2019,C,C,not digital,0.0710831657053032,,0.0064092327911738,174415049045.72656
2019,CAG,CAG,not digital,0.0334256042842669,0.8952272911433433,0.0006123168073997,16663034324.672607
2019,CAH,CAH,not digital,0.0029192302151959,0.9424846812977564,0.0005436369723674,14794043575.561523
2019,CAT,CAT,not digital,0.019628252788104,0.8355193555377105,0.0029991639150414,81616527029.33203
2019,CB,CB,not digital,,0.9892620787485236,0.0025923338470977,70545422489.11523
2019,CBOE,CBOE,not digital,0.0140619366211289,0.9908093627173,0.000488857327633,13303320000.0
2019,CBRE,CBRE,not digital,0.0126111934105597,0.9483734098173536,0.0007539367268555,20516950386.47461
2019,CCI,CCI,not digital,0.6632591463052737,0.6186389994019295,0.0021718008426918,59101418662.35352
2019,CCL,CCL,not digital,0.2606962785114046,0.1537351857605752,0.0012777127346428,34770515682.62207
2019,CDNS,CDNS,designs compute,0.0319327112436272,0.9178324360148634,0.0007151678782061,19461930096.38037
2019,CDW,CDW,other digital,0.0131041902353541,0.954609095682176,0.0007541734505749,20523392371.10449
2019,CE,CE,not digital,0.0587581387962521,0.6081680033769523,0.0005468693736202,14882007211.990356
2019,CF,CF,not digital,0.0880174291938997,0.3287873808741374,0.0003814415356242,10380204044.952393
2019,CFG,CFG,not digital,0.1075085324232082,0.9954082771686992,0.0006487296050786,17653939180.211426
2019,CHD,CHD,not digital,0.0169125915046928,0.910145101691351,0.0006344016177256,17264030325.546265
2019,CHRW,CHRW,not digital,0.0029192302151959,0.9550915092672796,0.0003886566486261,10576549587.249756
2019,CHTR,CHTR,other digital,0.1572196486321125,0.7665735417172781,0.003828505598178,104185479515.9912
2019,CI,CI,not digital,0.0068374509982678,0.9716448187759188,0.0028060639123108,76361678665.36475
2019,CINF,CINF,not digital,0.0030287733467945,0.991852959697733,0.0006312687884016,17178776349.28894
2019,CL,CL,not digital,0.021347097431976,0.7505653851270454,0.0021680337206226,58998903618.53125
2019,CLX,CLX,not digital,0.0377919952388037,0.7978889757623143,0.000708105089796,19269729777.389526
2019,CMCSA,CMCSA,other digital,0.0913605404710763,0.816554928743347,0.0075176967631065,204579782381.0952
2019,CME,CME,not digital,0.0504519309778143,0.9927674289672448,0.0026432431656405,71930822517.45605
2019,CMG,CMG,not digital,0.0597726358570298,0.7142403210905293,0.0008550164039215,23267641055.29785
2019,CMI,CMI,not digital,0.0296975096516906,0.784921720626235,0.0010075072578104,27417388868.59131
2019,CMS,CMS,not digital,0.3275027330938622,0.2947795953347989,0.0006554429594396,17836630317.87085
2019,CNC,CNC,not digital,0.0103746233869592,0.9482607210811338,0.0009559866613752,26015354078.01819
2019,CNP,CNP,not digital,0.3336439888164026,0.4195164513496017,0.0005032922590553,13696139133.588137
2019,COF,COF,not digital,0.2321989528795811,0.9887848551996208,0.0017611871133583,47927348992.24121
2019,COO,COO,not digital,0.1100851737393532,0.8195712805801258,0.0005792527450357,15763258915.234377
2019,COP,COP,not digital,0.2037645469340129,0.4005587542899282,0.0026221005960332,71355467801.03906
2019,COR,COR,not digital,0.0029192302151959,0.9548014677838598,0.0001177429039163,3204148613.487244
2019,COST,COST,not digital,0.0196328821306719,0.5398678414096916,0.0047712886300601,129841521994.5293
2019,COTY,COTY,not digital,0.0566789605324515,0.9247487295313382,0.0003133155275336,8526284640.0
2019,CPB,CPB,not digital,0.0473664734180338,0.8132795862488591,0.0005478168120781,14907789943.013184
2019,CPRI,CPRI,not digital,0.040172941812286,0.9075187969924812,0.0002125769294969,5784875786.57666
2019,CPRT,CPRT,not digital,0.1831003297327025,0.439583736487863,0.0007768086928362,21139367327.51465
2019,CRM,CRM,other digital,0.0376067376301321,0.9332726030516968,0.0052414210546927,142635279464.72168
2019,CSCO,CSCO,other digital,0.017513101109741,0.9714805763193683,0.0074765034230834,203458784181.375
2019,CSX,CSX,not digital,0.1388120968417525,0.1591604150874349,0.0020677665628669,56270324113.39453
2019,CTAS,CTAS,not digital,0.0325031897836592,0.8076173154030666,0.0010254035320783,27904401847.503662
2019,CTSH,CTSH,other digital,0.0233569683608413,0.9192174771661318,0.0012479303385437,33960044562.97583
2019,CTVA,CTVA,not digital,0.0839953777264191,0.8927754322239781,0.0008129444799871,22122733869.75073
2019,CVS,CVS,not digital,0.0095686512758201,0.9458572526736464,0.0035515374534711,96648319591.06444
2019,CVX,CVX,not digital,0.1009258928252243,0.3661488956652121,0.0083734968424072,227868749667.4941
2019,D,D,not digital,0.3623135685703892,0.4490623464935515,0.0025229686069598,68657779747.00928
2019,DAL,DAL,not digital,0.1050056374582509,0.5148143556685055,0.001389828371024,37821528940.42456
2019,DD,DD,not digital,0.1601451153148484,0.8537397799535682,0.0017476811429772,47559809762.00926
2019,DE,DE,not digital,0.0285292169748841,0.9181904096642972,0.0019945618719344,54278198039.123535
2019,DG,DG,not digital,0.0282785819529333,0.7750077665635315,0.0014593161709048,39712506912.231445
2019,DGX,DGX,not digital,0.0517732332384157,0.8868644397726388,0.0005285798204987,14384291898.99878
2019,DHI,DHI,not digital,0.0072301894514264,0.96801353273615,0.000714945849187,19455888000.0
2019,DHR,DHR,not digital,0.0355089051420914,0.962920009020328,0.0039217774038785,106723693853.94356
2019,DIS,DIS,other digital,0.070050425962906,0.8370845018145826,0.0095792536057957,260681120800.78125
2019,DLR,DLR,not digital,,0.3831067198291877,0.0009189671267651,25007938033.843994
2019,DLTR,DLTR,not digital,0.0438274010198722,0.7448152756791988,0.0008179173785723,22258061822.235107
2019,DOC,DOC,not digital,0.6632591463052737,0.4134762395004707,0.0002385671092648,6492148969.909668
2019,DOV,DOV,not digital,0.0261762343098345,0.9028409672232824,0.0006152685169011,16743359470.321655
2019,DRI,DRI,not digital,0.0589094262767551,0.5668273146891121,0.0004911181614727,13364844281.906128
2019,DTE,DTE,not digital,,0.4010362449134097,0.0009167893734324,24948674629.51518
2019,DUK,DUK,not digital,0.4567931657631017,0.3570367292461501,0.0024434966306389,66495101451.59033
2019,DVA,DVA,not digital,0.0702066718255322,0.7993585034226591,0.0003532212654493,9612243203.61328
2019,DVN,DVN,not digital,0.0046448906203176,0.3735510680177881,0.0003665543154808,9975076736.25946
2019,DXC,DXC,not digital,0.0178781222863564,0.8925069317643877,0.0003536152543055,9622964859.062197
2019,EBAY,EBAY,other digital,0.0683806703459415,0.9196654561461428,0.0010794946308508,29376387957.65625
2019,ECL,ECL,not digital,0.0582152523483521,0.8453071766391459,0.0020441708265722,55628211143.37158
2019,ED,ED,not digital,0.3027009222661396,0.2443223884708758,0.0011051644799743,30074943953.31836
2019,EFX,EFX,not digital,0.1139240506329113,0.8801871285876849,0.000623455381111,16966149368.774414
2019,EG,EG,not digital,,,0.0004414124519184,12012198177.09961
2019,EIX,EIX,not digital,0.3949947355632947,0.3121524649746824,0.0009937165892379,27042102119.95605
2019,EL,EL,not digital,0.0435847208619001,0.842809364548495,0.0027308907519405,74315984448.89648
2019,ELV,ELV,not digital,0.0103346031685106,0.9595496623758925,0.0026636993776563,72487499320.79004
2019,EMN,EMN,not digital,0.0458319853337646,0.6519865067466266,0.0003960481963679,10777696464.5625
2019,EMR,EMR,not digital,0.0323318092749836,0.8223154607991413,0.0017119784302822,46588228515.291016
2019,EOG,EOG,not digital,,0.1821144781144781,0.0017906289046843,48728551202.46192
2019,EQIX,EQIX,not digital,0.3738706684837131,0.4929152871728933,0.0018291670240918,49777292636.20215
2019,ES,ES,not digital,0.3445549112426035,,0.0010120991144325,27542347490.635983
2019,ESS,ESS,not digital,,0.1854915289988787,0.0007305799151665,19881339294.006348
2019,ETN,ETN,not digital,0.0274427302477793,0.8934308794391099,0.0014389120807016,39157248504.63867
2019,ETR,ETR,not digital,,0.9935646012235114,0.000876505293436,23852420207.611084
2019,EVRG,EVRG,not digital,0.2410749860546657,0.2614538861021177,0.0005451128200527,14834205956.114258
2019,EW,EW,not digital,0.0585096596136154,0.8365777346218461,0.0017880105283085,48657297082.21436
2019,EXC,EXC,not digital,0.2104651838085835,0.3580178752890531,0.0016285709037934,44318451726.50613
2019,EXPD,EXPD,not digital,0.0059203640403166,0.8647454795437777,0.0004882533104509,13286882824.15088
2019,EXPE,EXPE,not digital,0.0961299411618463,0.8973664549869257,0.0005757512333517,15667971951.568604
2019,EXR,EXR,not digital,,0.1077634171416508,0.0005026606896202,13678952175.712584
2019,F,F,not digital,0.0489544579858883,0.8589408866042385,0.001347424017064,36667575305.61987
2019,FANG,FANG,not digital,,0.1077634171416508,0.0005474909436474,14898922055.047852
2019,FAST,FAST,not digital,0.0461968239683521,0.7307297560462118,0.0007787362529609,21191822200.76636
2019,FCX,FCX,not digital,0.1848341232227488,0.2750618736063123,0.0006995139542056,19035938404.196533
2019,FDX,FDX,not digital,0.0847768611757227,0.4406742275242173,0.0014509120347803,39483804372.92533
2019,FE,FE,not digital,0.2466450717260527,0.2517907378076168,0.0009649458890557,26259162375.54932
2019,FFIV,FFIV,other digital,0.0461736665348166,0.9340979714034996,0.0003119773159661,8489867763.943481
2019,FIS,FIS,not digital,0.0193554630794541,0.9892609121065318,0.0031413081651217,85484711749.26758
2019,FISV,FISV,not digital,0.0707764798272307,0.9792878422471272,0.0028889128383286,78616254207.49268
2019,FITB,FITB,not digital,0.4300884955752212,0.9882209849500204,0.0008016421923558,21815163663.490112
2019,FLS,FLS,not digital,0.0192187368724041,0.885878414677832,0.0002393297307673,6512902259.902954
2019,FMC,FMC,not digital,0.0203696472732005,0.9232226240035654,0.0004754391271596,12938169260.44464
2019,FRT,FRT,not digital,,0.1077634171416508,0.0003572563274344,9722049721.331787
2019,FTI,FTI,not digital,0.0593795861989583,0.8655543650186234,0.0003507905515648,9546095960.222883
2019,FTNT,FTNT,other digital,0.0426259824318076,0.911244586512683,0.0006709854376985,18259589226.703644
2019,FTV,FTV,not digital,0.0163237581892679,0.9761454211824072,0.0009426369564126,25652067313.17873
2019,GD,GD,not digital,0.0250825921219822,0.909319337777868,0.0018748001831219,51019112044.18359
2019,GE,GE,not digital,0.0245619090899014,0.826987257567587,0.003581599866619,97466410840.74464
2019,GEN,GEN,other digital,0.0357429718875502,0.9584013050570962,0.0001585145567904,4313671401.536255
2019,GILD,GILD,not digital,0.0367499665909394,0.9269476041345516,0.0030209519967972,82209448127.98438
2019,GIS,GIS,not digital,0.0261423076486673,0.8742262015462685,0.0011903828955683,32394000636.029785
2019,GL,GL,not digital,0.0093214139623971,,0.000418817219049,11397312000.0
2019,GLW,GLW,other digital,,0.4692712298428957,0.0008227213606912,22388793035.1875
2019,GM,GM,not digital,0.0618760034882678,0.8300714357757732,0.0019216245165142,52293346991.05469
2019,GOOG,GOOGL,operates compute,0.1454864479138993,0.7330786599929686,0.033930798652027,923361984792.2656
2019,GPC,GPC,not digital,0.0158583089348081,0.919860867703258,0.000567170917903,15434475027.898926
2019,GPN,GPN,not digital,0.0626780881990076,0.9689119387649712,0.0020162368834296,54868042146.24024
2019,GRMN,GRMN,not digital,0.031412067315945,0.8817991311213483,0.0006815266785617,18546448996.36133
2019,GS,GS,not digital,,,0.0029917665981652,81415223156.0293
2019,GWW,GWW,not digital,0.0192408149051018,0.7668609492089925,0.0006700752161978,18234819284.20716
2019,HAL,HAL,not digital,0.0682791860049982,0.7119438861961619,0.000789320932101,21479864060.299805
2019,HAS,HAS,not digital,0.0283038854285835,0.971140521252089,0.0005310286589766,14450932368.63623
2019,HBAN,HBAN,not digital,0.1139510117145899,0.9930001284380104,0.0005722988058823,15574020721.206663
2019,HCA,HCA,not digital,0.0809957924263674,0.4958719872164765,0.0018422711702702,50133896986.96875
2019,HD,HD,not digital,0.0242957586754366,0.4915119423675659,0.0087537072255061,238215450244.0781
2019,HIG,HIG,not digital,0.0747863247863247,0.983323213352726,0.0008048619728054,21902783848.82764
2019,HII,HII,not digital,0.0595572536240026,0.597212345327834,0.0003770645435442,10261092551.708984
2019,HLT,HLT,not digital,0.0085696148963182,0.9745938356622316,0.0011499868854978,31294700250.5918
2019,HOG,HOG,not digital,0.033839451720312,0.9195128037105064,0.0002108587669129,5738119268.112183
2019,HON,HON,not digital,0.0228554305483668,0.9092520322432216,0.0046474880024514,126472523981.84926
2019,HP,HP,not digital,0.1645638556310281,0.229031178102976,0.0001810432652287,4926747243.095398
2019,HPE,HPE,other digital,0.0980264286940106,0.8831341814180645,0.0007535295600178,20505870117.38769
2019,HPQ,HPQ,other digital,0.011420110286609,0.9165147757492456,0.0010973781459494,29863053720.104004
2019,HRB,HRB,not digital,0.0309445698786234,0.9357286257801266,0.0001684621429568,4584375990.623474
2019,HRL,HRL,not digital,0.0309390536295671,0.7990985082754922,0.000886411033525,24121986035.49756
2019,HSIC,HSIC,not digital,0.0076327361955768,0.953902902504104,0.0003597714129995,9790492979.125977
2019,HST,HST,not digital,,0.2140593254774482,0.0004888694929548,13303651056.03662
2019,HSY,HSY,not digital,0.0398424692834636,0.7354994444372785,0.0008010228413313,21798309206.359863
2019,HUM,HUM,not digital,0.5114662960389159,0.9327577904657082,0.0017835817404317,48536776065.12451
2019,IBM,IBM,other digital,0.0396091069757771,0.9342252243964622,0.0043622669464494,118710776812.98833
2019,ICE,ICE,not digital,0.0233694822055903,0.9837448276591916,0.0018938114609396,51536467718.57129
2019,IDXX,IDXX,not digital,0.0643850949018408,0.7086754253127601,0.0008231482773083,22400410756.86035
2019,IEX,IEX,not digital,0.020404072797242,0.9265014814232152,0.0004807356300854,13082303488.0
2019,IFF,IFF,not digital,0.0459143968871595,0.895621502187296,0.0005062594315905,13776885076.217651
2019,ILMN,ILMN,not digital,0.0589895568727067,0.8784855112083105,0.0017919969770016,48765780681.884766
2019,INCY,INCY,not digital,0.0361615168714988,0.889817757350259,0.0006911549952613,18808465275.70605
2019,INTC,INTC,fabricates compute,0.2252900715625651,0.5943130878087369,0.0095669940741224,260347501023.22656
2019,INTU,INTU,other digital,0.0112028301886792,0.8758554830494987,0.0025054929365067,68182212698.89453
2019,IP,IP,not digital,0.0620734836490691,0.6114845687311403,0.0006635387703496,18056942374.38867
2019,IPGP,IPGP,not digital,0.1015806557374555,0.7799428369681618,0.0002826177919918,7690904302.825928
2019,IQV,IQV,not digital,0.0524891774891774,0.9803019224979572,0.0011017053495242,29980810314.11743
2019,IRM,IRM,not digital,0.4381816721751606,0.6654050397718259,0.000336281063359,9151247905.940002
2019,ISRG,ISRG,not digital,0.0950318186892933,0.8692208112439896,0.0025106139441917,68321571158.11157
2019,IT,IT,other digital,,0.9518158531868498,0.0005065468950447,13784707845.977783
2019,ITW,ITW,not digital,0.0231058189807924,0.8852535173878417,0.0021215583204343,57734164223.44531
2019,IVZ,IVZ,not digital,0.0203190898093961,0.9851979817505194,0.0002998929284223,8161014199.903809
2019,J,J,not digital,0.0106750203409236,0.9731177903726264,0.0004398528808016,11969757423.004633
2019,JBHT,JBHT,not digital,0.093190502656881,0.3381534217509734,0.0004573599419817,12446178709.899902
2019,JCI,JCI,not digital,0.0244492656875834,0.9208267316196468,0.0011540220220116,31404508796.463867
2019,JKHY,JKHY,not digital,0.0315473696677856,0.8752881804479893,0.0004118384276481,11207397499.444336
2019,JNJ,JNJ,not digital,0.0426278653164186,0.8880477784540475,0.0141075788318598,383910857047.3125
2019,JPM,JPM,not digital,,0.9903915053060196,0.0160667253166408,437225292856.4453
2019,KEY,KEY,not digital,0.065284178187404,0.9943857422683255,0.0007325719975833,19935550018.401
2019,KEYS,KEYS,other digital,0.0278875203346502,0.9130303487845388,0.0007107026609211,19340417722.41211
2019,KHC,KHC,not digital,0.0307482884253513,0.930458353868901,0.0014418011879013,39235870048.01953
2019,KIM,KIM,not digital,,0.1626509940518465,0.0003213322655226,8744444877.75415
2019,KLAC,KLAC,compute equipment,0.0262941528210823,0.950180584682316,0.001033111374784,28114156089.134216
2019,KMB,KMB,not digital,0.0655284552845528,0.51253026238304,0.0017327309418875,47152968546.96094
2019,KMI,KMI,not digital,0.1879139072847682,0.5088932939574147,0.0017619979635513,47949414734.083496
2019,KMX,KMX,not digital,0.0163334645669291,0.848911310247049,0.0005276837868354,14359908051.442385
2019,KO,KO,not digital,0.0551172650673536,0.8745325939732117,0.0087144270098793,237146514076.7871
2019,KR,KR,not digital,0.0255793794874311,0.4324203788236529,0.0008528621513245,23209017178.680176
2019,KSS,KSS,not digital,0.042805647341544,0.4042826208998316,0.0002931360897435,7977139719.451904
2019,L,L,not digital,0.2689922480620155,0.8107072942378075,0.0005737155249493,15612574029.1615
2019,LDOS,LDOS,not digital,0.0110240524781341,0.9693605209779012,0.0005092291343324,13857699873.596191
2019,LEG,LEG,not digital,0.0301104681746449,0.8288915434361741,0.0002458147881628,6689380730.97229
2019,LEN,LEN,not digital,0.0038858358437527,0.9904791670406228,0.0006359439686383,17306002464.62292
2019,LH,LH,not digital,0.0346349569010281,0.8538988385495168,0.0006036214629718,16426407106.677246
2019,LHX,LHX,not digital,,0.9116338835623208,0.0016073927585732,43742128887.62109
2019,LIN,LIN,not digital,0.1304378631146379,0.6644344894471897,0.0042025640539588,114364767121.33788
2019,LKQ,LKQ,not digital,0.0212480156697818,0.9034112480512452,0.0004020378771248,10940694205.011965
2019,LLY,LLY,not digital,,0.7996008766459384,0.0046371065059073,126190011349.23048
2019,LMT,LMT,not digital,0.0248110747007289,0.8613238512035011,0.0040360281654454,109832810472.33984
2019,LNC,LNC,not digital,,,0.0004300691721938,11703512449.187988
2019,LNT,LNT,not digital,0.4495614035087719,0.190048500089815,0.0004832990375225,13152061733.398438
2019,LOW,LOW,not digital,0.0205688307368187,0.4658629882925699,0.0033731207271312,91793048595.44728
2019,LRCX,LRCX,compute equipment,0.0202333839336344,0.911753386061365,0.0015588489464972,42421101607.1405
2019,LUMN,LUMN,not digital,0.1860035888233786,0.5971857526798678,0.0005325777207317,14493087130.492188
2019,LUV,LUV,not digital,0.0457909755662564,0.3425371693377099,0.0010294428522053,28014324242.43164
2019,LVS,LVS,not digital,0.0839449163024655,0.3601448338290444,0.0019485206740151,53025274630.83887
2019,LW,LW,not digital,0.0442200189853391,0.4758045995866277,0.0004617556822721,12565800399.94043
2019,LYB,LYB,not digital,0.0794502772207148,0.5357318876293741,0.0011575557753428,31500673155.078613
2019,LYV,LYV,other digital,0.0280192993244093,0.8981440219978561,0.0005612843306613,15274282780.88379
2019,M,M,not digital,0.0367263843648208,0.6542148588100448,0.0001930102113954,5252404864.0
2019,MA,MA,not digital,0.0168935148118494,0.9374743466958544,0.0110695065593106,301235513260.3242
2019,MAA,MAA,not digital,,0.1077634171416508,0.0005527024340769,15040742829.62036
2019,MAR,MAR,not digital,0.0311367537669273,0.9239950500978004,0.0018192737594565,49508066304.00195
2019,MAS,MAS,not digital,0.0241538690919934,0.8253431470061667,0.0005044866926488,13728643366.24402
2019,MCD,MCD,not digital,0.112041527026268,0.4914840415231905,0.0054686435577411,148818706608.77148
2019,MCHP,MCHP,fabricates compute,0.0128171097038413,0.945683923705722,0.000919622635412,25025776451.72119
2019,MCK,MCK,not digital,0.0029192302151959,0.95729990615364,0.0009158681569566,24923605479.73633
2019,MCO,MCO,not digital,0.0142886726030234,0.9715538236726742,0.0016471118672145,44823008691.40625
2019,MDLZ,MDLZ,not digital,0.0357584660584505,0.8646361311322948,0.0029142328483453,79305289998.94922
2019,MDT,MDT,not digital,0.0419534465465361,0.947878341918077,0.0055879759655543,152066110539.88477
2019,MET,MET,not digital,,0.9964879051592744,0.0017224646860093,46873591969.31641
2019,META,META,operates compute,0.2136158535722873,0.7351622480806141,0.0200490094926008,545595563136.0
2019,MGM,MGM,not digital,0.0572887434657253,0.4602148176740143,0.0006296056759697,17133517915.740969
2019,MHK,MHK,not digital,0.0547066436444805,0.6489856334804447,0.0003589388360751,9767835985.717772
2019,MKC,MKC,not digital,0.0324830758873471,0.9080688277472712,0.0008292185969933,22565602931.97632
2019,MKTX,MKTX,not digital,0.0240382358923011,0.9248164786947736,0.0005283183886403,14377177529.47998
2019,MLM,MLM,not digital,0.0830326433289021,0.486162106676142,0.0006422511631159,17477640735.534668
2019,MMM,MMM,not digital,0.0528690565098332,0.7910163684811572,0.0037280032316469,101450499252.53992
2019,MNST,MNST,not digital,0.0242002809452156,0.9420156136900936,0.0025112683419753,68339379345.9624
2019,MO,MO,not digital,0.0097968936678614,0.959428467049583,0.0034262319926001,93238370410.62598
2019,MOS,MOS,not digital,0.1428427068479615,0.3942534393864808,0.000301194399807,8196431261.941406
2019,MPC,MPC,not digital,0.0432756324900133,0.5853119038922034,0.001437603924792,39121649536.0
2019,MRK,MRK,not digital,0.0861174305360292,0.8305982440134128,0.0085090239926966,231556862634.3545
2019,MS,MS,not digital,,,0.0030405520793127,82742826999.46875
2019,MSCI,MSCI,not digital,0.0186905088984693,0.9784256591664192,0.0008036473079466,21869729060.865234
2019,MSFT,MSFT,operates compute,0.1079676956962556,0.8727055095688103,0.0442089895620154,1203063351566.7188
2019,MSI,MSI,other digital,0.0314441485989603,0.9067844390152228,0.0010145514429639,27609082935.424805
2019,MTB,MTB,not digital,0.0287470346545502,0.9904822077296512,0.0008231409000925,22400210000.0
2019,MTD,MTD,not digital,0.0323536919524092,0.7315988371363497,0.0007099413644089,19319700489.50196
2019,MU,MU,fabricates compute,0.4178415790822866,0.4223413177327305,0.0021953619071492,59742588104.4375
2019,NCLH,NCLH,not digital,0.2533387100967198,0.212726838685185,0.0004566623379919,12427194747.535706
2019,NDAQ,NDAQ,not digital,0.0298262094880225,0.972421717897156,0.0006451048260925,17555297731.97168
2019,NEE,NEE,not digital,,0.3031752640388815,0.0043494503636024,118361997949.95116
2019,NEM,NEM,not digital,0.1502053388090349,0.3676889978486015,0.0013090023952846,35622004132.6875
2019,NFLX,NFLX,other digital,0.0125535517246665,0.9833639689434616,0.0052109060514136,141804871837.63672
2019,NI,NI,not digital,0.3566707563224759,0.2536474284856883,0.0003821493188935,10399465016.998293
2019,NKE,NKE,not digital,0.0290351041360318,0.7999747016907703,0.0058115396557122,158149970067.8828
2019,NOC,NOC,not digital,0.0373511421057297,0.8317797950789749,0.0021302353656755,57970293463.96875
2019,NOV,NOV,not digital,0.0274796556197664,0.820974979085862,0.0003551632755583,9665091305.633545
2019,NOW,NOW,other digital,0.0765895953757225,0.922276390095028,0.0019566152345909,53245552661.89575
2019,NRG,NRG,not digital,0.0285320986109373,0.7930731785172771,0.0003675018286351,10000861500.0
2019,NSC,NSC,not digital,0.178735835694051,0.1663634206154576,0.0018600905686883,50618817936.21875
2019,NTAP,NTAP,other digital,0.0229120473022912,0.9131678297677612,0.0005220673892238,14207068500.0
2019,NTRS,NTRS,not digital,0.041016588354404,0.9964678385481376,0.0008271879676828,22510343227.371216
2019,NUE,NUE,not digital,0.0653991892817246,0.6631961028889815,0.0006270856524197,17064940280.104492
2019,NVDA,NVDA,designs compute,,0.8943725549202528,0.0052917029072327,144003604202.2705
2019,NVR,NVR,not digital,0.00307213861667,,0.0005170927722283,14071693784.25293
2019,NWL,NWL,not digital,0.0272774060730828,0.9261603375527426,0.0002990379542931,8137747709.274292
2019,NWSA,NWS,other digital,0.0486234458259325,0.8374387371905034,0.0003084991269863,8395215483.197937
2019,O,O,not digital,,0.1161316459636635,0.0008818334980412,23997417135.923008
2019,ODFL,ODFL,not digital,0.1166493190376215,0.2569679705113266,0.0005566770413334,15148904187.176697
2019,OKE,OKE,not digital,0.3786117718889922,0.1587849251340574,0.0011486434269606,31258140588.25879
2019,OMC,OMC,other digital,0.0068344289373198,0.9752309266187266,0.0006482411170172,17640645909.088135
2019,ORCL,ORCL,operates compute,0.0400327633869151,0.9424886623922584,0.0062448357877044,169941298074.69434
2019,ORLY,ORLY,not digital,0.0618776283905838,0.6315998828047729,0.001218467412108,33158267201.04538
2019,OXY,OXY,not digital,0.3317528136723635,0.2492863140218304,0.0013527897105547,36813592422.46387
2019,PAYX,PAYX,not digital,0.0321226224200728,0.9528930382664822,0.0011202074950521,30484310924.07422
2019,PCAR,PCAR,not digital,0.0224221377594268,0.898318471427413,0.0010053481279423,27358632266.34045
2019,PEG,PEG,not digital,0.3401375161151697,,0.0010973806131021,29863120858.96167
2019,PEP,PEP,not digital,0.0630127603817691,0.7542235858785186,0.0070029762625472,190572645446.7773
2019,PFE,PFE,not digital,0.05001833516685,0.9226165614520806,0.0079677389516814,216826822385.7948
2019,PFG,PFG,not digital,,0.9964879051592744,0.0005611989753925,15271960000.0
2019,PG,PG,not digital,0.0433121916842847,0.8151874538424779,0.0114458456065409,311476862813.25195
2019,PGR,PGR,not digital,0.0093151864446739,0.977896759271906,0.0015551839788607,42321366501.41016
2019,PH,PH,not digital,0.0169829988200521,0.9002772271733386,0.0009716156514481,26440667240.90576
2019,PHM,PHM,not digital,0.005690712298113,0.9895747292474698,0.0003863875278893,10514799793.243408
2019,PKG,PKG,not digital,0.0573639848943899,0.5644296415047403,0.0003895455177949,10600738466.7489
2019,PLD,PLD,not digital,,0.9964879051592744,0.0020694604850302,56316420975.03516
2019,PM,PM,not digital,0.0285858077503774,0.8453411078717201,0.0048648996910366,132388968517.91406
2019,PNC,PNC,not digital,,0.981164771688663,0.0025702729295787,69945076685.42188
2019,PNR,PNR,not digital,0.0197822264304071,0.931585940330958,0.0002833351327422,7710425363.497314
2019,PNW,PNW,not digital,0.3432368952719355,0.285769869302575,0.0003714800520461,10109121264.305117
2019,PPG,PPG,not digital,0.027267925524891,0.8315450643776824,0.0011599360663808,31565448236.850098
2019,PPL,PPL,not digital,0.4048005775130843,0.2013572679509632,0.0009533067600432,25942425673.402588
2019,PRGO,PRGO,not digital,0.0355823147884958,0.9314952129824624,0.0002583845407528,7031442579.231262
2019,PRU,PRU,not digital,,,0.0013847554526914,37683479141.23535
2019,PSA,PSA,not digital,,0.1370680283145999,0.0013669836703523,37199853972.77832
2019,PSX,PSX,not digital,,0.594925068119891,0.0018191951901391,49505928189.84766
2019,PVH,PVH,not digital,0.0348370168533656,0.9170157707966318,0.0002819071588497,7671565776.925537
2019,PWR,PWR,not digital,0.0216115169615179,0.8335685399418749,0.0002129215571017,5794254169.692993
2019,PYPL,PYPL,not digital,0.0396128741841098,0.9670192663588724,0.0046673167287474,127012124957.83398
2019,QCOM,QCOM,designs compute,0.0365426605693569,0.9065145492611584,0.0037020615933611,100744547033.08104
2019,QRVO,QRVO,fabricates compute,0.0506628146165912,0.7647198083203512,0.0004961914593613,13502904409.988403
2019,RCL,RCL,not digital,0.2762082581133687,0.1600735665932416,0.0010284694415117,27987834726.54248
2019,REG,REG,not digital,,0.9964879051592744,0.0003884752358902,10571612785.568235
2019,REGN,REGN,not digital,0.0655117725997316,0.8047712965714748,0.0015149399974573,41226203286.25488
2019,RF,RF,not digital,,0.9844740177439796,0.0006082808956035,16553204680.967772
2019,RHI,RHI,not digital,0.0097892280298799,0.9444559333531768,0.0002694117013232,7331525727.149963
2019,RJF,RJF,not digital,0.017200548423283,0.9864280195724956,0.0004560363680311,12410160168.675291
2019,RL,RL,not digital,0.0438812948472353,0.8251329339705189,0.0003214090528734,8746534499.084473
2019,RMD,RMD,not digital,0.0322386137632807,0.9056742951377444,0.0008188160185445,22282516595.52002
2019,ROK,ROK,not digital,0.019836290852602,0.9064452805496483,0.0008614320517814,23442230678.2074
2019,ROL,ROL,not digital,0.0134687719085854,0.8879066210495903,0.0003989982349554,10857976139.476318
2019,ROP,ROP,other digital,,0.992274516950229,0.0013545121924671,36860466483.21533
2019,ROST,ROST,not digital,0.0346331112776904,0.5924716947240154,0.0015353285887351,41781039920.14746
2019,RSG,RSG,not digital,0.1172010020001165,0.630419065588658,0.0010511471292768,28604964756.4021
2019,RVTY,RVTY,not digital,0.0264700609257707,0.9513313626661756,0.0004403328735982,11982819511.695862
2019,SBAC,SBAC,not digital,0.6632591463052737,0.7136660969569386,0.0009971566057043,27135715608.535767
2019,SBUX,SBUX,not digital,0.0681514678255358,0.6653572394846927,0.003815571849587,103833512210.64452
2019,SCHW,SCHW,not digital,0.0660386158007648,0.9927619047619048,0.0022450452316311,61094625042.18213
2019,SHW,SHW,not digital,0.0183734805148373,0.9104614513909896,0.0019794189155681,53866111356.7749
2019,SJM,SJM,not digital,0.0345212152288168,0.8855624637221521,0.0004364314962602,11876650966.73584
2019,SLB,SLB,not digital,0.0523741531731324,0.8353814462281575,0.002045062623616,55652479699.40576
2019,SLG,SLG,not digital,0.204186457572468,0.4733010765827583,0.0002704776846525,7360534430.800763
2019,SNA,SNA,not digital,,0.9084043207166066,0.0003414151720937,9290962885.244753
2019,SNPS,SNPS,designs compute,0.0589547873147629,0.9329396923730242,0.0007700143651128,20954472654.203613
2019,SO,SO,not digital,0.3343512126040007,0.300084245998315,0.0024548514342801,66804100780.91748
2019,SPG,SPG,not digital,0.1522123773867374,0.2347911716423382,0.0016797505096464,45711207108.59766
2019,SPGI,SPGI,not digital,0.0171667413046723,0.971801198449066,0.0024522540321318,66733417434.27734
2019,SRE,SRE,not digital,0.3656444137659008,0.4448793116576562,0.0015691566049025,42701604875.61035
2019,STE,STE,not digital,0.0707764538197463,0.7966553198250133,0.0004748684936077,12922640556.4375
2019,STT,STT,not digital,0.0620959510037427,0.9907088473596352,0.0010569389964715,28762579377.95532
2019,STX,STX,other digital,,0.7896454698930782,0.0005744038313732,15631304976.0
2019,STZ,STZ,not digital,0.0870737700005992,0.8198073995518533,0.0013360828756591,36358947768.0
2019,SWK,SWK,not digital,0.0328895910291259,0.9048629385432548,0.0009258216096447,25194469715.02685
2019,SWKS,SWKS,fabricates compute,0.1179815209665955,0.7508885031820811,0.0007568022633879,20594930499.091064
2019,SYF,SYF,not digital,,,0.0008550813966924,23269409709.626465
2019,SYK,SYK,not digital,0.0436038699274388,0.9149070176020154,0.0028881174993401,78594610573.50195
2019,SYY,SYY,not digital,0.0136203047228468,0.7494392626463819,0.0016038169005995,43644818731.44678
2019,T,T,other digital,0.1072613180420877,0.7641194266852044,0.0104905164840944,285479402403.3599
2019,TAP,TAP,not digital,0.0456449715968053,0.842462525727829,0.0004294931999213,11687838462.076172
2019,TDG,TDG,not digital,0.0195290063182079,0.953429713934174,0.001101934565874,29987048000.0
2019,TEL,TEL,other digital,0.0556960142772159,0.8185234081446126,0.0011779654503269,32056083541.835938
2019,TFC,TFC,not digital,,0.9921535137968792,0.0027760265891887,75544270192.89551
2019,TFX,TFX,not digital,0.0395686613273986,0.931738306322526,0.0006390563483909,17390699944.787598
2019,TGT,TGT,not digital,0.0387520483408439,0.3816178251392589,0.0023874078833585,64968753146.48486
2019,TJX,TJX,not digital,0.0293193823703956,0.7796270798001802,0.0026996627677643,73466174406.23633
2019,TMO,TMO,not digital,0.036254012998199,0.9186550418800636,0.0047870319641203,130269946810.9961
2019,TMUS,TMUS,other digital,0.1420285346015378,0.7470806824587843,0.0024655112761682,67094188051.31543
2019,TPR,TPR,not digital,0.0413996049502156,0.8634929405435272,0.0002734710709333,7441993730.529785
2019,TROW,TROW,not digital,0.0364193025863756,0.927720140615622,0.0010462318149436,28471203849.529297
2019,TRV,TRV,not digital,,,0.0012989546339238,35348573466.70166
2019,TSCO,TSCO,not digital,0.0260358951720266,0.7799400597587417,0.000405705312948,11040496477.737429
2019,TSN,TSN,not digital,0.0296898950595448,0.7830413538314861,0.0012223465805964,33263831374.51172
2019,TTWO,TTWO,other digital,0.0172821361165696,0.9698609377890748,0.0005099410479277,13877073244.59076
2019,TXN,TXN,fabricates compute,0.0588889661405826,0.8166833166833167,0.004406785905572,119922275395.08496
2019,TXT,TXT,not digital,0.0248716067498165,0.8317352510320948,0.0003741041030412,10180529808.498293
2019,UA,UAA,not digital,0.0276814782693883,0.8364523732789158,0.0003371906289623,9175999999.440674
2019,UAA,UAA,not digital,0.0276814782693883,0.8364523732789158,0.0003388703327706,9221709935.661257
2019,UAL,UAL,not digital,0.1046718601909429,0.4265457793997452,0.0008191147143876,22290645033.325195
2019,UDR,UDR,not digital,,0.1209699981487,0.0005029040568196,13685574949.98169
2019,UHS,UHS,not digital,0.0557286488205269,0.5700556638741885,0.0004617100248352,12564557919.855955
2019,ULTA,ULTA,not digital,0.040352967828898,0.6211279116261987,0.0005317224087963,14469811447.111511
2019,UNH,UNH,not digital,0.0085523734797959,0.9499450799072972,0.0102348183424409,278521065053.0918
2019,UNM,UNM,not digital,0.0125761528140079,0.9920299522185116,0.0002210250342594,6014774848.526001
2019,UNP,UNP,not digital,0.1590657822001105,0.1257762716261573,0.0046119128241047,125504413339.2334
2019,UPS,UPS,not digital,0.0861068372607768,0.4731493164180652,0.0036900162314149,100416755476.26562
2019,URI,URI,not digital,0.1056713523994183,0.9681602530311018,0.0004605779415218,12533750431.180664
2019,USB,USB,not digital,,0.9925276428770392,0.0034028722269834,92602678932.64552
2019,V,V,not digital,0.0329024676850763,0.9628654890181056,0.0153448724101069,417581442461.3906
2019,VFC,VFC,not digital,,0.9154087875725913,0.0014625906602967,39801615897.11133
2019,VLO,VLO,not digital,0.026273032753591,0.4567057775137383,0.0014132040447552,38457653327.40674
2019,VMC,VMC,not digital,0.0779249761619768,0.5946925475170911,0.0007003171989055,19057797177.04773
2019,VNO,VNO,not digital,,0.4499892355301547,0.0004663756863014,12691525000.0
2019,VRSK,VRSK,not digital,0.0831575313566798,0.9223126204785124,0.0008992856877329,24472345199.890137
2019,VRSN,VRSN,other digital,0.0327330328718697,0.8650044309385769,0.0008313044432349,22622365260.0708
2019,VRTX,VRTX,not digital,0.018112808686461,0.908867200859774,0.0020689669997908,56302991715.24048
2019,VTR,VTR,not digital,0.0404684010070363,0.1197800941900376,0.0007908611173742,21521777265.625
2019,VZ,VZ,other digital,,0.6849280320299458,0.0093314237631742,253936904205.0996
2019,WAB,WAB,not digital,0.0226829268292682,0.9125959396543531,0.000548003128346,14912860184.96704
2019,WAT,WAT,not digital,,0.8367880237226027,0.000553229913148,15055097166.723633
2019,WBD,WBD,other digital,0.0259332376166547,0.9718096931969764,0.0029216018845134,79505824266.70898
2019,WDC,WDC,other digital,,0.8921880925293895,0.0006936475230412,18876294666.39095
2019,WEC,WEC,not digital,0.3361646129919847,0.3242093397192706,0.0010690685974314,29092663338.897705
2019,WELL,WELL,not digital,,0.1077634171416508,0.0012194983975761,33186323504.63867
2019,WFC,WFC,not digital,,0.9951705658204304,0.0083614005325215,227539571659.6543
2019,WHR,WHR,not digital,0.0260541652382584,0.8260159173562431,0.0003426242787326,9323866416.851809
2019,WM,WM,not digital,0.1174377224199288,0.5352701582381141,0.0017765897750541,48346503059.91577
2019,WMB,WMB,not digital,0.2590909090909091,0.365768896611642,0.0010564703591297,28749826306.31128
2019,WMT,WMT,not digital,0.0205894685012867,0.5243074397501083,0.012390009067882,337170471047.2617
2019,WRB,WRB,not digital,0.1924211705618556,0.9841689025458716,0.0004663910478511,12691943035.283386
2019,WTW,WTW,not digital,,0.970473663411054,0.0004970083159162,13525133603.515623
2019,WU,WU,not digital,0.0095565445442263,0.9786607295769824,0.0004125836008746,11227675967.880247
2019,WY,WY,not digital,,0.8799829330732659,0.0008269287624675,22503289451.69824
2019,WYNN,WYNN,not digital,0.160834529932164,0.3062045242973594,0.0005478388008609,14908388325.805664
2019,XEL,XEL,not digital,,0.2173525214081827,0.0012234329556541,33293395000.167847
2019,XOM,XOM,not digital,0.0953154161270507,0.3022060303863517,0.0108494407841753,295246842819.71094
2019,XRAY,XRAY,not digital,0.030581800099453,0.9067767058003022,0.0004625129609054,12586408293.937683
2019,XRX,XRX,not digital,0.0045223913523053,0.9758091313883166,0.0002929050101551,7970851329.086304
2019,XYL,XYL,not digital,0.0451819272291083,0.9146562905317768,0.0005213823037504,14188425205.187256
2019,YUM,YUM,not digital,0.0350187600500268,0.7763333970560122,0.0011195713660775,30466999887.024902
2019,ZBH,ZBH,not digital,0.025945228132595,0.9156854866531108,0.0011313223759764,30786781214.154663
2019,ZBRA,ZBRA,other digital,0.0136008918617614,0.9450222882615156,0.000506142686884,13773708091.644287
2019,ZION,ZION,not digital,0.2826086956521739,0.9834904296536172,0.0003252291283116,8850490567.871094
2019,ZTS,ZTS,not digital,0.0734824281150159,0.8319618882633175,0.0023164649545607,63038176615.89844
2020,A,A,not digital,0.022288818130736,0.9122260309546067,0.0011061567202351,36358653948.65772
2020,AAL,AAL,not digital,0.1129376478052719,0.4887917688040253,0.0002930360989675,9631906511.910156
2020,AAP,AAP,not digital,0.0264761034208195,0.8764656278284231,0.0003251588739879,10687761292.22412
2020,AAPL,AAPL,other digital,0.0266251388812997,0.8864854517611026,0.0686344191314003,2255968841047.5
2020,ABBV,ABBV,not digital,0.0174220592088027,0.965144621924086,0.005755212681508,189170108050.69336
2020,ABT,ABT,not digital,0.0629045307443365,0.8755444671114296,0.0059038489443681,194055685606.4707
2020,ACN,ACN,other digital,0.0135161746310192,0.9583164334202218,0.0052653247712723,173067810179.0996
2020,ADBE,ADBE,other digital,0.0325613926018029,0.937530884533026,0.00729911171558,239917067938.58203
2020,ADI,ADI,fabricates compute,0.0295717194331093,0.9478046615329372,0.0016606356363293,54584016289.549805
2020,ADM,ADM,not digital,0.0127884391267189,0.8033146282105432,0.0008533046075202,28047569001.821777
2020,ADP,ADP,not digital,,0.9820275497568012,0.002298707612904,75557028310.56348
2020,ADSK,ADSK,other digital,0.0240105540897097,0.9738319874419432,0.0020426598377496,67140904012.02246
2020,AEE,AEE,not digital,0.5579910251984812,0.1630658757414923,0.0005870812052841,19296978440.947266
2020,AEP,AEP,not digital,0.0019408580668587,0.2087194702144205,0.0012575360692127,41334394965.97168
2020,AES,AES,not digital,0.196687370600414,0.3403462127561194,0.0004755365718794,15630578688.0
2020,AFL,AFL,not digital,,0.9963594732442485,0.0009503603908969,31237729651.7168
2020,AIG,AIG,not digital,0.0080711541979147,0.9968626434615956,0.0009923340161989,32617375491.59375
2020,AIZ,AIZ,not digital,0.0126281570392598,0.9900089361902268,0.0002435149448679,8004178295.727539
2020,AJG,AJG,not digital,,0.9798176558567756,0.0007238400949656,23792154443.92395
2020,AKAM,AKAM,other digital,0.160815834409216,0.8096023636904586,0.0005199902334725,17091741712.234495
2020,ALB,ALB,not digital,0.2718126350111173,0.4876420756551608,0.0004777866438664,15704537094.833374
2020,ALGN,ALGN,not digital,0.0626697805489694,0.8478738666699243,0.0012819260293647,42136077137.01172
2020,ALK,ALK,not digital,0.0622546270330902,0.5578100526840382,0.0001956390292089,6430528000.0
2020,ALL,ALL,not digital,0.0073492567228996,0.99161024550152,0.0010169411291043,33426195332.79419
2020,ALLE,ALLE,not digital,0.0173168131181293,0.9039225907343454,0.0003258810444588,10711498567.207336
2020,AMAT,AMAT,compute equipment,0.0245320311591675,0.928242294099226,0.0024006524805803,78907889990.35645
2020,AMCR,AMCR,not digital,0.0363890832750175,0.7708916190244496,0.0005616481108108,18461009121.33789
2020,AMD,AMD,designs compute,0.030113694561098,0.9284757866547646,0.0033595205058222,110425260065.00098
2020,AME,AME,not digital,0.0163432876750346,0.9491642902044832,0.0008465047073672,27824060694.16211
2020,AMGN,AMGN,not digital,0.0239144115796098,0.9223327190697084,0.004072252575798,133852300932.09668
2020,AMP,AMP,not digital,0.0122930255895634,0.9963709361417384,0.0006975088942923,22926664956.02417
2020,AMT,AMT,not digital,1.088116173965085,0.7288217049339981,0.0030334657332294,99708051166.70705
2020,AMZN,AMZN,operates compute,0.1039723983588213,0.6478338703902613,0.0497170709561508,1634167876186.0547
2020,ANET,ANET,designs compute,0.0066381533299503,0.993198659863146,0.000668859068717,21984963771.441406
2020,AON,AON,not digital,0.0127417314296041,0.9813476988229431,0.0014694449762224,48299703296.75293
2020,AOS,AOS,not digital,0.0196180015887818,0.8287404688834752,0.0002692987641012,8851675710.723877
2020,APA,APA,not digital,,0.3080966577749882,0.0001629607114029,5356412888.643921
2020,APD,APD,not digital,0.2833011528516423,0.5246160875697796,0.001837426151681,60395005864.0752
2020,APH,APH,other digital,0.0321901638581679,0.9144500417771936,0.0011901817346453,39120501674.288086
2020,APTV,APTV,not digital,0.0446961579672432,0.8116082638968154,0.0010703452574741,35181554394.76807
2020,ARE,ARE,not digital,,0.9969364931562736,0.0007316761303535,24049719844.72656
2020,ATO,ATO,not digital,0.6861332859765407,,0.0003659248033075,12027710948.46344
2020,AVGO,AVGO,designs compute,0.0193821165438714,0.9669577127204246,0.0054177912037688,178079282926.60522
2020,AVY,AVY,not digital,0.028889048267948,0.7791383816302043,0.0003936469179828,12938918877.47412
2020,AWK,AWK,not digital,0.486775313919316,0.2041508519744811,0.0008463755100238,27819814061.279297
2020,AXP,AXP,not digital,0.0672613088195139,0.9737434554973822,0.0029619378133926,97356974834.17772
2020,AZO,AZO,not digital,0.0362363201233822,0.6873779107302117,0.0008208116380625,26979546170.458984
2020,BA,BA,not digital,0.0224044843357749,0.9223063574696324,0.0036764731223428,120843286996.79295
2020,BAC,BAC,not digital,,0.996098774767017,0.0079772014250687,262205436885.25977
2020,BALL,BALL,not digital,0.0944741532976827,0.7068266491343415,0.0008899191631004,29251065695.80078
2020,BAX,BAX,not digital,0.0607384562665981,0.7641240821219841,0.0012469985621975,40988033944.93506
2020,BBY,BBY,not digital,0.0150861156954847,0.8506830863959977,0.0007861463607469,25840120988.75122
2020,BDX,BDX,not digital,0.0478412342914022,0.8903391838850626,0.0022141291147847,72776987934.39868
2020,BEN,BEN,not digital,0.0186293002784514,0.9624708893449238,0.0003836325763887,12609753964.508057
2020,BF-B,BF-B,not digital,0.0179138977174227,0.8529309746791537,0.0011273193320546,37054255273.24512
2020,BIIB,BIIB,not digital,0.0315963286375199,0.8614276023705365,0.0011463428696028,37679546613.92212
2020,BIO,BIO,not digital,0.0426477058453802,0.9621224489921772,0.0005289393723508,17385894102.81372
2020,BKNG,BKNG,other digital,0.0420835785756327,0.965438420042059,0.0027751572081922,91217617485.8284
2020,BKR,BKR,not digital,0.0470417773484665,0.8590259689004657,0.0006566960143151,21585172062.12036
2020,BLK,BLK,not digital,0.0119716136994754,0.99615215106621,0.0033478844166577,110042789361.24805
2020,BMY,BMY,not digital,0.0177101462909826,0.9503211485385844,0.0042645284069757,140172282794.15625
2020,BR,BR,not digital,0.010393095300078,0.9669516135629268,0.0005388859131357,17712830447.158813
2020,BRK-B,BRK-B,not digital,0.078040939705997,,0.0165527554555135,544078335821.9375
2020,BSX,BSX,not digital,0.0379299909210128,0.9322870975078792,0.001548953935854,50913111230.89014
2020,BWA,BWA,not digital,0.0433841613379242,0.7135816332896625,0.0002874475426371,9448214290.028929
2020,BXP,BXP,not digital,,0.2204629062931055,0.000447667476847,14714539609.985352
2020,C,C,not digital,0.0456417795790784,,0.0039055729377311,128373649336.07812
2020,CAG,CAG,not digital,0.0452761361502767,0.8939472740315638,0.0005389112252579,17713662440.19873
2020,CAH,CAH,not digital,0.0024620384447303,0.9419614384536134,0.0004781240901245,15715628734.472412
2020,CARR,CARR,not digital,0.0178735105407882,0.9278683298130952,0.0009945871273168,32691433792.6875
2020,CAT,CAT,not digital,0.0234262719172175,0.8416704969102702,0.0030083897714992,98883820568.72852
2020,CB,CB,not digital,,0.98951639112248,0.0021136719086587,69475024724.875
2020,CBOE,CBOE,not digital,0.0138309357766041,0.9873244840021485,0.0003060867010169,10060871336.746216
2020,CBRE,CBRE,not digital,0.011505120021179,0.9548199712148188,0.0006401039213992,21039800729.492188
2020,CCI,CCI,not digital,1.088116173965085,0.6089042509286009,0.0020888251269614,68658327125.93359
2020,CCL,CCL,not digital,0.6470062555853441,0.2895900584031496,0.0007275122587257,23912856084.981445
2020,CDNS,CDNS,designs compute,0.0353398628568957,0.921249827565914,0.0011577519406223,38054555378.48828
2020,CDW,CDW,other digital,0.0085555705969947,0.9812193007801212,0.0005733118164286,18844387559.99756
2020,CE,CE,not digital,0.064367816091954,0.6389219910165918,0.0004621124523357,15189336585.388184
2020,CF,CF,not digital,0.0749272550921435,0.3652166680528986,0.0002519273368558,8280688164.154053
2020,CFG,CFG,not digital,,0.9958603537515884,0.0004646313000817,15272129477.092163
2020,CHD,CHD,not digital,0.0202009886024755,0.9173511362870052,0.0006593465768659,21672294334.03015
2020,CHRW,CHRW,not digital,0.0019408580668587,0.9652138364755424,0.0003882416551321,12761251393.38684
2020,CHTR,CHTR,other digital,1.088116173965085,0.7617505512946756,0.004022814672097,132227309102.51952
2020,CI,CI,not digital,,0.9729496754604344,0.0022881060884989,75208563079.4414
2020,CINF,CINF,not digital,0.0026539278131634,0.9922663568368312,0.000427680195416,14057570632.956787
2020,CL,CL,not digital,0.0248315220690911,0.7665829145728643,0.0022299352416692,73296525073.35059
2020,CLX,CLX,not digital,0.0450892249012396,0.8224690165781426,0.000774338850013,25452015769.19556
2020,CMCSA,CMCSA,other digital,0.0886311845815148,0.8101464568826702,0.0072939307366951,239746772522.9819
2020,CME,CME,not digital,0.0404414775984929,0.9953537473247148,0.0019883055583497,65354314101.95361
2020,CMG,CMG,not digital,0.0623851015784758,0.7351932910082342,0.0011804480309478,38800561146.96503
2020,CMI,CMI,not digital,0.0266518600777345,0.8119253889674682,0.0010226058921555,33612392420.16309
2020,CMS,CMS,not digital,0.3704713049054184,0.291545877435448,0.0005314749785972,17469237835.55786
2020,CNC,CNC,not digital,0.0083718689788053,0.9596327071115704,0.001058897504904,34805274192.71875
2020,CNP,CNP,not digital,0.3531972789115646,0.3318992560724209,0.0003586905560851,11789925934.347656
2020,COF,COF,not digital,0.1899919721701899,0.9898316421648854,0.0013755577772549,45213691961.26758
2020,COO,COO,not digital,0.1276893331687852,0.8097365491651206,0.0005429867727774,17847623043.792725
2020,COP,COP,not digital,0.2510114991482112,0.3629148168258328,0.0012993782726008,42709721052.7793
2020,COR,COR,not digital,0.0019467552637781,0.9664638350954708,0.0001271963920305,4180862907.359314
2020,COST,COST,not digital,0.0168504626381468,0.6074771401828785,0.0050775747080247,166896587373.52344
2020,CPB,CPB,not digital,0.0344034058221148,0.8086000646621403,0.0004456245491296,14647389900.942629
2020,CPRT,CPRT,not digital,0.2683970632707996,0.4380398470622045,0.0009141623410789,30047923232.0
2020,CRM,CRM,other digital,0.0334086203651421,0.9569168813264158,0.0061818184398876,203192362635.1348
2020,CSCO,CSCO,other digital,0.0156183444554877,0.9741389307665546,0.0057528232044015,189091567488.0
2020,CSX,CSX,not digital,0.1536426344136823,0.1846807227401804,0.0021114906775176,69403329072.0
2020,CTAS,CTAS,not digital,0.0201606443761821,0.8170683132797949,0.0011289651019692,37108350662.90283
2020,CTSH,CTSH,other digital,0.0239010329089598,0.9260769367133488,0.0013329690361164,43813827662.805176
2020,CTVA,CTVA,not digital,0.0334107054934233,0.8969260709512532,0.0008776267006982,28847020429.44336
2020,CVS,CVS,not digital,0.0090693918260105,0.94536115987257,0.0027198149610263,89398553716.07617
2020,CVX,CVX,not digital,0.0944416805157138,0.3468534968097084,0.0049458564200374,162567092678.93555
2020,D,D,not digital,,0.3968197695636306,0.0018664678274969,61349586911.91797
2020,DAL,DAL,not digital,0.1110851126060251,0.6315211956219791,0.000780157900956,25643284199.49707
2020,DD,DD,not digital,0.1072969086987778,0.8591738008264813,0.0015876210022311,52184072623.518776
2020,DE,DE,not digital,0.0230725942599887,0.922533992089598,0.0025649964925792,84309771072.39258
2020,DG,DG,not digital,0.0304610159191502,0.8563703423829678,0.0015675304549593,51523709365.28369
2020,DGX,DGX,not digital,0.0442937374165518,0.8840011407386282,0.0004886030081445,16060063973.236084
2020,DHI,DHI,not digital,0.0047510966909719,0.9638489237163116,0.0007645448312172,25130092723.708008
2020,DHR,DHR,not digital,0.0354963202297612,0.9571696800199576,0.0048009206086062,157803146561.5395
2020,DIS,DIS,other digital,0.0615097571419832,0.8408426734937906,0.009960741473496,327403111766.9375
2020,DLR,DLR,not digital,,0.4294603622085208,0.0011891264908429,39085816494.92773
2020,DLTR,DLTR,not digital,0.0352354518511549,0.8016919885974682,0.000773064961966,25410143895.324707
2020,DOC,DOC,not digital,1.088116173965085,0.3015266434754228,0.0001915094924365,6294792804.679871
2020,DOV,DOV,not digital,0.0247902378302033,0.9019538085028596,0.0005534944859334,18193004760.0
2020,DPZ,DPZ,not digital,0.0215591788140654,0.8102539102380855,0.0004596465908389,15108285317.330933
2020,DRI,DRI,not digital,0.0354219646753102,0.722815978122078,0.0004718506357349,15509424357.60498
2020,DTE,DTE,not digital,,0.4615131000527519,0.0007149553794467,23500119607.383728
2020,DUK,DUK,not digital,0.4260525523588354,0.3424267803039633,0.0020500678949013,67384402045.78516
2020,DVA,DVA,not digital,0.0611013388124632,0.7926938409452597,0.0004000322369636,13148800170.898438
2020,DVN,DVN,not digital,0.2467365717954205,0.4559120258272801,0.0001839873921654,6047546247.549255
2020,DXC,DXC,not digital,0.0147216425066275,0.8636083980619857,0.0001993075226485,6551109000.0
2020,DXCM,DXCM,not digital,0.1032854102870192,0.879897447849901,0.0010801346199251,35503324389.22119
2020,EBAY,EBAY,other digital,0.052057566899033,0.9330916623511134,0.0010538475409219,34639285152.0
2020,ECL,ECL,not digital,0.0414751234075757,0.8276012357938872,0.0018789199056154,61758878643.3418
2020,ED,ED,not digital,0.3396806918343589,0.2597980761586771,0.0007363813753419,24204378195.70923
2020,EFX,EFX,not digital,0.1020714718352513,0.8814582076198006,0.0007136628704365,23457635674.53003
2020,EG,EG,not digital,,,0.0003090191361344,10157258577.09961
2020,EIX,EIX,not digital,0.4038886433937251,0.3103990082454015,0.0007234170235035,23778248359.3667
2020,EL,EL,not digital,0.0392846130126426,0.8844271975704403,0.00292843947816,96255906281.8672
2020,ELV,ELV,not digital,0.008377985837019,0.959787565664146,0.0023444915808677,77061917642.37012
2020,EMN,EMN,not digital,0.0452024076478225,0.6549773052291239,0.0004132947652787,13584730874.63379
2020,EMR,EMR,not digital,0.0320524277628835,0.8388252775107071,0.001465782635529,48179324533.53076
2020,EOG,EOG,not digital,,0.2012568077084205,0.0008851120631708,29093059438.965088
2020,EQIX,EQIX,not digital,0.3805096069130097,0.4629848044797242,0.0019359873521284,63634648596.67969
2020,ES,ES,not digital,0.3357093480864655,,0.0009022905443155,29657704972.351074
2020,ESS,ESS,not digital,,0.1552538280822842,0.0004709820957798,15480876012.606812
2020,ETN,ETN,not digital,0.0217829544181879,0.9068627450980392,0.001456913559495,47887803756.71387
2020,ETR,ETR,not digital,0.0244344368335977,0.9941048652924768,0.0006082037013887,19991261188.004883
2020,ETSY,ETSY,not digital,0.0019408580668587,0.9532145915410716,0.0006824853339503,22432850271.75904
2020,EVRG,EVRG,not digital,0.3263133679103229,0.2642025757151076,0.0003830755217328,12591443939.27002
2020,EW,EW,not digital,0.0927889109272051,0.8072155974078015,0.0017298460328011,56858917132.20215
2020,EXC,EXC,not digital,0.4829862569765348,0.3613832674745006,0.0012531019423141,41188648090.75825
2020,EXPD,EXPD,not digital,0.0049604601981575,0.8972248215779879,0.0004897842115578,16098889363.311768
2020,EXPE,EXPE,not digital,0.1532987112906328,0.8792402354200107,0.0005698145438118,18729434477.390625
2020,EXR,EXR,not digital,,0.1598627393716883,0.0004555358270828,14973167178.878784
2020,F,F,not digital,0.045161391807714,0.8612479935344102,0.0010639211797417,34970399126.31494
2020,FANG,FANG,not digital,,0.1349562397710384,0.0002326161458547,7645941841.049194
2020,FAST,FAST,not digital,0.0297664370584172,0.7400307715590082,0.0008528007840302,28031008650.48242
2020,FCX,FCX,not digital,0.1411400604577515,0.2924734244495064,0.0011501193927819,37803678481.39111
2020,FDX,FDX,not digital,0.0700818256529973,0.5429783646327699,0.0020936748619451,68817734769.34233
2020,FE,FE,not digital,0.2482945519110363,0.2512144656351205,0.0005052938378752,16608680720.930664
2020,FFIV,FFIV,other digital,0.0254974642912138,0.950995527926942,0.0003297433353698,10838449564.398191
2020,FIS,FIS,not digital,0.0209528362014021,0.9894205767992176,0.0026704879292372,87777206174.33496
2020,FISV,FISV,not digital,0.0605978992728252,0.978182500435546,0.0023161113314614,76129077251.61328
2020,FITB,FITB,not digital,0.5456171735241503,0.9897987101817473,0.0005975602638798,19641418300.34668
2020,FLS,FLS,not digital,0.0153977834487708,0.8952197847583212,0.0001460385175171,4800191351.234436
2020,FMC,FMC,not digital,0.0144762068891234,0.9242421267572448,0.000453704481872,14912972049.598694
2020,FRT,FRT,not digital,,0.1817184971286698,0.0001958992625231,6439081700.250977
2020,FTI,FTI,not digital,0.0392153860288488,0.8600387962991174,0.0001286607202704,4228994426.85218
2020,FTNT,FTNT,other digital,0.048527597903176,0.8892322907652368,0.0007335457020018,24111171452.217106
2020,FTV,FTV,not digital,0.0163343690661142,0.9737096221536928,0.0007265193689538,23880220442.159058
2020,GD,GD,not digital,0.0254976928147659,0.9006002962500974,0.001299119712244,42701222341.552734
2020,GE,GE,not digital,0.0208220695475584,0.8256827380557431,0.0028782617993841,94606598525.39407
2020,GEN,GEN,other digital,0.0023520188161505,0.9692307692307692,0.000105449041734,3466041608.2904053
2020,GILD,GILD,not digital,0.0263275142776135,0.9273904717353488,0.002221846542071,73030654763.83154
2020,GIS,GIS,not digital,0.029282286092569,0.8837720366024274,0.0010937999420158,35952494663.1106
2020,GL,GL,not digital,0.0088131482141639,,0.0003023699281773,9938703424.179075
2020,GLW,GLW,other digital,,0.4884809098294069,0.0008367782827049,27504359424.0
2020,GM,GM,not digital,0.0487701637021155,0.8399959182632211,0.001813231566076,59599745527.67773
2020,GOOGL,GOOGL,operates compute,0.1220696116191029,0.7348411844213056,0.0361011522030693,1186621457961.4258
2020,GPC,GPC,not digital,0.0092820935389428,0.913539850366977,0.0004408679856376,14491044744.033812
2020,GPN,GPN,not digital,0.0587637356642192,0.9642878546439948,0.0019618024545121,64483174268.5376
2020,GRMN,GRMN,not digital,0.0442846691076448,0.8783254707153212,0.0006961932068472,22883419163.05078
2020,GS,GS,not digital,,,0.0027604490340066,90734169339.96582
2020,GWW,GWW,not digital,0.0166991608035941,0.778395552025417,0.0006667241665977,21914790923.46192
2020,HAL,HAL,not digital,0.0503980616130148,0.7908607350096712,0.0005083073073843,16707731509.1781
2020,HAS,HAS,not digital,0.0230175284517144,0.972528285143829,0.000389964512991,12817880613.775637
2020,HBAN,HBAN,not digital,0.1346153846153846,0.9938474292495002,0.0003927942221039,12910891316.986084
2020,HCA,HCA,not digital,0.0550132924533793,0.5114971572962729,0.001693040893882,55649156087.48486
2020,HD,HD,not digital,0.0186435546135795,0.5555859161527051,0.0086989641171477,285929308443.6875
2020,HIG,HIG,not digital,0.0838235294117647,0.9848605470173118,0.0005339625426419,17551002452.28955
2020,HII,HII,not digital,0.0377096464052985,0.6349147971067794,0.0002100186946043,6903178274.996948
2020,HLT,HLT,not digital,0.010680287903413,0.9793494479259922,0.0009391315316993,30868644332.84864
2020,HON,HON,not digital,0.0277599044029782,0.9137583996531756,0.0045406619597011,149248613573.95737
2020,HPE,HPE,other digital,0.0883181380179378,0.8958622604831992,0.0004663303416857,15327975872.631104
2020,HPQ,HPQ,other digital,0.0102404745930294,0.924252472535394,0.0009647968355176,31712246223.02344
2020,HRL,HRL,not digital,0.0382476404652482,0.8084206727261093,0.0007656244488571,25165579055.299805
2020,HSIC,HSIC,not digital,0.0048423757288269,0.9560010292036536,0.0002904226289388,9546003447.143557
2020,HST,HST,not digital,,0.269511249030256,0.0003139391957831,10318977746.63861
2020,HSY,HSY,not digital,0.0541891076244469,0.7497488185574765,0.0009646243246022,31706575901.123047
2020,HUM,HUM,not digital,0.531129476584022,0.9321970888501244,0.0016518592029303,54295540616.05835
2020,HWM,HWM,not digital,0.0507701083856246,0.7734859739578782,0.0003785024150112,12441128887.415771
2020,IBM,IBM,other digital,0.0474455861831493,0.9602169634098646,0.0034124877627367,112166259445.58997
2020,ICE,ICE,not digital,0.0251091703056768,,0.0019687163395243,64710429184.59082
2020,IDXX,IDXX,not digital,0.0395166727935403,0.758050886422283,0.0012972225118763,42638862595.97656
2020,IEX,IEX,not digital,0.0219425072291205,0.932425697716564,0.0004588041589934,15080595128.964231
2020,IFF,IFF,not digital,0.037765538945712,0.8924382146809295,0.0003540995544528,11639022688.38501
2020,ILMN,ILMN,not digital,0.0583513430071009,0.878444297956493,0.0016434763043929,54020000178.22266
2020,INCY,INCY,not digital,0.0702661939729298,0.8428424917394897,0.0005795147150691,19048272815.15503
2020,INTC,INTC,fabricates compute,0.1831199352742497,0.6303897681770974,0.006211328901633,204162352372.4297
2020,INTU,INTU,other digital,0.0076832920953249,0.9328515231909248,0.0031669739862276,104096380850.24414
2020,IP,IP,not digital,0.0377455166524338,0.6549278012485025,0.0005946172477787,19544683269.922462
2020,IPGP,IPGP,not digital,0.0730359349858918,0.7964618319310557,0.0003628962174347,11928163295.14618
2020,IQV,IQV,not digital,0.0542301258913636,0.980377788633773,0.0010450935475894,34351547068.93921
2020,IRM,IRM,not digital,0.1056750585324804,0.6817896644398611,0.000258456002941,8495281183.925781
2020,ISRG,ISRG,not digital,0.0783544419970631,0.8587774982316969,0.0029258791454101,96171749804.99268
2020,IT,IT,other digital,,0.9539684911099244,0.0004351429972288,14302868088.225586
2020,ITW,ITW,not digital,0.0187688881819627,0.886177299513195,0.001963290919446,64532099145.50781
2020,IVZ,IVZ,not digital,0.0187125748502994,0.9845551595574196,0.0002435767359834,8006209329.61792
2020,J,J,not digital,0.008717418584467,0.9741491116531964,0.0004308794959231,14162729565.581858
2020,JBHT,JBHT,not digital,0.0766397971561051,0.37775346521493,0.0004393465062987,14441034704.986572
2020,JCI,JCI,not digital,0.0198503383071201,0.9250520641920864,0.0010260887695022,33726872339.57959
2020,JKHY,JKHY,not digital,0.013074549616801,0.8874058359282414,0.0003761090842386,12362461657.217407
2020,JNJ,JNJ,not digital,0.0405284316574639,0.8927007215799284,0.0126047252291411,414309142945.7188
2020,JPM,JPM,not digital,,0.991990857837062,0.0117840708245438,387334764937.2832
2020,KEY,KEY,not digital,0.0441176470588235,0.9955793255682884,0.0004875034489245,16023922174.84204
2020,KEYS,KEYS,other digital,0.0277185501066098,0.9175671931282904,0.0007478442599644,24581155778.50341
2020,KHC,KHC,not digital,0.0227611227802176,0.9311229089452068,0.0012892256253495,42376010122.56299
2020,KIM,KIM,not digital,,0.1953125309419313,0.0001975034471681,6491810209.071167
2020,KLAC,KLAC,compute equipment,0.0334783791369924,0.9439842413113848,0.0012166726157642,39991239754.86755
2020,KMB,KMB,not digital,0.0635841170323928,0.5410603207213377,0.0013952411377475,45860671254.16943
2020,KMI,KMI,not digital,0.1690601168663959,0.502091061926,0.000941485281626,30946010566.31348
2020,KMX,KMX,not digital,0.0086825927039962,0.8544219948390541,0.0004685273919777,15400191490.737917
2020,KO,KO,not digital,0.0356515417701581,0.8765464626099707,0.0071699334682569,235671062733.1757
2020,KR,KR,not digital,0.021622967893855,0.5167270638147428,0.0007356513016915,24180381148.3385
2020,L,L,not digital,0.25177304964539,0.8697467470960666,0.0003764839187858,12374782225.66687
2020,LDOS,LDOS,not digital,0.0150036894318274,0.9355183089569766,0.0004551590594128,14960783069.93628
2020,LEG,LEG,not digital,0.0154665669828512,0.8365,0.0001786038162481,5870591598.896027
2020,LEN,LEN,not digital,0.0032350247816095,0.9862530293373578,0.0007077284488115,23262575084.740883
2020,LH,LH,not digital,0.0273062202668383,0.8640075329942157,0.0006031689028085,19825770624.206543
2020,LHX,LHX,not digital,0.0202264482796526,0.944777754590985,0.0012082797328699,39715371137.69531
2020,LIN,LIN,not digital,0.1248027016114231,0.6745854537623683,0.0042077213320944,138305071087.47656
2020,LKQ,LKQ,not digital,0.0148766015994496,0.8989766056204858,0.0003262953958567,10725118028.912964
2020,LLY,LLY,not digital,,0.8138253729646967,0.0049136748114774,161509304078.33203
2020,LMT,LMT,not digital,0.0270038839108229,0.8577598106882272,0.0030215907263856,99317727393.79884
2020,LNC,LNC,not digital,,,0.0002958124087245,9723162012.929075
2020,LNT,LNT,not digital,0.3998829039812646,0.1905138339920948,0.0003915557521503,12870183612.875977
2020,LOW,LOW,not digital,0.0199895085772961,0.5244863317372248,0.0035780859966695,117609365989.1123
2020,LRCX,LRCX,compute equipment,0.0238679351709096,0.9276676557194988,0.0020691350895127,68011128365.81421
2020,LUMN,LUMN,not digital,0.1983827206469117,0.5565545341280265,0.0003254404752784,10697017344.0
2020,LUV,LUV,not digital,0.056918656056587,0.5422979067884816,0.0008370297809718,27512626008.914062
2020,LVS,LVS,not digital,0.4173469387755102,0.4098140049021963,0.0013850028606756,45524145727.291016
2020,LW,LW,not digital,0.0400991582445721,0.6707633571413252,0.0003505616230334,11522733177.306152
2020,LYB,LYB,not digital,0.0721244674939803,0.5936502556280541,0.0009311719333038,30607017496.12793
2020,LYV,LYV,other digital,0.1148444694704106,0.89598805511562,0.0004770973754362,15681881288.58667
2020,MA,MA,not digital,0.0143546747967479,0.943365888518342,0.0108259638187522,355842409078.3789
2020,MAA,MAA,not digital,,0.1349562397710384,0.0004408220715947,14489535579.223633
2020,MAR,MAR,not digital,0.0127707880049191,0.9387069349419052,0.0013016951967289,42785876846.13037
2020,MAS,MAS,not digital,0.0158597662771285,0.8428249956724944,0.0004373029020822,14373862759.857178
2020,MCD,MCD,not digital,0.0854236299836524,0.5257511382033488,0.0048642856567049,159885914594.41895
2020,MCHP,MCHP,fabricates compute,0.0170270667843483,0.9497248380303108,0.0011296335900898,37130323433.850586
2020,MCK,MCK,not digital,0.0019408580668587,0.9613858637974104,0.0008495844727871,27925290585.99853
2020,MCO,MCO,not digital,0.0191770619996276,0.977596905471835,0.001658294667608,54507070166.015625
2020,MDLZ,MDLZ,not digital,0.0324667995936947,0.8668927886742368,0.0025440555826699,83621456945.80078
2020,MDT,MDT,not digital,0.0449912009828336,0.946763113497778,0.0047969543504969,157672778229.9746
2020,MET,MET,not digital,,0.9969364931562736,0.0012854712384731,42252605861.00659
2020,META,META,operates compute,0.1763857383818996,0.7135692585804314,0.0220909116892863,726113939216.8594
2020,MGM,MGM,not digital,0.052416641192449,0.5990651469598494,0.0004735115719929,15564018255.133669
2020,MHK,MHK,not digital,0.0445506934163941,0.6795568962637611,0.000305313065915,10035442452.719116
2020,MKC,MKC,not digital,0.0402228054201703,0.9149358544877044,0.0007758644349855,25502160757.758057
2020,MKTX,MKTX,not digital,0.0217812443315799,0.9360055999981974,0.0006619390341315,21757506722.90039
2020,MLM,MLM,not digital,0.0760481194105583,0.5045459700589747,0.0005380089321213,17684004650.01831
2020,MMM,MMM,not digital,0.0466380810340541,0.8010096316323082,0.0030673780012838,100822725422.39684
2020,MNST,MNST,not digital,0.0105948761350643,0.9492712547213188,0.0029706558299716,97643530384.68456
2020,MO,MO,not digital,0.0088326387030168,0.9575652760787952,0.0023181235840175,76195218688.0
2020,MOS,MOS,not digital,0.1348353433083382,0.400989398579066,0.0002653797609386,8722860618.606812
2020,MPC,MPC,not digital,0.0399403832098482,0.5416167594354024,0.0008187239764715,26910926088.00586
2020,MRK,MRK,not digital,0.1066766221879666,0.8143861641263048,0.0062963354849813,206956463632.41565
2020,MS,MS,not digital,,,0.003772038950698,123984473791.5039
2020,MSCI,MSCI,not digital,0.0128737340670878,0.9808400182249186,0.0011261282217114,37015104248.80981
2020,MSFT,MSFT,operates compute,0.122685736043025,0.8534703346376336,0.051160317255869,1681606445978.3906
2020,MSI,MSI,other digital,0.0292689506339357,0.9060316292754688,0.0008770809612153,28829082326.60547
2020,MTB,MTB,not digital,0.0288844506101924,0.9918544950966544,0.0004968670993619,16331699291.519163
2020,MTD,MTD,not digital,0.0299801275583216,0.7161648278285437,0.0008250309131511,27118231006.03028
2020,MU,MU,fabricates compute,0.3836249125262421,0.4219046909348336,0.0025546378902459,83969290532.21387
2020,NCLH,NCLH,not digital,0.7395414357906974,0.2711019653609968,0.0002441978083755,8026623576.324463
2020,NDAQ,NDAQ,not digital,0.0334222222222222,0.9735802881139106,0.0006624531010648,21774403769.577023
2020,NEE,NEE,not digital,,0.2810140659753767,0.0045982729599516,151142249786.10352
2020,NEM,NEM,not digital,0.1132469339827781,0.4130629215112765,0.0014637681922015,48113111087.90918
2020,NFLX,NFLX,other digital,0.019920062589074,0.9755556460163716,0.0072679201953789,238891822900.1733
2020,NI,NI,not digital,0.3930295984977197,0.2459563077062679,0.0002674492531293,8790883484.657288
2020,NKE,NKE,not digital,0.015604652207104,0.8447450705124114,0.0067565633264155,222083854279.8164
2020,NOC,NOC,not digital,0.0385880051088344,0.8409903528300614,0.0015455644102743,50801699723.51074
2020,NOV,NOV,not digital,0.0371100164203612,0.8059220465303656,0.0001621834418407,5330864542.266846
2020,NOW,NOW,other digital,0.0927196282363354,0.9242685025817556,0.0032671436147678,107388891571.04492
2020,NRG,NRG,not digital,0.0264672036823935,,0.0002789984490327,9170498063.27417
2020,NSC,NSC,not digital,0.1526202880784554,0.1743058848322006,0.0018360378748218,60349374104.14014
2020,NTAP,NTAP,other digital,0.0282033426183844,0.903350172826376,0.0004501768595808,14797021392.878174
2020,NTRS,NTRS,not digital,0.0339924906132665,0.9969364931562736,0.0005897405405969,19384389067.853027
2020,NUE,NUE,not digital,0.0766258791484939,0.6571937920817849,0.0004885889736907,16059602669.843628
2020,NVDA,NVDA,designs compute,,0.9033208200981808,0.0098341401250467,323241807556.15234
2020,NVR,NVR,not digital,0.0021386711792066,,0.0004552441675799,14963580520.187988
2020,NWL,NWL,not digital,0.0275972296217368,0.92,0.000274051309812,9007888805.770874
2020,NWSA,NWS,other digital,0.0416755717033554,0.8418063249421499,0.0003221526395681,10588948316.669312
2020,O,O,not digital,,0.1578634526960454,0.0006638722254018,21821049466.101845
2020,ODFL,ODFL,not digital,0.0560582237830963,0.333083642871692,0.0006967178462713,22900663720.64209
2020,OKE,OKE,not digital,0.2570029039214763,0.170018970694865,0.0005189015388961,17055957027.627195
2020,OMC,OMC,other digital,0.0057246547365064,0.9788332995746404,0.0004079138987377,13407865281.424072
2020,ORCL,ORCL,operates compute,0.0527433978112107,0.9459103588073252,0.0059257171826669,194774480415.7656
2020,ORLY,ORLY,not digital,0.0401205808819049,0.6468876076367625,0.0009975241665059,32787972365.890503
2020,OTIS,OTIS,not digital,0.014346190028222,0.9277310924369748,0.000890261683294,29262324112.40625
2020,OXY,OXY,not digital,0.147985989492119,0.1770458633093525,0.0004904029747502,16119227708.120728
2020,PAYC,PAYC,not digital,0.1118352716909466,0.8906335796606634,0.0007929459704648,26063619750.0
2020,PAYX,PAYX,not digital,0.029618511569731,0.952354777971394,0.0010223383181302,33603597435.49585
2020,PCAR,PCAR,not digital,0.0293883653255733,0.8850474516695958,0.0009093834273677,29890843437.88147
2020,PEG,PEG,not digital,0.3212440927574458,,0.0008972169133754,29490938014.068604
2020,PEP,PEP,not digital,0.0602512362871596,0.770023031059644,0.0062351295037225,204944662726.20703
2020,PFE,PFE,not digital,0.0534440949797123,0.910879276919386,0.0062247870090168,204604711633.3008
2020,PFG,PFG,not digital,,0.9965647173207356,0.0004146493820004,13629256247.680664
2020,PG,PG,not digital,0.036614204261804,0.8285666942833472,0.0104964939891219,345012949470.2461
2020,PGR,PGR,not digital,0.005239333209871,0.9827452522141772,0.0017607423557461,57874459228.265625
2020,PH,PH,not digital,0.0146335564594595,0.8847162371737018,0.0010674505875456,35086408471.67969
2020,PHM,PHM,not digital,0.0052875649166071,0.989206175774229,0.0003517018894133,11560212993.644714
2020,PKG,PKG,not digital,0.0632603406326034,0.5703869127697359,0.0003978817778705,13078115975.280762
2020,PLD,PLD,not digital,,0.9969364931562736,0.0022413269913051,73670964495.27539
2020,PM,PM,not digital,0.020979995817941,0.8579716612741269,0.0039225148476652,128930518927.20898
2020,PNC,PNC,not digital,,0.9835282924665564,0.0019206782338423,63131447808.0
2020,PNR,PNR,not digital,0.0206110411558088,0.928237872867626,0.0002686791429505,8831309165.382385
2020,PNW,PNW,not digital,0.3698329124595551,0.3143213621731531,0.0002738761010189,9002129806.381226
2020,POOL,POOL,not digital,0.0055128469248896,0.937780728528974,0.0004551072004663,14959078500.0
2020,PPG,PPG,not digital,0.021974844585803,0.8401002249948865,0.0010363861685767,34065341168.33496
2020,PPL,PPL,not digital,0.4181248848775096,0.4908138664893174,0.0006596090669294,21680922212.168457
2020,PRGO,PRGO,not digital,0.0416809353749816,0.9247414783607814,0.000185701201365,6103878044.375
2020,PRU,PRU,not digital,,,0.0009405637335617,30915719879.15039
2020,PSA,PSA,not digital,,0.1349562397710384,0.0012282458111092,40371643179.56543
2020,PSX,PSX,not digital,,0.5666014875459147,0.0009294309671066,30549793066.40625
2020,PVH,PVH,not digital,0.0317696211760087,0.9246717042036534,0.0002030949029671,6675597734.603882
2020,PWR,PWR,not digital,0.0232133905196903,0.8141693910366323,0.0003042581538604,10000768177.692871
2020,PYPL,PYPL,not digital,0.0403654330194835,0.9743247275465692,0.0083485003180921,274409790677.086
2020,QCOM,QCOM,designs compute,0.0597934639411839,0.8957408552003147,0.0052418602203101,172296545607.91406
2020,QRVO,QRVO,fabricates compute,0.0465618195570102,0.8080682770480264,0.0005769435128931,18963759067.29126
2020,RCL,RCL,not digital,0.8896806191583232,0.2223486961587499,0.0005097721840546,16755881055.222656
2020,REG,REG,not digital,,0.9969364931562736,0.0002353472427884,7735711225.891113
2020,REGN,REGN,not digital,0.0723305598380624,0.8122971689593493,0.0015683526412965,51550734096.92383
2020,RF,RF,not digital,,0.9871292973016982,0.0004710272013023,15482358601.876707
2020,RHI,RHI,not digital,0.006532981013897,0.9570595255225572,0.0002166598987499,7121470347.824097
2020,RJF,RJF,not digital,0.0151811949069539,0.9887325723432038,0.0003985562120482,13100284189.27002
2020,RL,RL,not digital,0.0244955462643155,0.8654514485089081,0.0002307252115175,7583788055.833435
2020,RMD,RMD,not digital,0.0321293783675991,0.9090253338727848,0.0009371384718012,30803133746.6836
2020,ROK,ROK,not digital,0.0179942494233625,0.9209327295001858,0.0008864442703954,29136848226.379395
2020,ROL,ROL,not digital,0.0107480959828245,0.9035419036784224,0.0005843665514452,19207749529.96826
2020,ROP,ROP,other digital,,0.9947013086477308,0.0013754232487312,45209270095.94727
2020,ROST,ROST,not digital,0.0323529423499778,0.7161604802207702,0.0013318553384306,43777221142.20898
2020,RSG,RSG,not digital,0.1176528521903561,0.6276265255611504,0.0009337944434067,30693217702.271484
2020,RTX,RTX,not digital,0.0317210666760916,0.9077291200286148,0.0033041014134858,108603670444.33594
2020,RVTY,RVTY,not digital,0.0238935428032877,0.9537324842044568,0.0005387664721674,17708904500.0
2020,SBAC,SBAC,not digital,0.9992227939004864,0.7076522452783998,0.0009531238308979,31328562132.20215
2020,SBUX,SBUX,not digital,0.0630835955438387,0.7875231918841172,0.0038200457612257,125562426516.67284
2020,SCHW,SCHW,not digital,0.0539731417329569,0.9947487199663394,0.0030321986062818,99666401525.78906
2020,SHW,SHW,not digital,0.0165453089855514,0.9100805819151438,0.0020307011799962,66747830687.96924
2020,SJM,SJM,not digital,0.0383245654591575,0.8839508791778626,0.0004012598381569,13189150625.907898
2020,SLB,SLB,not digital,0.0472861319435617,0.83913842673328,0.0009245090774579,30388013745.956543
2020,SLG,SLG,not digital,,0.5388450905299111,0.000131541894689,4323696761.28131
2020,SNA,SNA,not digital,,,0.0002822777515751,9278286610.910034
2020,SNPS,SNPS,designs compute,0.0419824159948725,0.9397491576030172,0.001206960663576,39672014185.54688
2020,SO,SO,not digital,0.3565435843958857,0.2871517468580957,0.0019740220218783,64884823522.33887
2020,SPG,SPG,not digital,0.1050718794974197,0.334281153284204,0.000851353509624,27983437679.44336
2020,SPGI,SPGI,not digital,0.0102123085192152,0.9773470527239372,0.0024062571511798,79092111877.8125
2020,SRE,SRE,not digital,0.4535402521823472,0.3995617129219638,0.0011181834816219,36753965794.96875
2020,STE,STE,not digital,0.076994541304494,0.7956474583922011,0.0004920179344848,16172310387.145996
2020,STT,STT,not digital,0.0478509783816115,0.993155516577377,0.0007811726752942,25676639173.81836
2020,STX,STX,other digital,0.0466248478606872,0.7615901455767078,0.0004858901194313,15970893080.795288
2020,STZ,STZ,not digital,0.1003610024492449,0.8048178837032266,0.0012936800658414,42522424692.41333
2020,SWK,SWK,not digital,0.0273019607843137,0.9162745106359504,0.0008703980666679,28609419917.310547
2020,SWKS,SWKS,fabricates compute,0.1160413624579074,0.7553214404605714,0.0007724708850055,25390616970.947266
2020,SYF,SYF,not digital,,,0.0006164837125805,20263419785.52246
2020,SYK,SYK,not digital,0.0339349174273569,0.9198368773667348,0.0028015102864977,92083826077.30908
2020,SYY,SYY,not digital,,0.8029647079453636,0.0011507680986396,37825001022.18823
2020,T,T,other digital,0.1026913666550157,0.7696595981824441,0.0062351019068514,204943755634.95416
2020,TAP,TAP,not digital,0.049028471997134,0.8444885130858253,0.0002992676426978,9836733312.588867
2020,TDG,TDG,not digital,0.0205761316872428,0.9591193259037782,0.0010248956533651,33687655385.99853
2020,TDY,TDY,other digital,0.0231352472296027,0.903772026431718,0.0004398288543077,14456889171.194458
2020,TEL,TEL,other digital,0.0460072297075254,0.8103107785053529,0.0012182490424517,40043055877.62525
2020,TER,TER,compute equipment,0.0592595986056565,0.8919050933290548,0.0006056844107483,19908453738.64746
2020,TFC,TFC,not digital,,0.9924002607869168,0.0019658250714709,64615395078.93359
2020,TFX,TFX,not digital,0.0357463238366107,0.9337423151630068,0.0005830798674039,19165457060.064697
2020,TGT,TGT,not digital,0.0283130791676018,0.3856097617990135,0.0026894797701287,88401455666.46484
2020,TJX,TJX,not digital,0.017674331767122,0.7794554840187844,0.0024944521684206,81991024891.84961
2020,TMO,TMO,not digital,0.0457508225215717,0.9143833632624688,0.0056163237678897,184604919542.43265
2020,TMUS,TMUS,other digital,0.1613228650379402,0.7942916237847344,0.0050921139015057,167374481233.22266
2020,TPR,TPR,not digital,,0.9021730900280156,0.0002623035369158,8621747130.195679
2020,TROW,TROW,not digital,0.0345755393365234,0.93475935828877,0.001042907421451,34279690520.67627
2020,TRV,TRV,not digital,,,0.0010817670701762,35556981970.17969
2020,TSCO,TSCO,not digital,0.0276828865935893,0.8228203366209323,0.0004982498012786,16377147806.711197
2020,TSLA,TSLA,other digital,0.1001078132927448,0.7555610953440208,0.0203504251891645,668905276825.1602
2020,TSN,TSN,not digital,0.0277642700011578,0.779544926863246,0.0007151922906858,23507906726.152344
2020,TT,TT,not digital,0.0117385404706656,0.9256748197635032,0.001060457332621,34856544718.083984
2020,TTWO,TTWO,other digital,0.0204281309297912,0.9733496711951426,0.0007276965590517,23918913917.160034
2020,TXN,TXN,fabricates compute,0.0448793306133739,0.8310681618521006,0.0045836568450203,150661827568.21875
2020,TXT,TXT,not digital,0.0272079649815466,0.8317352510320948,0.00033653020465,11061529555.722656
2020,TYL,TYL,other digital,0.0203194697057214,0.9355633508407633,0.000535559638125,17603497944.955444
2020,UA,UAA,not digital,0.0206252219438899,0.869066446574861,0.0002216937379374,7286929377.003204
2020,UAA,UAA,not digital,0.0206252219438899,0.869066446574861,0.000221068496533,7266378097.567749
2020,UAL,UAL,not digital,0.1124715076522305,0.4715859474709478,0.000385089198605,12657632192.0
2020,UDR,UDR,not digital,,0.1349562397710384,0.0003443007619726,11316942734.98877
2020,UHS,UHS,not digital,0.0632678879308293,0.6013079882961032,0.0003554790252873,11684365000.0
2020,ULTA,ULTA,not digital,0.0246858192837299,0.7521472604542225,0.0004921968913222,16178192582.318115
2020,UNH,UNH,not digital,0.007976168716774,0.9562773393346816,0.0101228811729459,332732538525.1875
2020,UNM,UNM,not digital,0.0090487080329126,0.9929487524389105,0.0001421386850903,4672006388.767242
2020,UNP,UNP,not digital,0.1498489735319715,0.1349562397710384,0.0042688095849319,140313002336.83398
2020,UPS,UPS,not digital,0.0639504655669518,0.4831752339443661,0.0044285820798822,145564620618.5332
2020,URI,URI,not digital,0.0987963891675025,,0.0005089604283032,16729199170.17212
2020,USB,USB,not digital,,0.9937389985647358,0.0021352729470983,70185036848.10449
2020,V,V,not digital,0.0336903781012542,0.9661760525958056,0.0146693072342265,482170614379.5039
2020,VFC,VFC,not digital,,0.914274276219947,0.0010134134578971,33310243068.237305
2020,VLO,VLO,not digital,0.0375277298496425,0.413045157801213,0.0007018277564204,23068623152.99268
2020,VMC,VMC,not digital,0.0745758524131115,0.6212853707997843,0.0005979036775968,19652706086.486816
2020,VNO,VNO,not digital,,0.4502160731390099,0.0002172749130953,7141685470.464111
2020,VNT,VNT,not digital,0.0131997337868816,0.968499837292548,0.0001710973561505,5623859124.125977
2020,VRSK,VRSK,not digital,0.1087512117740372,0.9163823428284272,0.0010268549898236,33752057504.57764
2020,VRSN,VRSN,other digital,0.0343055884910283,0.8610166901539976,0.0007512592201087,24693403303.527832
2020,VRTX,VRTX,not digital,0.0418647372576824,0.9184380265150872,0.0018697472671932,61457379967.7124
2020,VTR,VTR,not digital,0.1600102440956147,0.1412224474959761,0.0005588477347113,18368962575.25
2020,VTRS,VTRS,not digital,0.0205585495647171,0.94378990463503,0.0006854175077935,22529228924.19824
2020,VZ,VZ,other digital,,0.7003516798796768,0.0073963365917829,243112786560.0
2020,WAB,WAB,not digital,0.0179989412387506,0.9132437411943212,0.0004238557203836,13931862619.171144
2020,WAT,WAT,not digital,,0.826050381700893,0.0004670564268299,15351841820.387268
2020,WBD,WBD,other digital,0.0376721956705088,0.9646199430868072,0.0022230606049145,73070560222.06445
2020,WDC,WDC,other digital,0.0677224914312729,0.8887849738913569,0.0005127004278792,16852130530.499928
2020,WEC,WEC,not digital,0.3969095654335308,0.3057326732940658,0.0008831778589636,29029483401.1875
2020,WELL,WELL,not digital,,0.1513972170977626,0.0008204071140702,26966249729.2024
2020,WFC,WFC,not digital,,0.9954452609463512,0.0037962085499263,124778912841.90623
2020,WHR,WHR,not digital,0.0210731907894736,0.8434625171266392,0.0003434533947683,11289090324.580383
2020,WM,WM,not digital,0.1041529767380733,0.5178735730107344,0.0015162431098408,49837927595.84912
2020,WMB,WMB,not digital,0.1618972951783614,0.3449790558134269,0.000740278644187,24332478894.904297
2020,WMT,WMT,not digital,0.0184859329326607,0.5551364722298568,0.0124079766487457,407842144717.86914
2020,WRB,WRB,not digital,,0.9858100732504762,0.0003601360527506,11837438472.201963
2020,WST,WST,not digital,0.0812334063067679,0.6623953038871788,0.0006371989088605,20944314851.51367
2020,WTW,WTW,not digital,,0.973683527549246,0.0004292905879011,14110503189.453123
2020,WU,WU,not digital,0.0078917212600808,0.984162252666828,0.0002744196157795,9019994784.042295
2020,WY,WY,not digital,,0.8765863527680706,0.0007614254739679,25027561474.11914
2020,WYNN,WYNN,not digital,0.13842282479611,0.3369182136950832,0.0003702867445359,12171085127.5177
2020,XEL,XEL,not digital,,0.2039957744129584,0.0010898294883429,35821988426.08887
2020,XOM,XOM,not digital,0.0967778063995878,0.3161442524417731,0.0053024362722133,174287641144.77344
2020,XRAY,XRAY,not digital,0.0260557053009883,0.9154010695187166,0.0003481523018378,11443540352.27539
2020,XRX,XRX,not digital,0.0062660210766163,0.979919951156638,0.0001399646744914,4600548070.429016
2020,XYL,XYL,not digital,0.0390942106387524,0.9249142857142856,0.0005581435184961,18345815445.007324
2020,YUM,YUM,not digital,0.0283085633404104,0.788961038961039,0.0009963408446355,32749077343.50586
2020,ZBH,ZBH,not digital,0.0167271691935369,0.9161387026624128,0.0009717096969424,31939467494.42169
2020,ZBRA,ZBRA,other digital,0.0150629496402877,0.9490232558139536,0.0006234102718466,20491091296.081543
2020,ZION,ZION,not digital,0.4253731343283582,0.985161820837271,0.0002167575796229,7124681054.763794
2020,ZTS,ZTS,not digital,0.0678651685393258,0.8381953119259313,0.0023930150925695,78656854000.0
2021,A,A,not digital,0.0297515429656591,0.9117234936945352,0.001151109515576,48214456529.53223
2021,AAL,AAL,not digital,0.0069607121343952,0.5556140641220455,0.0002776481796737,11629350559.823242
2021,AAP,AAP,not digital,0.0263356328143263,0.8764656278284231,0.0003571133565717,14957765680.46875
2021,AAPL,AAPL,other digital,0.0303020362640336,0.8876359678862229,0.0695540265177632,2913284568164.0625
2021,ABBV,ABBV,not digital,0.0140043062796946,0.9651263572398636,0.005714928219404,239370932544.1172
2021,ABT,ABT,not digital,0.0437608821822402,0.880858024362998,0.0059416960917817,248869151069.0273
2021,ACN,ACN,other digital,0.0114801720502062,0.9620365258415452,0.0062601246218705,262206594912.54297
2021,ADBE,ADBE,other digital,0.0220462464364903,0.938585220806872,0.0064415861227401,269807146838.3789
2021,ADI,ADI,fabricates compute,0.0469612693464016,0.962175598897834,0.0022045358595787,92337433520.6162
2021,ADM,ADM,not digital,0.0137127708242911,0.8253705287159755,0.0009056434146346,37933058892.58008
2021,ADP,ADP,not digital,,0.9859654518427392,0.0024807057943495,103904867491.57716
2021,ADSK,ADSK,other digital,0.0127678978568171,0.9735157559273606,0.0014767555295934,61854206157.52344
2021,AEE,AEE,not digital,0.5441038473568971,0.1811669231845529,0.0005474370085424,22929510610.305782
2021,AEP,AEP,not digital,,0.2471509215945941,0.0010544014696982,44163820329.46484
2021,AES,AES,not digital,0.1899290907458935,0.3961107908867518,0.0003912248803551,16386533802.31714
2021,AFL,AFL,not digital,,0.996585037640756,0.0009222020215542,38626619516.23535
2021,AIG,AIG,not digital,0.0065889313636974,0.9971280564726092,0.0011271460973736,47210743877.01367
2021,AIZ,AIZ,not digital,0.0183949114609917,0.9834495852078088,0.0002122818885781,8891470142.819214
2021,AJG,AJG,not digital,,0.984981256560204,0.0008396487251359,35168857880.46265
2021,AKAM,AKAM,other digital,0.095044150579145,0.8114767604006206,0.0004540185476821,19016659348.754883
2021,ALB,ALB,not digital,0.286562296327747,0.461495128811263,0.0006528673042177,27345480019.77539
2021,ALGN,ALGN,not digital,0.1014774132567454,0.8179222532063526,0.0012372073606846,51820682309.18262
2021,ALK,ALK,not digital,0.0472797927461139,0.5600315389577808,0.0001578739823078,6612583906.333923
2021,ALL,ALL,not digital,0.0068180470741684,0.9905571198712791,0.0008052349962761,33727431837.43286
2021,ALLE,ALLE,not digital,0.0158331589593359,0.9070140937397576,0.0002836162820797,11879325744.74414
2021,AMAT,AMAT,compute equipment,0.0289641416988249,0.9251113262342692,0.0033380859511481,139816409998.9453
2021,AMCR,AMCR,not digital,0.0362348734873487,0.785024435652781,0.0004396151963057,18413372042.53682
2021,AMD,AMD,designs compute,0.0183156869903857,0.9434737096384572,0.0041488414527622,173775069326.9336
2021,AME,AME,not digital,0.0199532535210404,0.9481317615868704,0.0008120773512824,34014025270.594727
2021,AMGN,AMGN,not digital,0.0338735132222179,0.9152456470203548,0.0030253630863438,126717949108.06056
2021,AMP,AMP,not digital,0.0089625812233923,0.996680451233578,0.0008058391707838,33752737809.75341
2021,AMT,AMT,not digital,1.6118813981859652,0.7169180931176928,0.0031803259371863,133208599680.0
2021,AMZN,AMZN,operates compute,0.1299492148090127,0.6188767539573272,0.0403723430962119,1691003814031.9824
2021,ANET,ANET,designs compute,0.0219590188318531,0.986287387985796,0.0010546534601293,44174375000.0
2021,AON,AON,not digital,0.0112359550561797,0.9834257605664692,0.0015810591700121,66222985382.08008
2021,AOS,AOS,not digital,0.0212212834496594,0.8253799217131015,0.0003256339928937,13639246120.779053
2021,APA,APA,not digital,,0.9830865218371796,0.0002332192838384,9768437208.035156
2021,APD,APD,not digital,0.2387096774193548,0.5065154583904212,0.0016103437505976,67449576004.88281
2021,APH,APH,other digital,0.0331362687678714,0.919929965118814,0.0012487352698144,52303531131.20898
2021,APTV,APTV,not digital,0.0391215264438468,0.8170711390014994,0.0010653232383775,44621280835.25684
2021,ARE,ARE,not digital,,0.997396269026974,0.0008248921202826,34550774480.407715
2021,ATO,ATO,not digital,0.5780031636189688,,0.0003319430533842,13903502404.518127
2021,AVGO,AVGO,designs compute,0.0161384335154826,0.9689294693661504,0.0065591295971249,274730479205.4297
2021,AVY,AVY,not digital,0.0303271767182426,0.7791383816302043,0.000428099713471,17931043698.413086
2021,AWK,AWK,not digital,0.4506898313745529,0.1914093959731543,0.000818553182753,34285266790.802
2021,AXP,AXP,not digital,0.0559243758118054,0.9736084656084656,0.0030720835280864,128674844326.94336
2021,AZO,AZO,not digital,0.0425006587678324,0.6654157882514562,0.0010327691831095,43257747599.41406
2021,BA,BA,not digital,0.0157338727804,0.9211992609273052,0.0028247581048035,118315568594.9961
2021,BAC,BAC,not digital,,0.996582105351168,0.0086930394307221,364109727241.9863
2021,BALL,BALL,not digital,0.1249728477300702,0.6701836258496501,0.0007215215561509,30221077346.191406
2021,BAX,BAX,not digital,0.0568911575827432,0.8455296679693327,0.001026125715364,42979484599.6875
2021,BBWI,BBWI,not digital,0.0342552651611266,0.9121078558465128,0.0004294234569645,17986488964.27246
2021,BBY,BBY,not digital,0.0142385193485442,0.8814706036607751,0.0005835233988823,24440996420.133057
2021,BDX,BDX,not digital,0.0624117923788615,0.8885567890691717,0.0017114065991421,71682614001.6734
2021,BEN,BEN,not digital,0.0094119043380214,0.968140216150014,0.0004012184298899,16805115660.16626
2021,BF-B,BF-B,not digital,0.0350877192982456,0.8724317693958908,0.0008146503414019,34121795485.839844
2021,BIIB,BIIB,not digital,0.0235027363705072,0.8569184958098277,0.0008414084991065,35242566371.6709
2021,BIO,BIO,not digital,0.045764242942686,0.971255255726979,0.0005353778699342,22424411133.374023
2021,BKNG,BKNG,other digital,0.0277422887388209,0.96522989721247,0.0023519499826399,98511904091.83502
2021,BKR,BKR,not digital,0.0417520241927616,0.8618726634190552,0.0005178007189977,21688188586.109253
2021,BLK,BLK,not digital,0.0176009084339836,0.99500812326398,0.0033207220825205,139089120824.6289
2021,BMY,BMY,not digital,0.0209766088175056,0.9446639954626124,0.0033041394671828,138394554603.49805
2021,BR,BR,not digital,0.0050796097458443,0.9781768023842952,0.0005176375912844,21681355948.6084
2021,BRK-B,BRK-B,not digital,0.0694162675423002,,0.0159834479912538,669469974784.0
2021,BRO,BRO,not digital,0.0147473290948417,0.9783571880678686,0.0004738897755955,19848969777.48047
2021,BSX,BSX,not digital,0.0466016150740242,0.9301250426634398,0.0014452256925024,60533572508.65137
2021,BWA,BWA,not digital,0.0435482504448021,0.7348416289592761,0.000258002320698,10806479754.959368
2021,BXP,BXP,not digital,,0.1828417986503889,0.0004295531988389,17991923229.110596
2021,C,C,not digital,0.0573006510489121,0.9893810563072892,0.0029087695773798,121834406236.16016
2021,CAG,CAG,not digital,0.0402569370400228,0.8824767070951,0.0003911026386966,16381413685.548828
2021,CAH,CAH,not digital,0.0021342774891631,0.946910219782692,0.0003464054920281,14509264592.971802
2021,CARR,CARR,not digital,0.0166884975500897,0.9302307809873148,0.0011221999421096,47003573156.29419
2021,CAT,CAT,not digital,0.0214435659492652,0.8539731619822932,0.0026700205682829,111834355359.32324
2021,CB,CB,not digital,,0.9900026992711968,0.0019879702801006,83266540111.90625
2021,CBOE,CBOE,not digital,0.0145931097630765,0.984562330325042,0.0003320085692309,13906246549.102783
2021,CBRE,CBRE,not digital,0.0077866790352504,0.963028412678357,0.0008914123921012,37336989615.05127
2021,CCI,CCI,not digital,1.6118813981859652,0.6088883196721311,0.0021539362427734,90218058264.08205
2021,CCL,CCL,not digital,1.6118813981859652,0.2856366226754648,0.0005378981576072,22529973895.916748
2021,CDNS,CDNS,designs compute,0.0218516292511588,0.921249827565914,0.0012529145892733,52478582778.0293
2021,CDW,CDW,other digital,0.004802889418274,0.9851659923935936,0.0006635602781877,27793357412.5625
2021,CE,CE,not digital,0.0547030572800749,0.6498538622129436,0.0004368334968494,18296859994.20166
2021,CF,CF,not digital,0.0786173141633527,0.4277979797979798,0.0003624320635215,15180540804.429688
2021,CFG,CFG,not digital,,0.9959237616037452,0.000485925269042,20353078872.0
2021,CHD,CHD,not digital,0.0228897323750987,0.9183767898455576,0.0006117912232106,25625000000.0
2021,CHRW,CHRW,not digital,0.0020478497563538,0.9801040450123732,0.0003340201126032,13990500452.980042
2021,CHTR,CHTR,other digital,1.6118813981859652,0.7592128625667586,0.0027907791519391,116892353233.09377
2021,CI,CI,not digital,,0.9761635752054696,0.0018170095058237,76105813258.30078
2021,CINF,CINF,not digital,0.0020478497563538,0.9934686335106891,0.0004406459896298,18456547030.878174
2021,CL,CL,not digital,0.0325469261236438,0.7519946808510638,0.0017172826269084,71928732621.55469
2021,CLX,CLX,not digital,0.0353172928099057,0.7944426902431323,0.0005114549021531,21422392754.989624
2021,CMCSA,CMCSA,other digital,0.0788245907977832,0.8041101103640746,0.0054900951366848,229953753078.14783
2021,CME,CME,not digital,0.0271232701452118,0.997396269026974,0.0019603175476503,82108299780.6372
2021,CMG,CMG,not digital,0.0586287827804757,0.7340614505607881,0.0011743458054679,49187713264.65607
2021,CMI,CMI,not digital,0.0305565963115607,0.8134964150147617,0.0007449170027568,31201000392.700195
2021,CMS,CMS,not digital,0.2934275618374558,0.2226202483219141,0.0004499152099893,18844790213.68506
2021,CNC,CNC,not digital,0.0077129755981793,0.9567336523125995,0.0011479148213884,48080646112.75488
2021,CNP,CNP,not digital,0.3832364341085271,0.376735051354866,0.0004190417610795,17551649517.482666
2021,COF,COF,not digital,0.1460251046025104,0.9902632169313638,0.0014895198508798,62388842354.569336
2021,COO,COO,not digital,0.0733618477331052,0.8597156003414461,0.0004941837646001,20698987640.625
2021,COP,COP,not digital,0.116173518373047,0.2840251045102083,0.0022729222773211,95201812557.3916
2021,COR,COR,not digital,0.0020478497563538,0.9622768782306892,0.0001402196040987,5873126679.025269
2021,COST,COST,not digital,0.018312756151463,0.6036309644327462,0.0060101498771607,251736351812.98828
2021,CPB,CPB,not digital,0.0324445493157149,0.7980228396113858,0.0003130826963481,13113532508.390623
2021,CPRT,CPRT,not digital,0.1719569576503123,0.4965909661314869,0.0008585954044278,35962443401.85547
2021,CRL,CRL,not digital,0.0646219379915032,0.8161995543465448,0.0004539544969405,19013976570.39795
2021,CRM,CRM,other digital,0.0270647742714781,0.9629115699612374,0.0059762883490203,250318054809.5703
2021,CSCO,CSCO,other digital,0.0138905616443855,0.9760197749674348,0.0063810108733999,267269940181.1865
2021,CSX,CSX,not digital,0.1430282702443699,0.1854383064814586,0.0019910620853854,83396041006.03125
2021,CTAS,CTAS,not digital,0.0306414483798311,0.8399336734563799,0.0010968259009043,45940776271.97266
2021,CTSH,CTSH,other digital,0.0150753768844221,0.9344051086712972,0.0011254665916664,47140397438.36719
2021,CTVA,CTVA,not digital,0.0366017246885978,0.8977659172491971,0.0008227921369787,34462816251.97852
2021,CVS,CVS,not digital,0.0086268575986525,0.9446521229704848,0.0032512053359661,136177397735.32422
2021,CVX,CVX,not digital,0.0517717825790779,0.3864737929738869,0.005424717985898,227215417800.7627
2021,CZR,CZR,not digital,0.0543364681295715,0.6160763587599589,0.0004773590718806,19994281959.04541
2021,D,D,not digital,,0.3997991766241591,0.0015190655024505,63626367988.765625
2021,DAL,DAL,not digital,0.1085989497976521,0.603237693040202,0.0005971499888655,25011748917.180664
2021,DD,DD,not digital,0.0627088970237147,0.8741330649572275,0.0009992178197391,41852441910.56396
2021,DE,DE,not digital,0.0192622206069416,,0.00251656394597,105406793476.15234
2021,DG,DG,not digital,0.0312812961630047,0.8492033522971218,0.001304594978421,54643226404.26636
2021,DGX,DGX,not digital,0.0373563218390804,0.8745867313202557,0.000506718344577,21224001076.1261
2021,DHI,DHI,not digital,0.0033664335966472,0.983640005163246,0.0009222308617909,38627827495.42188
2021,DHR,DHR,not digital,0.0499959680670913,0.9575639546066552,0.0056130320528609,235102990853.21472
2021,DIS,DIS,other digital,0.0530718799133762,0.8397713264148441,0.0067216424045592,281537361247.0684
2021,DLR,DLR,not digital,,0.4291313670003156,0.0011983565148837,50193406719.28125
2021,DLTR,DLTR,not digital,0.038814434165216,0.8011064940085041,0.0007547013096793,31610818081.115723
2021,DOC,DOC,not digital,1.6118813981859652,0.1697582680382046,0.0001898099819142,7950229754.893433
2021,DOV,DOV,not digital,0.0216849934887476,0.90798305244892,0.0006242699837266,26147675426.01465
2021,DPZ,DPZ,not digital,0.0216121043573731,0.8102539102380855,0.0004898915825312,20519208720.39185
2021,DRI,DRI,not digital,0.0391381100726895,0.7307457700284344,0.0004667713320778,19550812320.78552
2021,DTE,DTE,not digital,,0.3216344822377199,0.0005528951675875,23158126713.682373
2021,DUK,DUK,not digital,0.3967573307195948,0.3776881482660817,0.0019267920947313,80704079356.32422
2021,DVA,DVA,not digital,0.0552092441239828,0.7967482732809205,0.0002767598864612,11592144217.681885
2021,DVN,DVN,not digital,0.1446545454545454,0.2861831153388823,0.0007119900789817,29821849483.48999
2021,DXC,DXC,not digital,0.0156163541346449,0.8663218077865504,0.0001938530222079,8119573321.122437
2021,DXCM,DXCM,not digital,0.1589544619154584,0.837471874809965,0.0012424976960399,52042269083.12988
2021,EBAY,EBAY,other digital,0.0426103646833013,0.9535792082926464,0.0010002624374461,41896195936.0
2021,ECL,ECL,not digital,0.0504983075606097,0.8449288893918817,0.0016050000342519,67225753357.28027
2021,ED,ED,not digital,0.294589774078478,0.2300526015590341,0.0007205853435209,30181863889.48437
2021,EFX,EFX,not digital,0.0952497004407075,0.8808158755173944,0.0008528301995802,35720966622.49756
2021,EG,EG,not digital,,,0.0002837636660088,11885498950.634766
2021,EIX,EIX,not digital,0.3693391479369339,0.3216937587798515,0.0006190424950976,25928721000.0
2021,EL,EL,not digital,0.058634492868016,0.8962268444768103,0.0031813713439559,133252386755.48438
2021,ELV,ELV,not digital,0.0078405066395458,0.9597886312333264,0.0026560706903934,111250061882.46973
2021,EMN,EMN,not digital,0.0529782359679266,0.6780720407242735,0.000388087903609,16255140892.333984
2021,EMR,EMR,not digital,0.0312403340550572,0.8487558163058871,0.0013222363178814,55382137500.93164
2021,ENPH,ENPH,not digital,0.0378119733815515,0.96048249950944,0.0005892486948846,24680801609.375
2021,EOG,EOG,not digital,,0.2565644941939533,0.0012408569081954,51973544350.05176
2021,EPAM,EPAM,not digital,0.0296691664821784,0.9329552140693744,0.0009426048903353,39481197830.99365
2021,EQIX,EQIX,not digital,0.414663048371217,0.4467587636070994,0.0018183139704791,76160451026.09863
2021,ES,ES,not digital,0.323492613346918,,0.0007467905067678,31279472489.813965
2021,ESS,ESS,not digital,,0.1550099774016872,0.000547350245177,22925876509.075928
2021,ETN,ETN,not digital,0.0292948848583656,0.9099538601698652,0.0016446393678561,68886054919.4336
2021,ETR,ETR,not digital,0.014332409994945,0.993985694073772,0.0005486782798364,22981501511.291504
2021,ETSY,ETSY,not digital,0.0048293041903487,0.9282161506484274,0.0006627025776187,27757432449.52393
2021,EVRG,EVRG,not digital,0.3701375466776754,0.2635963605126137,0.0003756094785937,15732479518.83545
2021,EW,EW,not digital,0.0622646918299092,0.8181026979982593,0.0019310512198179,80882473678.11621
2021,EXC,EXC,not digital,0.4449213959192775,0.5146489440881719,0.0013491076408157,56507648335.45693
2021,EXPD,EXPD,not digital,0.0021936613131453,0.9358903348506932,0.0005431336132672,22749262022.644043
2021,EXPE,EXPE,not digital,0.0782740172133054,0.8988305179134954,0.0006537903109549,27384140344.970703
2021,EXR,EXR,not digital,,0.9972256371368232,0.0007247746199958,30357332587.95166
2021,F,F,not digital,0.0456722482598778,0.8555099500068084,0.0019816521505985,83001903970.77344
2021,FANG,FANG,not digital,,0.1181461736728184,0.0004665066088949,19539724336.34888
2021,FAST,FAST,not digital,0.026052670981051,0.762921609676669,0.0008815368452893,36923350325.28516
2021,FCX,FCX,not digital,0.0943270002675943,0.36810211986173,0.0014630286520471,61279253095.46777
2021,FDS,FDS,not digital,0.0385341623493114,0.9409525650129892,0.0004367756576749,18294437388.59864
2021,FDX,FDX,not digital,0.0723222687997262,0.5680925861048358,0.0016361763330578,68531578983.06897
2021,FE,FE,not digital,0.2238120950323974,0.2352526853319246,0.0005661693927366,23714120337.88379
2021,FFIV,FFIV,other digital,0.0117733777467757,0.9617463900361796,0.0003577264896678,14983446885.08606
2021,FIS,FIS,not digital,0.0342649105899989,0.9885567519986496,0.0016031746673389,67149297492.32373
2021,FISV,FISV,not digital,0.0714902009121163,0.977153798738344,0.0016360307184237,68525479884.46045
2021,FITB,FITB,not digital,0.515,0.9899581272854734,0.00070963329443,29723135082.489258
2021,FMC,FMC,not digital,0.0198406406088955,0.9234524177605382,0.0003325438600152,13928667312.63733
2021,FRT,FRT,not digital,,0.1181461736728184,0.0002531745060495,10604265755.027344
2021,FTNT,FTNT,other digital,0.0885344982346957,0.8838336909327431,0.0014323931131239,59996077307.510376
2021,FTV,FTV,not digital,0.0095152910727539,0.9759800795602928,0.0006531164370002,27355914997.11764
2021,GD,GD,not digital,0.023057526839793,0.8918179457991333,0.0013897418584679,58209620818.6084
2021,GE,GE,not digital,0.0221360392427703,,0.0024768004165532,103741289947.08942
2021,GEN,GEN,other digital,0.0021459227467811,0.9877377770790756,0.0001038022673448,4347779111.232788
2021,GILD,GILD,not digital,0.0212049075260941,0.924637979750412,0.0021745276819706,91080534889.1328
2021,GIS,GIS,not digital,0.0299429257402805,0.8867278648573107,0.0009703685503555,40644084386.12256
2021,GL,GL,not digital,0.0074811650461127,,0.0002259449917752,9463752003.26538
2021,GLW,GLW,other digital,,0.4758904291304636,0.0007585585517121,31772379449.34082
2021,GM,GM,not digital,0.0661061713178977,0.8319902908654042,0.0020322821420273,85122551474.59375
2021,GNRC,GNRC,not digital,0.0294317860720799,0.9096203600818406,0.0005300829813654,22202633647.15576
2021,GOOG,GOOGL,operates compute,0.0956384370257377,0.7283392898894419,0.0458877580855525,1922018094296.016
2021,GPC,GPC,not digital,0.014103275428168,0.9139917623216446,0.0004767211856743,19967563965.36255
2021,GPN,GPN,not digital,0.0578636522230442,0.9627297549346217,0.000936431190033,39222611136.31055
2021,GRMN,GRMN,not digital,0.0617414523374933,0.8640921864828587,0.0006252443364392,26188486387.8479
2021,GS,GS,not digital,,,0.0030596634159494,128154625400.23242
2021,GWW,GWW,not digital,0.0195822454308094,0.7839805825242718,0.0006374500287598,26699724296.875
2021,HAL,HAL,not digital,0.0522392938868911,0.8061914788763944,0.0004887478775203,20471304403.05127
2021,HAS,HAS,not digital,0.0206684941748177,0.973918587738349,0.0003405877096888,14265585594.66504
2021,HBAN,HBAN,not digital,0.2219227313566936,0.9933128044857064,0.0005428505869079,22737407405.93848
2021,HCA,HCA,not digital,0.0608830337690631,0.5257774624571361,0.0019077867206494,79908035391.69434
2021,HD,HD,not digital,0.0169757272240121,0.6499766226038168,0.0103466144226952,433370052597.65625
2021,HIG,HIG,not digital,0.0847673677501593,0.9865888375251378,0.0005610088720859,23497970879.28247
2021,HII,HII,not digital,0.0347543049139017,0.7076315046579467,0.0001786070187317,7480991360.061645
2021,HLT,HLT,not digital,0.0060469937802349,0.9802473933035424,0.0010380239317181,43477843815.22559
2021,HON,HON,not digital,0.0260234938357757,0.9137273150302466,0.003427059206086,143543072904.99384
2021,HPE,HPE,other digital,0.0900518283904405,0.9027192845629908,0.0004869869929008,20397549392.089844
2021,HPQ,HPQ,other digital,0.0091711314213677,0.9340499935241549,0.0009737581967903,40786060417.48047
2021,HRL,HRL,not digital,0.0204120974981181,0.8338797773750192,0.0006322720037385,26482841664.146484
2021,HSIC,HSIC,not digital,0.0063704539956455,0.9567909444640962,0.0002592730635763,10859705079.254885
2021,HST,HST,not digital,,0.1909002590673575,0.0002964547682559,12417068353.307615
2021,HSY,HSY,not digital,0.0552734781894827,0.7516202819549431,0.0009515435194332,39855594131.46973
2021,HUM,HUM,not digital,0.4392798690671031,0.9307227557599532,0.0014234568321139,59621779357.17773
2021,HWM,HWM,not digital,0.0400241351568785,0.758586945885116,0.0003246575687856,13598348398.125854
2021,IBM,IBM,other digital,0.0359546643417611,0.9568639631517944,0.0028602495374924,119802134482.42188
2021,ICE,ICE,not digital,0.0195244328097731,,0.0018397134327879,77056771863.76172
2021,IDXX,IDXX,not digital,0.0371805956409235,0.7588764661786482,0.0013330052333568,55833195719.14063
2021,IEX,IEX,not digital,0.026294849537037,0.9334377287887416,0.0004289764403459,17967765582.151367
2021,IFF,IFF,not digital,0.0337165408373369,0.8898582883655253,0.0009155382288523,38347505201.56836
2021,ILMN,ILMN,not digital,0.0459566946531153,0.878444297956493,0.0014196605619764,59462771809.2041
2021,INCY,INCY,not digital,0.0606127985206949,0.8532600146918363,0.0003870913567523,16213400324.25293
2021,INTC,INTC,fabricates compute,0.237054565701559,0.6244492476515089,0.0050005845702843,209450503296.0
2021,INTU,INTU,other digital,0.0055019204816775,0.9497293116782676,0.0043485206837574,182138674589.8516
2021,IP,IP,not digital,0.0247895470743169,0.5863803826803471,0.0004343685677923,18193615938.565063
2021,IPGP,IPGP,not digital,0.0842709089166655,0.7996234079998991,0.0002190891581035,9176594013.46283
2021,IQV,IQV,not digital,0.0461294507712267,0.9798695775446556,0.0013015155747248,54514244953.20703
2021,IRM,IRM,not digital,0.136052049958021,0.6769457449606855,0.0003617543077876,15152152867.461914
2021,ISRG,ISRG,not digital,0.059456051557766,0.8615713758760605,0.0030644532091673,128355246864.79688
2021,IT,IT,other digital,,0.9631135317173306,0.0006564166020476,27494143082.336426
2021,ITW,ITW,not digital,0.0204773434797647,0.8874790072774772,0.0018494796004006,77465829783.48877
2021,IVZ,IVZ,not digital,0.0157806947566901,0.9841489830384024,0.0002534781879976,10616985535.283812
2021,J,J,not digital,0.0065859947240515,0.9758678032058398,0.0004303128397696,18023740944.2238
2021,JBHT,JBHT,not digital,0.0778714236382364,0.4013178306439411,0.0005124688211582,21464860959.04541
2021,JCI,JCI,not digital,0.0233226297110021,0.9229410360467892,0.0013672903736141,57269235802.359375
2021,JKHY,JKHY,not digital,0.0178389445792955,0.8919245975011942,0.0002965817380415,12422386508.636477
2021,JNJ,JNJ,not digital,0.0463804927609855,0.8927007215799284,0.0107522196993999,450358912230.2188
2021,JPM,JPM,not digital,,0.992768928671505,0.01117260902596,467967004802.336
2021,KEY,KEY,not digital,0.036204059243006,0.9963455078187888,0.0005141522182361,21535370388.545044
2021,KEYS,KEYS,other digital,0.0352155434122647,0.9164631795399047,0.0009024667205675,37800002414.52026
2021,KHC,KHC,not digital,0.0347515551800936,0.9271259395678524,0.001049130282265,43943035570.13672
2021,KIM,KIM,not digital,,0.1851449242190844,0.000362776097881,15194950753.651367
2021,KLAC,KLAC,compute equipment,0.0333612574106727,0.9354474739084058,0.0015569732287467,65214140826.11084
2021,KMB,KMB,not digital,0.0518004115226337,0.5460559511128553,0.0011489401421116,48123591880.09277
2021,KMI,KMI,not digital,0.0792992447690974,0.4936804135423767,0.00085857138266,35961437245.21973
2021,KMX,KMX,not digital,0.0096717909493297,0.8581548553095621,0.0005032944336232,21080589868.408203
2021,KO,KO,not digital,0.0353641184840253,0.894864022722937,0.0061060428511575,255752848561.29297
2021,KR,KR,not digital,0.0189574147133905,0.5399695861246969,0.0007944973975082,33277685325.897217
2021,L,L,not digital,0.2403990024937655,0.878862127263372,0.0003511076383768,14706214950.56726
2021,LDOS,LDOS,not digital,0.0076375119336123,0.9494759067943594,0.0002978650436475,12476138025.340332
2021,LEN,LEN,not digital,0.0024021517193305,0.9897642654681684,0.0008393320232703,35155592758.312805
2021,LH,LH,not digital,0.0320871491538584,0.861891353615823,0.0007179121249817,30069895586.4624
2021,LHX,LHX,not digital,0.0191983832940383,0.9394393385001008,0.0009989928348337,41843018371.97608
2021,LIN,LIN,not digital,0.1002175819179683,0.6813553091109613,0.0042393115473683,177564427667.375
2021,LKQ,LKQ,not digital,0.0223852089540835,0.8969538315088054,0.0004177657815365,17498204854.416016
2021,LLY,LLY,not digital,,0.8159017333934353,0.0063084292334498,264229843407.71484
2021,LMT,LMT,not digital,0.0227015094564763,0.8506673481021367,0.0023401365863844,98017097583.39844
2021,LNC,LNC,not digital,,,0.0002945000881747,12335196179.956057
2021,LNT,LNT,not digital,0.3186154265467429,0.1922061122190481,0.0003690662469522,15458414928.74121
2021,LOW,LOW,not digital,0.019251948051948,0.590135872472451,0.0041577960398209,174150134029.8457
2021,LRCX,LRCX,compute equipment,0.0316963350463187,0.9207517647704352,0.0024174553057301,101255607892.25342
2021,LUMN,LUMN,not digital,0.1629671255970778,0.639697894573483,0.0003089619187056,12940932897.476255
2021,LUV,LUV,not digital,0.031982267257758,0.5913546255506608,0.0006054131448883,25357852890.319824
2021,LVS,LVS,not digital,0.1955597543693906,0.4092427339348921,0.0006865570942114,28756583735.9375
2021,LW,LW,not digital,0.0707750859986825,0.6379531524682853,0.0002210276942786,9257789996.017456
2021,LYB,LYB,not digital,0.0424273926320577,0.6038321267214632,0.0007327807133089,30692669437.13379
2021,LYV,LYV,other digital,0.0243655246666359,0.9241838015241712,0.0006509121084931,27263586248.595703
2021,MA,MA,not digital,0.0136371251465907,0.949374817489182,0.0084290478368913,353052385561.90234
2021,MAA,MAA,not digital,,0.1181461736728184,0.0006307063276221,26417263001.09864
2021,MAR,MAR,not digital,0.0132063217146568,0.941181074629202,0.0012914458183493,54092471156.305664
2021,MAS,MAS,not digital,0.0152835820895522,0.8392825112107624,0.0004092087059317,17139789999.717772
2021,MCD,MCD,not digital,0.0878443260746935,0.540972587147173,0.0047824518643968,200313970478.4257
2021,MCHP,MCHP,fabricates compute,0.0542597017988828,0.9481333592251864,0.0011533205418623,48307065815.89453
2021,MCK,MCK,not digital,0.0020478497563538,0.9603014688917942,0.0009060995892264,37952165858.27637
2021,MCO,MCO,not digital,0.0223544548086201,0.9763623978201637,0.0017335195512233,72608819503.78418
2021,MDLZ,MDLZ,not digital,0.033600278551532,0.8709533178322304,0.0022084279908894,92500456233.35156
2021,MDT,MDT,not digital,0.0431736413558038,0.9439102736267632,0.0033208559501301,139094727896.72852
2021,MET,MET,not digital,,0.997396269026974,0.0012549560508468,52564089811.85913
2021,META,META,operates compute,0.158485190241586,0.6517257375577605,0.0213460966876426,894085607750.7656
2021,MGM,MGM,not digital,0.0506911057071488,0.6470463322483547,0.000515750522141,21602315673.16125
2021,MHK,MHK,not digital,0.0603645532615045,0.6740230265815002,0.0002946025576766,12339488135.913086
2021,MKC,MKC,not digital,0.0440019626774719,0.9116443769467992,0.0006164742154333,25821148083.129883
2021,MKTX,MKTX,not digital,0.0250275055046777,0.9372335754404582,0.000373381453578,15639158237.228394
2021,MLM,MLM,not digital,0.0781492427041004,0.5596470506496214,0.0006560902533974,27480473902.651978
2021,MMM,MMM,not digital,0.0453401216235327,0.7996898368456832,0.0024438180756131,102359817878.63756
2021,MNST,MNST,not digital,0.0079164795883748,0.9597999124639452,0.0024265614744882,101637021625.52246
2021,MO,MO,not digital,0.0064967516241879,0.9607064241074816,0.0020784177951752,87054952704.07031
2021,MOS,MOS,not digital,0.104277598847654,0.4338775843604219,0.0003474594207098,14553408610.480469
2021,MPC,MPC,not digital,0.0122017285782152,0.561453855434388,0.0009404627800547,39391475105.563965
2021,MPWR,MPWR,fabricates compute,0.0781753240194138,0.7711210253338168,0.0005428900200488,22739059071.07544
2021,MRK,MRK,not digital,0.0913272010512483,0.8175960792476394,0.0046218717005189,193588037605.8086
2021,MRNA,MRNA,not digital,0.0153754534134589,0.949693947869796,0.0024585337095628,102976185204.05078
2021,MS,MS,not digital,,,0.0042052867142279,176139290600.76562
2021,MSCI,MSCI,not digital,0.0066105745704521,0.9878847651671064,0.0012060170853835,50514271275.0459
2021,MSFT,MSFT,operates compute,0.1204720835224693,0.8210941970585327,0.0614952336301221,2575740386568.781
2021,MSI,MSI,other digital,0.0297393219924121,0.9145130855689556,0.0010955972693278,45889314788.13086
2021,MTB,MTB,not digital,0.0248674348756928,0.992619521884096,0.00047184783156,19763442535.629272
2021,MTCH,MTCH,not digital,0.0268064279649526,0.9677569200092904,0.0008938237585994,37437990192.0
2021,MTD,MTD,not digital,0.028935456019882,0.7597194058671431,0.0009313923668068,39011558999.12109
2021,MU,MU,fabricates compute,0.3620285147085363,0.4356233750785909,0.0024911860639577,104343835718.84377
2021,NCLH,NCLH,not digital,1.161819854132651,0.2776869334207232,0.0002064294601155,8646339984.580994
2021,NDAQ,NDAQ,not digital,0.027692830445124,0.9746955008699976,0.0008384414896736,35118292577.22473
2021,NEE,NEE,not digital,,0.2949642329964801,0.0043735108927822,183185394585.11523
2021,NEM,NEM,not digital,0.135247913598429,0.405285474805246,0.0011807730464223,49456919561.19678
2021,NFLX,NFLX,other digital,0.0176640768939321,0.9703159582029364,0.0063710326576484,266852000581.9702
2021,NI,NI,not digital,0.3884767400080316,0.2597642909479279,0.0002588643271028,10842585068.808104
2021,NKE,NKE,not digital,0.0162277884821237,0.8700582935877054,0.0062983721678927,263808601168.33008
2021,NOC,NOC,not digital,0.0396725264249866,0.8146034430118133,0.0014539936647545,60900820812.37793
2021,NOW,NOW,other digital,0.0664857530529172,0.9290609372105946,0.0030839744065742,129172896194.458
2021,NRG,NRG,not digital,0.0100459349441685,,0.0002518231734287,10547664912.953611
2021,NSC,NSC,not digital,0.1319332256327409,0.1776946457797521,0.0017296378937284,72446235488.95605
2021,NTAP,NTAP,other digital,0.0357708135485913,0.9439102564102564,0.000488176036971,20447352745.162964
2021,NTRS,NTRS,not digital,0.0218981449634266,0.9973424300858448,0.0005930096834106,24838331379.86621
2021,NUE,NUE,not digital,0.0444576173641777,0.6857531900155024,0.0007788897826703,32623957199.29468
2021,NVDA,NVDA,designs compute,0.036263654603552,0.925358619012886,0.0174983535458261,732922102508.5449
2021,NVR,NVR,not digital,0.0020478497563538,,0.0004913218890586,20579117400.63477
2021,NWL,NWL,not digital,0.0272924733213712,0.915621276893966,0.0002218142744069,9290736064.910889
2021,NWSA,NWS,other digital,0.0480500722195474,0.8645280543795838,0.0003165975050214,13260750985.603638
2021,NXPI,NXPI,fabricates compute,0.0693301997649823,0.8737059049079754,0.0014605475070566,61175329832.15332
2021,O,O,not digital,,0.2591335029089074,0.0009669909830982,40502614293.572266
2021,ODFL,ODFL,not digital,0.1046504327736016,0.3330588707683679,0.0009840621295893,41217642741.57715
2021,OGN,OGN,not digital,0.0304568527918781,0.9089036607059264,0.0001843275670941,7720597693.443298
2021,OKE,OKE,not digital,0.0421402660217654,0.1821236982473965,0.0006255969791932,26203256901.429565
2021,OMC,OMC,other digital,0.0465939787534816,0.9650936956842988,0.0003718305375291,15574197802.613523
2021,ORCL,ORCL,operates compute,0.1062912346842601,0.9462347548185832,0.0055601958343418,232889935078.33008
2021,ORLY,ORLY,not digital,0.0332283554015088,0.6404454006743235,0.0011360729799548,47584648172.24121
2021,OTIS,OTIS,not digital,0.0109106168694922,0.9369655509406304,0.0008830000273471,36984636003.81079
2021,OXY,OXY,not digital,0.1105589583574097,0.2013167013167013,0.0006464361244278,27076108744.30872
2021,PAYC,PAYC,not digital,0.1143432077337891,0.8914658592380748,0.0005950099283969,24922112048.547363
2021,PAYX,PAYX,not digital,0.0293807641633728,0.9571050806311774,0.0011756736286237,49243329408.0
2021,PCAR,PCAR,not digital,0.0237689341603499,0.884846862355724,0.0007315672049749,30641841393.382507
2021,PEG,PEG,not digital,0.2635967038293747,,0.0008133278168976,34066401277.59156
2021,PENN,PENN,not digital,0.0413378492802709,0.7284155499315438,0.0002098426142646,8789300641.342163
2021,PEP,PEP,not digital,0.0581951329994715,0.7574396224168354,0.0057603758689977,241274516604.586
2021,PFE,PFE,not digital,0.0368162311912651,0.9179946659613392,0.0079130563664694,331439977720.9199
2021,PFG,PFG,not digital,,0.996592891945439,0.0004577377925284,19172440676.71582
2021,PG,PG,not digital,0.0393580006734258,0.8182336325613753,0.0095272343973376,399050153335.9414
2021,PGR,PGR,not digital,0.0051046077732589,0.984011482828476,0.0014322160478327,59988660891.72363
2021,PH,PH,not digital,0.0145031953885129,0.8885770750988142,0.0009760771721431,40883191172.48535
2021,PHM,PHM,not digital,0.0052981747463692,0.9888298418491456,0.0003455184754129,14472111721.366882
2021,PKG,PKG,not digital,0.0782763928954891,0.5496886484279297,0.0003087724470891,12932996840.222168
2021,PLD,PLD,not digital,,0.997396269026974,0.0029717675733779,124473090130.60938
2021,PM,PM,not digital,0.0238178633975481,0.8506175829498668,0.0035310523146604,147898845440.0
2021,PNC,PNC,not digital,,0.9845779992857028,0.0020233391760145,84747973521.55713
2021,PNR,PNR,not digital,0.0159902252443688,0.9347862672500842,0.000288523322637,12084858138.000488
2021,PNW,PNW,not digital,0.3873656454604366,0.3553645007081235,0.0001901361840273,7963892796.844482
2021,POOL,POOL,not digital,0.0071112081311522,0.9445818141741,0.0005417141615896,22689808000.0
2021,PPG,PPG,not digital,0.0220807046780145,0.8387897522364292,0.0009773720558445,40937427640.072266
2021,PPL,PPL,not digital,0.3379582048646797,0.2333624296421154,0.0005387707718446,22566523520.994385
2021,PRU,PRU,not digital,,,0.0009768298966673,40914719192.50488
2021,PSA,PSA,not digital,,0.1193212690614322,0.00156811870498,65680971368.36719
2021,PSX,PSX,not digital,,0.596449257114077,0.0007580747510355,31752115359.4541
2021,PTC,PTC,other digital,0.0136750557089885,0.9777624701612402,0.0003409364577885,14280192979.858398
2021,PVH,PVH,not digital,0.0292636569193965,0.9290856433595366,0.0001781801325831,7463111146.777344
2021,PWR,PWR,not digital,0.0297261685921486,0.8506675397771282,0.0003900885119244,16338936779.126951
2021,PYPL,PYPL,not digital,0.0357888928303969,0.9748163001464322,0.0052898945470689,221568310603.2012
2021,QCOM,QCOM,designs compute,0.0562473931954954,0.8894519883608147,0.0049043060929839,205417859663.29688
2021,QRVO,QRVO,fabricates compute,0.0459490188160528,0.8246851402830726,0.0004115480738797,17237774902.72522
2021,RCL,RCL,not digital,1.4556135770234986,0.1968608132683765,0.0004677869429438,19593351388.778687
2021,REG,REG,not digital,,0.997396269026974,0.0003080061107353,12900898685.949709
2021,REGN,REGN,not digital,0.0343398644822887,0.8630930850645573,0.0016214689550735,67915557460.44922
2021,RF,RF,not digital,,0.988866930979882,0.0004961553726909,20781568847.102783
2021,RHI,RHI,not digital,0.0056660709277988,0.9683632647655654,0.0002964178309392,12415521226.272585
2021,RJF,RJF,not digital,0.0074672048435923,0.9919374383997672,0.0004941760643619,20698665114.578247
2021,RL,RL,not digital,0.0268392699203988,0.8714421553090332,0.0002089071054702,8750116664.932251
2021,RMD,RMD,not digital,0.0376831230417478,0.9019717118307996,0.0009118216993654,38191837606.98633
2021,ROK,ROK,not digital,0.0171920999228284,0.9456249532780144,0.0009662394400063,40471135758.08716
2021,ROL,ROL,not digital,0.0112172585901084,0.9340814428603936,0.0004018840564886,16832995565.835691
2021,ROP,ROP,other digital,,0.996512593879539,0.0012387154886167,51883850554.80957
2021,ROST,ROST,not digital,0.0294899981201342,0.7868749531662818,0.0009640289787999,40378550140.20898
2021,RSG,RSG,not digital,0.1165382912793271,0.6300500901622921,0.0010557164344968,44218897897.90283
2021,RTX,RTX,not digital,0.0331428216437845,0.907238977968328,0.0030962341071881,129686396251.85156
2021,RVTY,RVTY,not digital,0.0224723915097099,0.9537324842044568,0.0005923860679366,24812211118.71338
2021,SBAC,SBAC,not digital,0.6529717163133038,0.7372407579543098,0.001010332520715,42317983424.89624
2021,SBUX,SBUX,not digital,0.0505839521551516,0.7971018647706785,0.0032763170127431,137229205432.1289
2021,SCHW,SCHW,not digital,0.0494600431965442,0.9948416682901974,0.0038758896630611,162342428017.71973
2021,SEDG,SEDG,not digital,0.0759986047920809,0.858536487836928,0.0003518043414252,14735396499.664309
2021,SHW,SHW,not digital,0.0186516651123612,0.9096469199243228,0.0022044764304676,92334944320.19044
2021,SJM,SJM,not digital,0.0521946767680556,0.8770894486680341,0.0003513857438193,14717863453.674316
2021,SLB,SLB,not digital,0.0497623097387587,0.8451253884512538,0.0010029501195725,42008770049.32178
2021,SNA,SNA,not digital,,0.919753557104296,0.0002752850062926,11530368561.401367
2021,SNPS,SNPS,designs compute,0.0223024965790105,0.9460255979598412,0.0013499254633766,56541903000.0
2021,SO,SO,not digital,0.3233175638238929,0.2856179528596295,0.0017352448964622,72681085940.55176
2021,SPG,SPG,not digital,0.103177011989355,0.3394620997680133,0.0012534780191251,52502182152.137695
2021,SPGI,SPGI,not digital,0.0042183921899481,0.9839611340343404,0.0027154010543976,113735126263.79396
2021,SRE,SRE,not digital,0.4295135320315176,0.3907418974252203,0.0010208422793348,42758186805.41992
2021,STE,STE,not digital,0.0680879849732549,0.8120913454481737,0.0005812696764333,24346598796.29517
2021,STT,STT,not digital,0.0674316122058701,0.9928136442229456,0.0008332923605726,34902620256.0
2021,STX,STX,other digital,0.0326730126061229,0.7485878962536023,0.0006005322598756,25153416027.374268
2021,STZ,STZ,not digital,0.1164079948303422,0.7852188542250819,0.0011237302149685,47067668946.694336
2021,SWK,SWK,not digital,0.0339696230032785,0.9162745106359504,0.0007341800790201,30751282154.98047
2021,SWKS,SWKS,fabricates compute,0.1248360768041338,0.8252063277730569,0.000613771373993,25707939018.859863
2021,SYF,SYF,not digital,,,0.0006061172636267,25387345047.09961
2021,SYK,SYK,not digital,0.0306873977086743,0.9181946810660968,0.0024304105675278,101798241671.5088
2021,SYY,SYY,not digital,0.0092225654175651,0.797975337005247,0.0009614166057883,40269130364.50195
2021,T,T,other digital,0.1159745743744311,0.7794703619507561,0.0041940488831397,175668591756.60114
2021,TAP,TAP,not digital,0.0419762407730182,0.8482059451826641,0.0002406912675583,10081402768.112185
2021,TDG,TDG,not digital,0.0218841183826594,0.96013461040642,0.0008392885461583,35153771710.62012
2021,TDY,TDY,other digital,0.0220185076826387,0.903772026431718,0.0004866441897293,20383191011.42578
2021,TECH,TECH,not digital,0.0406187053352978,0.9081259608556416,0.0004853511447072,20329031557.2937
2021,TEL,TEL,other digital,0.0462373517389264,0.8239679433417202,0.0012569435575339,52647336934.28613
2021,TER,TER,compute equipment,0.0357753867866669,0.8983468633717687,0.0006364071694203,26656043921.020508
2021,TFC,TFC,not digital,,0.9931638586138152,0.0019266259434216,80697120074.8711
2021,TFX,TFX,not digital,0.0254907969673575,0.9354225913097184,0.0003673766571245,15387646114.65454
2021,TGT,TGT,not digital,0.033432385264846,0.4501053699656572,0.002647437518751,110888459729.73631
2021,TJX,TJX,not digital,0.021524201853759,0.8365646783929382,0.0021621823325917,90563447415.77148
2021,TMO,TMO,not digital,0.0643441891306011,0.9123976325389233,0.0062772664451417,262924583671.875
2021,TMUS,TMUS,other digital,0.1538480740907161,0.8073081820074263,0.0034586156583856,144864821337.29785
2021,TPR,TPR,not digital,0.0140474231430922,0.9191043138003436,0.0002667005223995,11170805704.965088
2021,TRMB,TRMB,other digital,0.0125987264627913,0.9671530790467068,0.0005225088146814,21885388132.8125
2021,TROW,TROW,not digital,0.0311656825558205,0.9411463746102806,0.0010881601743865,45577810551.65088
2021,TRV,TRV,not digital,,,0.0009407901173881,39405185696.44727
2021,TSCO,TSCO,not digital,0.0493618582204765,0.7917202609293351,0.0006483497106898,27156259694.67163
2021,TSLA,TSLA,other digital,0.1204317856678371,0.6960615473757061,0.0253378707730917,1061281878404.7188
2021,TSN,TSN,not digital,0.0256966141682076,0.7841581976920322,0.0007555446268447,31646140592.362305
2021,TT,TT,not digital,0.0157748790356809,0.9225462075991984,0.0011457555814957,47990205910.03418
2021,TTWO,TTWO,other digital,0.0452522255192878,0.9752225284487056,0.0004892208783882,20491116140.74707
2021,TXN,TXN,fabricates compute,0.134212821631051,0.7916599124655536,0.0041598685065705,174236939721.79688
2021,TXT,TXT,not digital,0.0302858988854789,0.8370782878974292,0.0004062725547573,17016808709.716309
2021,TYL,TYL,other digital,0.0213020642635404,0.9617103052918108,0.0005262765641128,22043201085.19897
2021,UA,UAA,not digital,0.0116200494422263,0.8783454568621685,0.0002213536257452,9271441701.884275
2021,UAA,UAA,not digital,0.0116200494422263,0.8783454568621685,0.0002223135679027,9311649074.684143
2021,UAL,UAL,not digital,0.0855321912803442,0.5295342867620095,0.0003470388224081,14535791764.94336
2021,UDR,UDR,not digital,,0.1181461736728184,0.0004428310253985,18548067699.11841
2021,UHS,UHS,not digital,0.067683205273294,0.5513609265269148,0.0002488150399557,10421668629.708984
2021,ULTA,ULTA,not digital,0.019950088571409,0.8043612839292341,0.0005327877413444,22315923069.80591
2021,UNH,UNH,not digital,0.0085327732904028,0.957734465566478,0.0112913639492553,472941078953.7656
2021,UNP,UNP,not digital,0.134654191891396,0.1362298307752852,0.0038667534060822,161959754033.1953
2021,UPS,UPS,not digital,0.0431095624286903,0.5176860456739427,0.0044476779414712,186291896526.54688
2021,URI,URI,not digital,1.4175531914893618,,0.0005857018262189,24532240292.852783
2021,USB,USB,not digital,,0.9942349690554768,0.0019885034796803,83288873284.91211
2021,V,V,not digital,0.029247044181705,0.9672481181239144,0.0112470829996003,471086362357.8711
2021,VFC,VFC,not digital,,0.9236811991598972,0.0006866267119951,28759499690.990234
2021,VLO,VLO,not digital,0.0215657544943278,0.4671261746821448,0.000733138901191,30707672209.53369
2021,VMC,VMC,not digital,0.0812830949893735,0.5946092116995307,0.0006576762607338,27546904142.990112
2021,VNO,VNO,not digital,,0.4300264765685032,0.0001915656541024,8023766442.112793
2021,VRSK,VRSK,not digital,0.108994923857868,0.9319424699991036,0.000896840026761,37564327198.33374
2021,VRSN,VRSN,other digital,0.0399216631515516,0.8733743320899284,0.0006731212048567,28193818773.55957
2021,VRTX,VRTX,not digital,0.0310255597803126,0.9185482970407594,0.0013330182458921,55833740751.831055
2021,VTR,VTR,not digital,0.4707465268480439,0.1181461736728184,0.0004871858053886,20405876693.63404
2021,VTRS,VTRS,not digital,0.0256657834463555,0.941859277790339,0.0003906641077522,16363045727.618042
2021,VZ,VZ,other digital,,0.7280494058854979,0.0052074619803823,218115605756.836
2021,WAB,WAB,not digital,0.0166197903349526,0.918879375745096,0.0004108391549068,17208081687.146484
2021,WAT,WAT,not digital,,0.822964446391714,0.000547305248534,22923991815.515137
2021,WBD,WBD,other digital,0.0305963415634484,0.9611932494844164,0.0013647908139427,57164541236.38672
2021,WDC,WDC,other digital,0.0597030809343904,0.8780039797948875,0.0004851578733167,20320936345.736263
2021,WEC,WEC,not digital,0.2853174603174603,0.3079395206278774,0.0007310284642957,30619276130.296875
2021,WELL,WELL,not digital,,0.1207290966211285,0.0009099540811104,38113612035.95947
2021,WFC,WFC,not digital,,0.9956002562538884,0.0046783852881866,195955120736.5273
2021,WHR,WHR,not digital,0.0238799181259949,0.8617204831156027,0.0003403105348109,14253976068.447876
2021,WM,WM,not digital,0.1137136802186158,0.5044506306492078,0.0016668639924337,69816937846.80176
2021,WMB,WMB,not digital,0.0969180225281602,0.385491052675796,0.0007553832843482,31639382729.033203
2021,WMT,WMT,not digital,0.0230836160222064,0.6348417400671693,0.0095822072543854,401352702650.8154
2021,WRB,WRB,not digital,,0.9869139941908124,0.0003474584988348,14553369997.558594
2021,WST,WST,not digital,0.0894900409662381,0.6808799565453558,0.0008357373966198,35005031088.86719
2021,WTW,WTW,not digital,,0.9756648555905062,0.0003797553600453,15906130607.910156
2021,WY,WY,not digital,,0.8834692952639928,0.000736433639606,30845672999.15039
2021,WYNN,WYNN,not digital,0.0772271382355066,0.3005003820179133,0.000234821740361,9835556425.888062
2021,XEL,XEL,not digital,,0.2142400304229832,0.0008706740848033,36468361389.69141
2021,XOM,XOM,not digital,0.0436441964350252,0.3610584114975967,0.0062244176096539,260710999432.6865
2021,XRAY,XRAY,not digital,0.033561805719688,0.9163329364649854,0.0002911788436482,12196085176.460691
2021,XYL,XYL,not digital,0.0400384985563041,0.9221846302561624,0.0005162819039975,21624572710.45508
2021,YUM,YUM,not digital,0.0349331713244228,0.7976868923902112,0.0009718097051451,40704447448.03418
2021,ZBH,ZBH,not digital,0.0219494142569102,0.9140319912689074,0.000633628821971,26539672272.18476
2021,ZBRA,ZBRA,other digital,0.0104851608317042,0.956234915526951,0.0007594180915937,31808381452.36206
2021,ZION,ZION,not digital,0.4587973273942093,0.9858476394849786,0.0002359354304331,9882203561.40564
2021,ZTS,ZTS,not digital,0.0613425925925925,0.8257553956834532,0.0027565090040181,115456941106.9336
2022,A,A,not digital,0.0424941588785046,0.8955563995442462,0.0013371857666347,44733524628.331055
2022,AAL,AAL,not digital,0.0519899532376304,0.5333456950367761,0.0002471114944568,8266740791.782288
2022,AAP,AAP,not digital,0.0435853636196104,0.8589958308746537,0.0002604234301339,8712071438.668823
2022,AAPL,AAPL,other digital,0.0271550587328315,0.8806055194114896,0.0617854701623702,2066939328958.875
2022,ABBV,ABBV,not digital,0.0119716126365108,0.9644465257015236,0.0085433266452694,285804053879.39453
2022,ABT,ABT,not digital,0.0407073969715712,0.8769177033235713,0.0057221707818755,191426557166.20605
2022,ACGL,ACGL,not digital,0.0052012899199001,,0.0006941167909113,23220625986.254883
2022,ACN,ACN,other digital,0.0116568893828739,0.964895873952334,0.0050271405684149,168175374011.9629
2022,ADBE,ADBE,other digital,0.0251050778143814,0.9297625621203754,0.0047810649110063,159943285579.83398
2022,ADI,ADI,fabricates compute,0.0582079853317222,0.9522625881295804,0.0024971933734067,83539822258.30078
2022,ADM,ADM,not digital,0.0477794682315438,0.8338240706661759,0.0015246740904681,51005662547.38281
2022,ADP,ADP,not digital,,0.9896524714515398,0.002961898137403,99085816333.19092
2022,ADSK,ADSK,other digital,0.0079920079920079,0.981178110840014,0.0012052669296709,40320379731.41016
2022,AEE,AEE,not digital,0.4211386200829458,0.1752321654706627,0.0006871563735951,22987775766.63208
2022,AEP,AEP,not digital,,0.2148125387432777,0.0014584843561611,48791385231.81152
2022,AES,AES,not digital,0.3607038123167155,0.399447384198316,0.0005752354813475,19243631822.90735
2022,AFL,AFL,not digital,,0.9959768631678028,0.0013371252938385,44731501602.51953
2022,AIG,AIG,not digital,0.0070009334577943,0.997792152086828,0.0014045189536772,46986054423.38721
2022,AIZ,AIZ,not digital,0.0182772490925144,0.9805207550132408,0.0001975009378004,6607094755.01709
2022,AJG,AJG,not digital,,0.9849785183949278,0.0011882699698982,39751772184.44824
2022,AKAM,AKAM,other digital,0.0667097267253101,0.8145118866970157,0.0003962367714342,13255501079.864502
2022,ALB,ALB,not digital,0.1723535621898268,0.5495107502192278,0.0007594365515846,25405799651.50452
2022,ALGN,ALGN,not digital,0.0781602485918972,0.79289408597622,0.0004924421012283,16473904683.239746
2022,ALK,ALK,not digital,0.173232427949409,0.4884393063583815,0.000162805862159,5446423545.814514
2022,ALL,ALL,not digital,0.0081694578981151,0.9899274408351958,0.0010749994239042,35962477618.71338
2022,ALLE,ALLE,not digital,0.0195605000152816,0.9226548406494288,0.0002764000134202,9246543835.656738
2022,AMAT,AMAT,compute equipment,0.0305216210975373,0.9136795629723864,0.0024572134358473,82202353997.66016
2022,AMCR,AMCR,not digital,0.0357969239145229,0.78841960289223,0.0005301160133061,17734228353.913578
2022,AMD,AMD,designs compute,0.01906698868692,0.9776117194436224,0.0031217239741495,104432547642.13477
2022,AME,AME,not digital,0.0226004913397707,0.9488669564769708,0.000959160359521,32087257160.339355
2022,AMGN,AMGN,not digital,0.0355582570375717,0.9166628276592804,0.0042676243648071,142766909722.65625
2022,AMP,AMP,not digital,0.0126970838565648,0.9960340442676202,0.0009904815685074,33135060770.385742
2022,AMT,AMT,not digital,1.8511983441917377,0.7023818913750381,0.003005198064321,100534349809.63136
2022,AMZN,AMZN,operates compute,0.12382705264571,0.5964445885340681,0.0256159505435508,856942829568.0
2022,ANET,ANET,designs compute,0.0101896464755974,0.9859773799666736,0.0011147076005955,37290854531.09741
2022,AON,AON,not digital,0.0157063867297059,0.982937866927593,0.0018558562480988,62084860048.953125
2022,AOS,AOS,not digital,0.0187271903886624,0.8227350478648381,0.000261404704799,8744898496.429443
2022,APA,APA,not digital,,0.9843310260896022,0.0004486282981496,15008180258.117676
2022,APD,APD,not digital,0.2304584757374828,0.4792517081853151,0.0020455274559814,68430023047.85156
2022,APH,APH,other digital,0.0304048166046106,0.9214221398650676,0.0013544337894584,45310531109.42285
2022,APTV,APTV,not digital,0.0482589055978043,0.8402942789252422,0.0007542883464532,25233574245.893555
2022,ARE,ARE,not digital,,0.9984279062354202,0.0007185506854517,24038024922.484863
2022,ATO,ATO,not digital,0.5817745454060798,,0.0004724070705983,15803663076.965332
2022,AVGO,AVGO,designs compute,0.0127699304279733,0.969651462818605,0.0069844022901822,233652600601.8872
2022,AVY,AVY,not digital,0.0307656566327038,0.8062763348217094,0.000438082573151,14655389000.0
2022,AWK,AWK,not digital,0.6104172203029498,0.1642494691762335,0.0008412662100036,28143286941.268555
2022,AXP,AXP,not digital,0.0542096496098658,0.9771626509717368,0.0033856751569676,113262634704.0
2022,AZO,AZO,not digital,0.0413722301493395,0.6615119839597179,0.0013834012234898,46279592743.18848
2022,BA,BA,not digital,0.0183461446072543,0.9230488694383662,0.0033936314480462,113528800372.07228
2022,BAC,BAC,not digital,,0.9962279300315432,0.0079424572987476,265702879920.08008
2022,BALL,BALL,not digital,0.1234669458570146,0.645738108393189,0.0004798862772592,16053868608.398438
2022,BAX,BAX,not digital,0.0374863279307944,0.8340226959380634,0.0007680828233248,25695047577.62207
2022,BBWI,BBWI,not digital,0.0433862433862433,0.8325589113840026,0.0002877251251869,9625408297.706545
2022,BBY,BBY,not digital,0.0200872607888029,0.8714579524680073,0.0005305152806267,17747585237.426758
2022,BDX,BDX,not digital,0.0515633280339162,0.8864246042241282,0.0021608915326145,72289353510.42188
2022,BEN,BEN,not digital,0.0109119911060626,0.9735109014062422,0.0003944822193768,13196805198.086792
2022,BF-B,BF-B,not digital,0.043282876064333,0.8627020241644437,0.0009411307005664,31484102226.28784
2022,BIIB,BIIB,not digital,0.0236204218845223,0.8656599101575704,0.0011920060366191,39876756638.24707
2022,BIO,BIO,not digital,0.0402540860752266,0.9630703351719706,0.0003724700655488,12460421929.614258
2022,BKNG,BKNG,other digital,0.0215330602691632,0.9736209140018138,0.0023367221496671,78171500504.95148
2022,BKR,BKR,not digital,0.0467479674796747,0.867236183844826,0.0009105679794978,30461672680.789185
2022,BLK,BLK,not digital,0.0298215184915794,0.9912350800829736,0.0031815337231944,106433392213.3789
2022,BMY,BMY,not digital,0.0242206286964622,0.9353955794257384,0.0045728330939509,152977205511.4746
2022,BR,BR,not digital,0.0063356927189031,0.9815272745078836,0.0004717315848558,15781065724.487305
2022,BRK-B,BRK-B,not digital,0.0744280963175804,,0.0203798265307016,681776230932.0703
2022,BRO,BRO,not digital,0.0145535964175762,0.9828317887429778,0.0004823162180467,16135158597.25
2022,BSX,BSX,not digital,0.046364926667718,0.9246666050694508,0.0019810487351273,66272985095.97949
2022,BWA,BWA,not digital,0.0492283339928769,0.7983994350947393,0.0002817254672703,9424698828.707396
2022,BXP,BXP,not digital,,0.1946171273244028,0.0003166636772112,10593503727.666992
2022,C,C,not digital,0.0747564310175475,0.9891381878361604,0.0026186726293885,87603726784.42041
2022,CAG,CAG,not digital,0.0295023214140262,0.8779947492990894,0.0005544166447549,18547169175.24256
2022,CAH,CAH,not digital,0.0023465818449694,0.9461917133871188,0.000602336079807,20150241299.97253
2022,CARR,CARR,not digital,0.0183364183248496,0.9140918500345012,0.0010311573716438,34495808160.0
2022,CAT,CAT,not digital,0.0218082689686506,0.853215039722734,0.0037266423831112,124669176852.99023
2022,CB,CB,not digital,,0.9879407286814694,0.002736935410156,91560029003.66406
2022,CBOE,CBOE,not digital,0.0151067323481116,0.9845404277815084,0.0003978691152348,13310108669.494629
2022,CBRE,CBRE,not digital,0.0086213296215284,0.9592453566031296,0.0007268430713897,24315434135.06006
2022,CCI,CCI,not digital,1.8511983441917377,0.6041468615914287,0.0017558299116725,58738630455.68848
2022,CCL,CCL,not digital,0.405982905982906,0.2517455466800765,0.000313237517953,10478886758.667849
2022,CDNS,CDNS,designs compute,0.0345942604102851,0.9276920642132452,0.0013172356016166,44066122072.5708
2022,CDW,CDW,other digital,0.0053813471895303,0.9856223584510528,0.000722738635737,24178126456.54834
2022,CE,CE,not digital,0.0561356352734415,0.7874543239951279,0.0003313758889178,11085678488.372805
2022,CF,CF,not digital,0.0404970498837833,0.5164876436565763,0.0004996579961635,16715301519.67871
2022,CFG,CFG,not digital,,0.9962775599493676,0.0005795919373019,19389370458.92285
2022,CHD,CHD,not digital,0.0332614033782275,0.9088022430981596,0.0005876278464475,19658199628.84521
2022,CHRW,CHRW,not digital,0.0025070227207158,0.9732252436954242,0.0003221618195518,10777435752.624512
2022,CHTR,CHTR,other digital,1.8511983441917377,0.7506348470485666,0.0015779634137532,52788376150.14648
2022,CI,CI,not digital,,0.9737707196719604,0.003028191542292,101303561791.07031
2022,CINF,CINF,not digital,0.0022855401493219,0.9932059733620342,0.0004810879773238,16094069664.0625
2022,CL,CL,not digital,0.0387376857572215,0.7262093954611912,0.0019671048364876,65806513085.30127
2022,CLX,CLX,not digital,0.0308566788469346,0.7833712244235141,0.0005175728934498,17314617275.924683
2022,CMCSA,CMCSA,other digital,0.0875093677682887,0.7843358274220192,0.0045193987022971,151189638866.145
2022,CME,CME,not digital,0.0178706618320914,0.997384824633976,0.0018082379437957,60491861797.36328
2022,CMG,CMG,not digital,0.0554931455257258,0.7183477627728544,0.0011497381546506,38462748662.53853
2022,CMI,CMI,not digital,0.0326280544275842,0.8177827651077594,0.0010213650070486,34168219433.19702
2022,CMS,CMS,not digital,0.2853365384615384,0.275571715625299,0.0005494691936478,18381659691.467285
2022,CNC,CNC,not digital,0.0074107426243181,0.9683621698972292,0.0013881657028815,46438981185.3418
2022,CNP,CNP,not digital,0.4737857832100354,0.295828360919421,0.0005643592655579,18879784495.910645
2022,COF,COF,not digital,0.1724201587594609,0.9904425929546248,0.0010606589694612,35482739434.22412
2022,COO,COO,not digital,0.073147140611776,0.8769872001253013,0.0004878421448915,16320020110.717772
2022,COP,COP,not digital,0.1664073121590853,0.3086785535388845,0.0043952449132812,147036261888.0
2022,COR,COR,not digital,0.0020946101008215,0.9622528333142624,0.0002189194915153,7323620030.722046
2022,COST,COST,not digital,0.0171444433673784,0.6159025028831469,0.0060550427538682,202562284848.0
2022,CPB,CPB,not digital,0.0282644241999532,0.8029767911200807,0.0005080131040486,16994809000.0
2022,CPRT,CPRT,not digital,0.0963883503798,0.5317710154187412,0.0008669322880131,29001906709.28955
2022,CPT,CPT,not digital,,,0.0003562663852918,11918352347.41211
2022,CRL,CRL,not digital,0.0816720572627173,0.8072209207959731,0.0003313995017365,11086468419.46106
2022,CRM,CRM,other digital,0.0254529216636897,0.970433467424298,0.0039634135108793,132589996337.89062
2022,CSCO,CSCO,other digital,0.0092518959598114,0.9787557711538052,0.005850209126412,195709886066.0547
2022,CSGP,CSGP,not digital,0.0161290322580645,0.9617613805415056,0.0009394836148166,31429001467.072266
2022,CSX,CSX,not digital,0.1422608227294149,0.1826207955472386,0.0019469618608389,65132660341.913086
2022,CTAS,CTAS,not digital,0.0375587200617439,0.8375314338962714,0.0013716072470588,45885043123.90137
2022,CTSH,CTSH,other digital,0.017088737904056,0.9383262379565316,0.0008785673721259,29391140826.71692
2022,CTVA,CTVA,not digital,0.0346605557146949,0.9001830212586232,0.001255410016805,41997840768.77734
2022,CVS,CVS,not digital,0.0084566792881132,0.9436074909648452,0.0036602724715737,122448871981.05469
2022,CVX,CVX,not digital,0.0507982029297844,0.4428172861638515,0.0103746750974797,347069042734.4414
2022,CZR,CZR,not digital,0.0879770816005914,0.564589733647508,0.0002668166005573,8925945272.598267
2022,D,D,not digital,,0.5008158786201632,0.0015273871318023,51096423236.26465
2022,DAL,DAL,not digital,0.1258550472500098,0.5419848384240815,0.0006298129094008,21069437019.83008
2022,DD,DD,not digital,0.0508565721748482,0.8614194172409624,0.0010191652410962,34094629594.849773
2022,DE,DE,not digital,0.0215683663959526,,0.0038223848357565,127872095602.39062
2022,DG,DG,not digital,0.0412362967201123,0.834919825454657,0.0016457282381749,55055345720.0
2022,DGX,DGX,not digital,0.0408782758271779,0.8624289164134923,0.0005325747766592,17816482558.044434
2022,DHI,DHI,not digital,0.004426523297491,0.9844618481702476,0.0009180809732953,30713008509.70459
2022,DHR,DHR,not digital,0.0419622414893217,0.956028452874926,0.0058024529146349,194112274328.7868
2022,DIS,DIS,other digital,0.0597543579700684,0.8350152972779193,0.0047359338887309,158433495581.44043
2022,DLR,DLR,not digital,,0.4269094095171464,0.0008806564810422,29461028801.51587
2022,DLTR,DLTR,not digital,0.041478154189683,0.793879881041166,0.0009351571308943,31284265500.0
2022,DOC,DOC,not digital,1.8511983441917377,0.1742252300058543,0.0001799875905392,6021212246.704102
2022,DOV,DOV,not digital,0.0269093979812278,0.9077847705308456,0.0005681122723457,19005335653.9917
2022,DPZ,DPZ,not digital,0.0192265731103038,0.8061598884087723,0.0003665493077314,12262351943.939207
2022,DRI,DRI,not digital,0.0538625831918991,0.6688963870636753,0.0005069421413372,16958981564.483644
2022,DTE,DTE,not digital,,0.3260314410889581,0.0006806614227696,22770497023.49853
2022,DUK,DUK,not digital,0.3964080209241499,0.3725054187302764,0.0023707181214451,79308784253.20801
2022,DVA,DVA,not digital,0.0519754099391432,0.8076353660141637,0.0002011080979595,6727766835.021973
2022,DVN,DVN,not digital,0.128209007918495,0.2219500666065059,0.0012019400477229,40209083934.46631
2022,DXC,DXC,not digital,0.0185031185031185,0.8802323849247728,0.0001822447556809,6096722288.0
2022,DXCM,DXCM,not digital,0.1253694411987078,0.8042175937088488,0.0013074826929177,43739853283.023926
2022,EBAY,EBAY,other digital,0.0458397141398672,0.9406235011990408,0.0006726973109442,22504069724.185547
2022,ECL,ECL,not digital,0.0502403473406729,0.8465638292420438,0.0012393196819286,41459562984.61914
2022,ED,ED,not digital,0.2889032675509543,0.3228697603706653,0.0010110155022925,33821992426.115234
2022,EFX,EFX,not digital,0.121920268634571,0.8625724157639051,0.0007113764444329,23798021554.73328
2022,EG,EG,not digital,,,0.0004296693490979,14373937331.298828
2022,EIX,EIX,not digital,0.3355400696864111,0.3146423034046206,0.0007300799076517,24423717589.95056
2022,EL,EL,not digital,0.0630421118793211,0.8732663797226208,0.0026463199354938,88528625537.78076
2022,ELV,ELV,not digital,0.0073565567227561,0.9579971777529074,0.0036801337758406,123113301834.96094
2022,EMN,EMN,not digital,0.057750472589792,0.6481898138678666,0.0002921066595214,9771985892.944336
2022,EMR,EMR,not digital,0.0216603882932483,0.9372336846826644,0.0016720536485255,55936022452.92188
2022,ENPH,ENPH,not digital,0.0199253234759978,0.9638920590867236,0.0010765521547806,36014421878.54004
2022,EOG,EOG,not digital,,0.2886563051412825,0.0022741653460039,76078757381.9209
2022,EPAM,EPAM,not digital,0.0169189864318968,0.9318189811259292,0.0005634532144505,18849473928.344727
2022,EQIX,EQIX,not digital,0.3136444995181054,0.4507051658451647,0.0018119257489623,60615231733.95703
2022,EQT,EQT,not digital,0.1156037294513333,0.198615249119031,0.0003730519405188,12479887675.476074
2022,ES,ES,not digital,0.2805049632442829,,0.0008729152689497,29202058275.18164
2022,ESS,ESS,not digital,,0.1259858537667588,0.0004245959178667,14204213373.27118
2022,ETN,ETN,not digital,0.0288164996144949,0.910150225624036,0.0018658448556405,62419013786.31592
2022,ETR,ETR,not digital,0.3679917746257929,0.9937468417843368,0.0007094731583083,23734350000.0
2022,ETSY,ETSY,not digital,0.0039893052171164,0.9052190905292335,0.0004500251101046,15054908486.572266
2022,EVRG,EVRG,not digital,0.3876225577900236,0.2493531683729005,0.0004317846210265,14444700550.048828
2022,EW,EW,not digital,0.0547939068100358,0.8030991860114561,0.0014092349901013,47143822279.42285
2022,EXC,EXC,not digital,0.3746199811300975,0.2755456271172219,0.0012841551868285,42959466896.781006
2022,EXPD,EXPD,not digital,0.0050859677573169,0.9102187772899206,0.0004943405026792,16537412828.61328
2022,EXPE,EXPE,not digital,0.0567412359646867,0.897500115950095,0.0004087338543767,13673572062.624023
2022,EXR,EXR,not digital,1.8511983441917377,0.9964817630765604,0.0006208896725786,20770923646.362305
2022,F,F,not digital,0.0434400248011793,0.8543676040705945,0.0013977108305149,46758298974.02856
2022,FANG,FANG,not digital,,0.1176669352544257,0.0007438053564541,24882881692.1709
2022,FAST,FAST,not digital,0.0248975732745036,0.7779536560699996,0.0008101697816007,27103003025.20752
2022,FCX,FCX,not digital,0.1490696575136436,0.3614193725167831,0.0016235839418372,54314541824.0
2022,FDS,FDS,not digital,0.0277434903996546,0.9798612711291244,0.0004569143775927,15285378496.453856
2022,FDX,FDX,not digital,0.0684820586767234,0.5570504918947834,0.0013067445075562,43715158409.75023
2022,FE,FE,not digital,0.2285897744602295,0.2130432896677366,0.0007167958942762,23979321041.37671
2022,FFIV,FFIV,other digital,0.0124725271668066,0.9681243714692824,0.0002589714443816,8663497454.385376
2022,FIS,FIS,not digital,0.0233539094650205,0.98879547394039,0.0012034849047734,40260764787.37549
2022,FISV,FISV,not digital,0.0833850143767266,0.9766540676531256,0.0019185527490137,64182276531.96484
2022,FITB,FITB,not digital,0.5908319185059423,0.989457802286794,0.0006701202837057,22417859180.878902
2022,FMC,FMC,not digital,0.0245247574237802,0.9239479738257858,0.0004699228483609,15720557184.417725
2022,FRT,FRT,not digital,,0.1176669352544257,0.0002472479539898,8271305838.786621
2022,FSLR,FSLR,other digital,0.344977072284819,0.5713484102002757,0.0004773347767829,15968512024.261477
2022,FTNT,FTNT,other digital,0.0636573550052066,0.8557321772639692,0.0011417233645622,38194625998.69141
2022,FTV,FTV,not digital,0.0164443757831676,0.9734497124085938,0.0006795155797807,22732164581.707947
2022,GD,GD,not digital,0.0282690892481031,0.8856256663758845,0.0020362108639825,68118350572.69141
2022,GE,GE,not digital,0.0470503448985895,,0.0027367795947033,91554816433.68147
2022,GEN,GEN,other digital,0.0020946101008215,0.9913582025061212,0.0004172553262671,13958644998.779297
2022,GILD,GILD,not digital,0.026685238810894,0.9133304839245856,0.0032186930760978,107676502086.18164
2022,GIS,GIS,not digital,0.0343133839615411,0.8908398493411086,0.0014778394959925,49438882121.125
2022,GL,GL,not digital,0.0053434837011215,0.9918523625670376,0.0003505142360671,11725922906.845093
2022,GLW,GLW,other digital,,0.4789314892030238,0.0008075452724736,27015204047.23181
2022,GM,GM,not digital,0.0641639173467615,0.8286300783602298,0.0014286208902735,47792348209.35352
2022,GNRC,GNRC,not digital,0.0188812630388125,0.9095449391058488,0.0001906365021309,6377455456.018066
2022,GOOG,GOOGL,operates compute,0.1113189268692811,0.6915436506198256,0.0342271165997249,1145016348195.0703
2022,GPC,GPC,not digital,0.0153707646185121,0.9196130019201136,0.0007321462201915,24492842946.49951
2022,GPN,GPN,not digital,0.0685923871777831,0.958963413031137,0.0008027930739499,26856226442.92017
2022,GRMN,GRMN,not digital,0.0502616512690817,0.851638885188141,0.00052875419352,17688670735.473633
2022,GS,GS,not digital,,0.988157850019316,0.0034758856672693,116280490700.53123
2022,GWW,GWW,not digital,0.0168111373785132,0.8074591460200317,0.0008401792136639,28106923125.0
2022,HAL,HAL,not digital,0.0498103167955855,0.8130294560309611,0.0010680993805943,35731647120.03027
2022,HAS,HAS,not digital,0.0218894599347755,0.9672436235329552,0.0002577253406951,8621810942.80243
2022,HBAN,HBAN,not digital,0.1623672230652503,0.9936798136747838,0.0006080829256745,20342493324.75781
2022,HCA,HCA,not digital,0.0729666461906264,0.5122811701437888,0.0020279133945182,67840771298.444336
2022,HD,HD,not digital,0.0198153783600058,0.6494100951638934,0.0096229537491864,321921343524.21875
2022,HIG,HIG,not digital,0.1229796205200281,0.9873027613412227,0.0007235422994181,24205011807.83448
2022,HII,HII,not digital,0.0266017234919445,0.7054434926775353,0.0002751563538337,9204939087.738035
2022,HLT,HLT,not digital,0.0044454576541661,0.9819494584837544,0.0010215623225683,34174820325.07324
2022,HON,HON,not digital,0.0215981503411718,0.9121477318346046,0.004306833812396,144078602408.2546
2022,HPE,HPE,other digital,0.1095592363840539,0.8987448138228035,0.0006115311294477,20457847759.61756
2022,HPQ,HPQ,other digital,0.0121602288984263,0.9279368213228036,0.0007888643899308,26390263414.329712
2022,HRL,HRL,not digital,0.0223872175230917,0.8390952856931044,0.0007440065639171,24889612783.11157
2022,HSIC,HSIC,not digital,0.0075907329801533,0.9555013361217614,0.0003236200646037,10826219132.2937
2022,HST,HST,not digital,,0.205477219007254,0.0003479992268287,11641787081.805664
2022,HSY,HSY,not digital,0.0498576007165168,0.7470319175947728,0.0014187082589443,47460736141.11328
2022,HUM,HUM,not digital,0.2380653266331658,0.9251887121124144,0.0019383108629331,64843254309.08203
2022,HWM,HWM,not digital,0.0340808758608511,0.7725987323256948,0.0004873749214133,16304389856.87256
2022,IBM,IBM,other digital,0.0222369073186849,0.9580802087344686,0.0037748689692736,126282524252.92969
2022,ICE,ICE,not digital,0.0233499377334993,,0.0017128812382967,57301847634.521484
2022,IDXX,IDXX,not digital,0.0442006768579441,0.7635494845754915,0.0010099402835743,33786022612.335205
2022,IEX,IEX,not digital,0.0213708790345391,0.9306772619242004,0.0005147714974171,17220900814.420166
2022,IFF,IFF,not digital,0.0405144694533762,0.8816789595180452,0.0007990263125852,26730215146.30127
2022,ILMN,ILMN,not digital,0.0623909249563699,0.9327068410330552,0.0009603831495419,32128163748.546627
2022,INCY,INCY,not digital,0.0229282382347439,0.8734271485763357,0.0005341503977302,17869192574.666016
2022,INTC,INTC,fabricates compute,0.3940114822215878,0.5559655799190568,0.0032770259554937,109627940220.0664
2022,INTU,INTU,other digital,0.0123369479805123,0.9679815389053148,0.0032684673707366,109341625729.16602
2022,INVH,INVH,not digital,,0.9984279062354202,0.0005439618333513,18197419293.75586
2022,IP,IP,not digital,0.0439960304333443,0.5642857142857143,0.0003707260099082,12402077189.565186
2022,IQV,IQV,not digital,0.0467730742539902,0.979003039033824,0.0011375875470212,38056268486.6333
2022,IRM,IRM,not digital,0.1715225447892006,0.6830680856879774,0.0004332012479662,14492091658.805664
2022,ISRG,ISRG,not digital,0.0855645913021117,0.8170032372437182,0.00280301763593,93770709784.09082
2022,IT,IT,other digital,,0.9637547166089294,0.0007940357362575,26563262973.583984
2022,ITW,ITW,not digital,0.0258599045945267,0.8801711840228246,0.0020229005211694,67673073212.65723
2022,IVZ,IVZ,not digital,0.0318900957198829,0.9811438057855684,0.0002445659035095,8181581901.987976
2022,J,J,not digital,0.0130444684359946,0.9763529268842862,0.000454427478501,15202183053.800598
2022,JBHT,JBHT,not digital,0.1040094575408031,0.3604960832156157,0.0005396361881013,18052711383.19397
2022,JCI,JCI,not digital,0.0235983912390366,0.9461312206461407,0.0013137362331385,43949056000.0
2022,JKHY,JKHY,not digital,0.0188568909304606,0.9137839616479146,0.000382829959333,12806996485.90088
2022,JNJ,JNJ,not digital,0.0501187648456057,0.895823489984507,0.0138056721684746,461847853431.28125
2022,JPM,JPM,not digital,,0.9924342759435126,0.0117578815807353,393342120738.03125
2022,KDP,KDP,not digital,0.0251120438215835,0.9519455215386692,0.0015096625505093,50503474213.3374
2022,KEY,KEY,not digital,0.0602258469259723,0.9966493338180208,0.0004858189500798,16252337192.45996
2022,KEYS,KEYS,other digital,0.0341328413284132,0.9147937762410472,0.0009142982529062,30586463328.09375
2022,KHC,KHC,not digital,0.0345856144987728,0.9255355584280712,0.0014906339479115,49866901132.62305
2022,KIM,KIM,not digital,,0.1563039902902044,0.0003915587213501,13099003999.299316
2022,KLAC,KLAC,compute equipment,0.0325447005999205,0.9325297243299404,0.0015972008751537,53431936285.78186
2022,KMB,KMB,not digital,0.0434200743494423,0.5612131329994435,0.0013694997200585,45814539000.0
2022,KMI,KMI,not digital,0.089419682259488,0.492008904363709,0.0012147953108499,40639137292.831055
2022,KMX,KMX,not digital,0.0142398997470094,0.8781594717100565,0.0002876165865106,9621777300.672852
2022,KO,KO,not digital,0.0345084178215979,0.893912443538911,0.0082730783432931,276763306233.2031
2022,KR,KR,not digital,0.0207611056401678,0.5153607953387931,0.0009539020023177,31911346783.989258
2022,L,L,not digital,0.3162434115955918,0.8673098045443117,0.0004139813120403,13849117811.381836
2022,LDOS,LDOS,not digital,0.0090291873731364,0.9352000612041924,0.0004298033890149,14378421433.71582
2022,LEN,LEN,not digital,0.0020946101008215,0.990651531113056,0.00077057390769,25778383032.263947
2022,LH,LH,not digital,0.03618540277649,0.8613700750678488,0.000623657804189,20863527296.99707
2022,LHX,LHX,not digital,0.0147696635798851,0.9372389929602672,0.0011850427841842,39643811574.02051
2022,LIN,LIN,not digital,0.0951025056947608,0.7043862512239825,0.004802594960051,160663540762.93555
2022,LKQ,LKQ,not digital,0.0173518836954822,0.8973251370659578,0.0004265569620539,14269817136.51233
2022,LLY,LLY,not digital,,0.7950284705131159,0.010390938498577,347613110186.9043
2022,LMT,LMT,not digital,0.0253091658583899,0.8491868381240545,0.0038111537817627,127496377700.6836
2022,LNC,LNC,not digital,,,0.0001553884402466,5198284929.569275
2022,LNT,LNT,not digital,0.3529131985731272,0.1942171303873431,0.0004142744527598,13858924390.182495
2022,LOW,LOW,not digital,0.0188442081620457,0.5727822580645161,0.003601449072671,120481024259.97266
2022,LRCX,LRCX,compute equipment,0.0287785833286092,0.9066371041203952,0.0017134267050197,57320095397.61719
2022,LUMN,LUMN,not digital,0.1872361559473553,0.5798035604665439,0.0001614333196792,5400507215.896484
2022,LUV,LUV,not digital,0.164777021919879,0.5096836212502474,0.0005975947936633,19991628752.807617
2022,LVS,LVS,not digital,0.1583941605839416,0.4804210717364672,0.0010980458277733,36733460155.91504
2022,LW,LW,not digital,0.1222292826972676,0.6185322962461954,0.0003841973049507,12852738962.66748
2022,LYB,LYB,not digital,0.0374620919307843,0.5768733672487282,0.0008081836596243,27036560322.50977
2022,LYV,LYV,other digital,0.0208141426298046,0.909624119448089,0.0004813122003791,16101570706.78711
2022,MA,MA,not digital,0.0198767819400098,0.9481975002582378,0.0099938311490529,334328485235.5547
2022,MAA,MAA,not digital,,0.1176669352544257,0.0005585821652263,18686520353.85132
2022,MAR,MAR,not digital,0.015982284696481,0.936127342333266,0.0014088110619987,47129640406.79932
2022,MAS,MAS,not digital,0.0258064516129032,0.8120300751879699,0.0003146290287133,10525437643.684082
2022,MCD,MCD,not digital,0.081913471077945,0.5286382742485527,0.0057696737142879,193015695825.92773
2022,MCHP,MCHP,fabricates compute,0.0576155094979084,0.940251242322294,0.0011549808153463,38638133936.0
2022,MCK,MCK,not digital,0.0020946101008215,0.9669499826218838,0.0015899505149712,53189386466.69141
2022,MCO,MCO,not digital,0.0517556693489392,0.965014983622552,0.0015257956644251,51043183105.46875
2022,MDLZ,MDLZ,not digital,0.028765557531115,0.8732451764309102,0.0027207500696773,91018572950.9707
2022,MDT,MDT,not digital,0.0467223876773305,0.9405040612875216,0.0030903084462803,103381588736.71484
2022,MET,MET,not digital,,0.9984279062354202,0.00169734001459,56781939532.90479
2022,META,META,operates compute,0.2674407635774254,0.5718554652796847,0.0095621661353431,319887785967.1406
2022,MGM,MGM,not digital,0.0582797847417079,0.885671354979009,0.0003848983131781,12876190131.225586
2022,MHK,MHK,not digital,0.049475594482453,0.669897594968981,0.0001941335996638,6494445557.556152
2022,MKC,MKC,not digital,0.0412565939689788,0.9087231140808693,0.0006641758124007,22218995896.392822
2022,MKTX,MKTX,not digital,0.0182959766114436,0.9376430159692744,0.0003137648455064,10496527703.320312
2022,MLM,MLM,not digital,0.078234052913488,0.5787069149503788,0.0006272827376169,20984793954.79431
2022,MMM,MMM,not digital,0.0668552425366002,0.802432461521903,0.0019814059597856,66284935505.899376
2022,MNST,MNST,not digital,0.0299040571695676,0.9376714752797656,0.0031692571963487,106022699600.80078
2022,MO,MO,not digital,0.0081686324513866,0.9564864426043188,0.0024487758794686,81920088327.85938
2022,MOH,MOH,not digital,0.0028460624257208,0.978967029397434,0.0005764675278082,19284848071.289062
2022,MOS,MOS,not digital,0.0652176186392822,0.4578508509364577,0.0004464975933298,14936900755.367064
2022,MPC,MPC,not digital,0.013637413850428,0.6033880583733761,0.0016305461685078,54547452572.83203
2022,MPWR,MPWR,fabricates compute,0.0327971828411034,0.8265289222078941,0.0004961862626314,16599159932.373049
2022,MRK,MRK,not digital,0.0740178466002057,0.8037559545621107,0.0084087685072154,281302615161.77344
2022,MRNA,MRNA,not digital,0.0207651975289414,0.9219583881197309,0.0020627569514435,69006409724.1211
2022,MS,MS,not digital,,,0.0042953115462623,143693142445.45312
2022,MSCI,MSCI,not digital,0.0060557734197041,0.9892240874751252,0.0011118170927142,37194156967.65747
2022,MSFT,MSFT,operates compute,0.1326333671519241,0.7960804736322772,0.0534393071118087,1787731084532.25
2022,MSI,MSI,other digital,0.0280948200175592,0.9276572498829404,0.0012880537003702,43089885762.94336
2022,MTB,MTB,not digital,0.140327868852459,0.9917600757236088,0.0007484792642305,25039240198.10156
2022,MTCH,MTCH,not digital,0.0154052739504578,0.9578900459122246,0.0003464035384849,11588405744.96582
2022,MTD,MTD,not digital,0.0309311226930366,0.7770584369751989,0.0009632822959679,32225150301.416016
2022,MU,MU,fabricates compute,0.3923206970544248,0.4184179955644735,0.0016302390234427,54537177499.85742
2022,NCLH,NCLH,not digital,0.3682793945199597,0.2177710226281347,0.0001541808534903,5157886943.55011
2022,NDAQ,NDAQ,not digital,0.0244137487953742,0.974506421314932,0.0009009532734124,30140027250.36621
2022,NDSN,NDSN,not digital,0.0198542395835504,0.9074849982004384,0.000406155423591,13587314565.771484
2022,NEE,NEE,not digital,,0.3012300626042092,0.0049658974523592,166126578318.23438
2022,NEM,NEM,not digital,0.1788501888375996,0.3744348006860351,0.001119897710074,37464481783.174805
2022,NFLX,NFLX,other digital,0.0128964702496081,0.9712261822095744,0.0039226854716998,131227501470.5658
2022,NI,NI,not digital,0.3839089673439514,0.2578487915441754,0.0003328859337041,11136194749.705566
2022,NKE,NKE,not digital,0.0189194993849698,0.8811785421988542,0.0054724543944657,183072673625.8448
2022,NOC,NOC,not digital,0.0392055078957434,0.7988801279853731,0.0025102294382852,83975924065.42969
2022,NOW,NOW,other digital,0.0759144237405107,0.9208211143695014,0.0023444654031198,78430539321.89941
2022,NRG,NRG,not digital,0.0116552337398373,,0.0002191346792264,7330818809.692383
2022,NSC,NSC,not digital,0.1528442526480972,0.173048733444773,0.0017053433636981,57049679456.085205
2022,NTAP,NTAP,other digital,0.0375668028921722,0.9399561141033314,0.0003870243715938,12947314195.564451
2022,NTRS,NTRS,not digital,0.0290123178270089,0.9967717321124612,0.0005512947643598,18442731394.77539
2022,NUE,NUE,not digital,0.0469231809326099,0.7039053597670633,0.0010108083964456,33815064013.671875
2022,NVDA,NVDA,designs compute,0.067954326388374,0.9371308303347138,0.0108861866785663,364180887985.2295
2022,NVR,NVR,not digital,0.0020946101008215,,0.0004406506028988,14741298545.878906
2022,NWL,NWL,not digital,0.0329844592451633,0.9107223646508822,0.0001617137314932,5409887968.444824
2022,NWSA,NWS,other digital,0.0433100349475786,0.8778816561175309,0.000314550849542,10522822277.914062
2022,NXPI,NXPI,fabricates compute,0.0804998106777735,0.866371148218282,0.0012241207279359,40951104997.913086
2022,O,O,not digital,,0.23998246374516,0.0011891250440902,39780377396.51221
2022,ODFL,ODFL,not digital,0.1238240360302277,0.2379902492658016,0.0009371992596637,31352581825.13428
2022,OGN,OGN,not digital,0.0317460317460317,0.907074395253309,0.0002123661106059,7104386597.625732
2022,OKE,OKE,not digital,0.0536918747487381,0.18159071331884,0.0008777822389317,29364875384.804688
2022,OMC,OMC,other digital,0.0054727029693962,0.9666660494398668,0.0004972106140526,16633428057.769775
2022,ON,ON,fabricates compute,0.1244265090917825,0.7119255332470676,0.000806202523625,26970284418.121338
2022,ORCL,ORCL,operates compute,0.1740601353244985,0.91110460488394,0.0065879974906075,220391478395.0684
2022,ORLY,ORLY,not digital,0.0390942035522898,0.649663576412346,0.0015787872279696,52815935607.07283
2022,OTIS,OTIS,not digital,0.0084033613445378,0.9267746206334656,0.0009751703573421,32622847389.98437
2022,OXY,OXY,not digital,0.1241099519788044,0.1959123524631932,0.0017114059284427,57252493377.74194
2022,PAYC,PAYC,not digital,0.0964950552646887,0.8968746548698237,0.0005724033933542,19148888608.343506
2022,PAYX,PAYX,not digital,0.0291402604283414,0.9583506310195948,0.0012451786702224,41655566564.43359
2022,PCAR,PCAR,not digital,0.0182167059337883,0.8957671560156872,0.0010288494671686,34418600711.15112
2022,PCG,PCG,not digital,0.4420664206642066,0.3576750615286066,0.0010317341380372,34515103006.16748
2022,PEG,PEG,not digital,0.2571454011218947,,0.0009138260862801,30570667708.72119
2022,PEP,PEP,not digital,0.0602717844244837,0.7365029776432686,0.0074400942503165,248897084973.64453
2022,PFE,PFE,not digital,0.0352532328173172,0.9174767374052382,0.0085977890564858,287626011362.2344
2022,PFG,PFG,not digital,,0.9965754107547437,0.0006138014406761,20533797583.33203
2022,PG,PG,not digital,0.037338731312343,0.8191676336086274,0.0107358541452385,359151740764.3594
2022,PGR,PGR,not digital,0.0058857914575396,0.9862982839727026,0.0022682346200582,75880353927.6123
2022,PH,PH,not digital,0.0199842643587726,0.918179052428538,0.0011169582321164,37366146000.0
2022,PHM,PHM,not digital,0.007040001739676,0.9864655967976244,0.0003100616923179,10372644321.899414
2022,PKG,PKG,not digital,0.0972163246048596,0.5127314525600339,0.00035380731043,11836087722.231443
2022,PLD,PLD,not digital,,0.9984279062354202,0.0031105487087451,104058696063.19482
2022,PM,PM,not digital,0.0339084440526415,0.8912144744735008,0.0046899671232001,156895747058.18945
2022,PNC,PNC,not digital,,0.9842910797953568,0.0019041425487951,63700205108.18555
2022,PNR,PNR,not digital,0.0206705808142073,0.946568437378829,0.0002211763545265,7399119964.698791
2022,PNW,PNW,not digital,0.3948515222395786,0.3609114479102053,0.0002571679925159,8603165703.582764
2022,POOL,POOL,not digital,0.0070584024181003,0.9456703343797688,0.0003529129238463,11806167373.638916
2022,PPG,PPG,not digital,0.0311259126425003,0.8395680678750482,0.0008833846476599,29552295483.848145
2022,PPL,PPL,not digital,0.276778833804264,0.2008351613500013,0.0006431381248665,21515211921.930546
2022,PRU,PRU,not digital,,,0.0010940946552443,36601279663.08594
2022,PSA,PSA,not digital,,0.1176669352544257,0.0014751366331561,49348461938.47266
2022,PSX,PSX,not digital,,0.540004186180372,0.0014704458659369,49191539425.41504
2022,PTC,PTC,other digital,0.010084066647115,0.97907075080836,0.0004239679681988,14183206268.173218
2022,PWR,PWR,not digital,0.0250458257845321,0.8491968821041838,0.0006087076149988,20363391360.0
2022,PYPL,PYPL,not digital,0.0256559342975506,0.9779965404965404,0.0024270396165847,81192934573.07812
2022,QCOM,QCOM,designs compute,0.0511764705882352,0.8945607377483984,0.0036840028455006,123242735700.65623
2022,QRVO,QRVO,fabricates compute,0.0445321467283427,0.8330564682293631,0.0002747067687036,9189898898.117064
2022,RCL,RCL,not digital,0.3065610859728507,0.1844504973945997,0.0003770502880895,12613646337.875366
2022,REG,REG,not digital,,0.9984279062354202,0.0003210876189981,10741500000.0
2022,REGN,REGN,not digital,0.0484765339401457,0.871194098820791,0.0023486851007859,78571702916.5039
2022,RF,RF,not digital,,0.9889318386805824,0.0006022288953385,20146655605.911987
2022,RHI,RHI,not digital,0.0084441559726239,0.962999681563899,0.0002394513233435,8010481368.667603
2022,RJF,RJF,not digital,0.0080474000707463,0.9937863645909254,0.0006869116249635,22979588071.83838
2022,RL,RL,not digital,0.0337544229933577,0.8744935078384921,0.000208388269687,6971313954.200745
2022,RMD,RMD,not digital,0.028338195208943,0.9022379570211309,0.0009113464620413,30487715635.253902
2022,ROK,ROK,not digital,0.018182052471522,0.9454859787892588,0.0008834693197512,29555128060.424805
2022,ROL,ROL,not digital,0.01136128002469,0.9396586661438964,0.0005379088926793,17994927330.871582
2022,ROP,ROP,other digital,,0.9968384925576708,0.0013697827785049,45824008291.62598
2022,ROST,ROST,not digital,0.0349848086436819,0.7875020087599529,0.0011948274513047,39971142793.46631
2022,RSG,RSG,not digital,0.1076160165790837,0.6301930953774137,0.0012184371556188,40760969693.92529
2022,RTX,RTX,not digital,0.0341115782568506,0.9045095175747808,0.0044347682643074,148358455737.6797
2022,RVTY,RVTY,not digital,0.0258564620924675,0.9676324621077328,0.0005172593959134,17304129690.64331
2022,SBAC,SBAC,not digital,0.7223245834161393,0.7436262174138013,0.0009046575793843,30263949196.411133
2022,SBUX,SBUX,not digital,0.0570940425360384,0.7655155405598605,0.0034035844460415,113861762845.9922
2022,SCHW,SCHW,not digital,0.046768134091128,0.993268958917814,0.0046459964183958,155424773723.4668
2022,SEDG,SEDG,not digital,0.0544455979672563,0.872485817340995,0.000473294411081,15833347708.920288
2022,SHW,SHW,not digital,0.0290985105355119,0.9023191997875544,0.0018384455216095,61502410563.14502
2022,SJM,SJM,not digital,0.0559724241429442,0.8672251635004671,0.0005051197629617,16898016655.960085
2022,SLB,SLB,not digital,0.0575985190986436,0.8468297206444882,0.0022660043899525,75805744957.15137
2022,SNA,SNA,not digital,,0.9264857732905002,0.0003630502075249,12145294845.986938
2022,SNPS,SNPS,designs compute,0.0295921714386983,0.9486838463055184,0.0014547130733806,48665222678.07129
2022,SO,SO,not digital,0.3054238464207239,0.2989154205988539,0.002323881178401,77741925259.14844
2022,SPG,SPG,not digital,0.1228442805909234,0.3407354408678683,0.0013143255007865,43968769056.706055
2022,SPGI,SPGI,not digital,0.0079599320275467,0.9951929302084682,0.0032619457051034,109123453282.59888
2022,SRE,SRE,not digital,0.3903949861536219,0.3918853564792425,0.0014520764511119,48577018473.29004
2022,STE,STE,not digital,0.0797944829513965,0.8640904079749333,0.0005511028178115,18436310113.708496
2022,STLD,STLD,not digital,0.0408297573121222,0.6205034553711359,0.0005127503666545,17153286945.799805
2022,STT,STT,not digital,0.0604214685544945,0.9923204511527616,0.0008508391660695,28463535688.0188
2022,STX,STX,other digital,0.042795232936078,0.7496645796064401,0.0003246760362972,10861545066.00952
2022,STZ,STZ,not digital,0.1095360006770624,0.7476852389019097,0.0012776649512771,42742345896.0
2022,SWK,SWK,not digital,0.031296836092852,0.9057376228303148,0.0003322046503328,11113403446.33484
2022,SWKS,SWKS,fabricates compute,0.0892170267067724,0.8191530122382744,0.000436291482086,14595470761.064695
2022,SYF,SYF,not digital,,,0.0004425481249452,14804777272.108398
2022,SYK,SYK,not digital,0.0318716461596834,0.919477280121462,0.002765701551356,92522356690.61816
2022,SYY,SYY,not digital,0.0103897805437274,0.7982432310060672,0.0011580979230548,38742412053.4668
2022,T,T,other digital,0.1625462767411235,0.683643909813257,0.0039221046240081,131208070090.7461
2022,TAP,TAP,not digital,0.051641616240484,0.8367577305041305,0.0003353856693455,11219819619.68994
2022,TDG,TDG,not digital,0.0219193221587769,0.9554316010382724,0.0010234200629963,34236968217.504883
2022,TDY,TDY,other digital,0.0169640567178397,0.9426553848499338,0.0005603069905463,18744221772.64709
2022,TECH,TECH,not digital,0.0336447019535463,0.9027185316399432,0.0003888884217042,13009673168.86902
2022,TEL,TEL,other digital,0.0471715496591118,0.828361081705322,0.0010886196210604,36418120686.51221
2022,TER,TER,compute equipment,0.0517422096990692,0.8804190615242776,0.0004066926410529,13605286362.335203
2022,TFC,TFC,not digital,,0.993507487550765,0.0017065759434778,57090913545.84766
2022,TFX,TFX,not digital,0.0283729260874347,0.935450211696978,0.000350015691728,11709244861.035156
2022,TGT,TGT,not digital,0.0506598240469208,0.4762966679675159,0.0020507460047761,68604601694.17969
2022,TJX,TJX,not digital,0.0291773470041653,0.8147991989037631,0.0027494235492657,91977800784.04688
2022,TMO,TMO,not digital,0.049938773238339,0.9044815447639828,0.0064560811257139,215978416197.50977
2022,TMUS,TMUS,other digital,0.1755664752233854,0.8008592870188986,0.0052066623175495,174181002240.0
2022,TPR,TPR,not digital,0.0276539206413547,0.9250684761813002,0.00027428517193,9175795016.572754
2022,TRGP,TRGP,not digital,0.0673185104461497,0.273282208588957,0.0004973641116675,16638563088.0
2022,TRMB,TRMB,other digital,0.0117509452438593,0.969872059430458,0.0003727372426296,12469359934.207886
2022,TROW,TROW,not digital,0.0366191973367856,0.935095720285486,0.0007285067947983,24371091481.95117
2022,TRV,TRV,not digital,,,0.0013134029885594,43937907807.31201
2022,TSCO,TSCO,not digital,0.0544445200844198,0.7545796873730122,0.0007428481805948,24850860823.459625
2022,TSLA,TSLA,other digital,0.0878691905428297,0.7140081129004834,0.0116272383087187,388971647934.5488
2022,TSN,TSN,not digital,0.0354153372621147,0.764129165421906,0.0006658399620942,22274667504.0
2022,TT,TT,not digital,0.0182469656134119,0.9150462348464736,0.001157197929475,38712304131.31055
2022,TTWO,TTWO,other digital,0.0381689377371539,0.9630325527397156,0.0005223668802014,17474992842.11133
2022,TXN,TXN,fabricates compute,0.1396544837227881,0.7472709229242475,0.0045387305437526,151836356343.58008
2022,TXT,TXT,not digital,0.0275079648768358,0.8451482231633216,0.0004418370101466,14780988003.518557
2022,TYL,TYL,other digital,0.0121764951324286,0.9631383339694336,0.0004013070721575,13425120311.489868
2022,UAL,UAL,not digital,0.1071960849738627,0.4885833902431782,0.0003684275546341,12325185849.42627
2022,UDR,UDR,not digital,,0.1176669352544257,0.000631879257611,21138563569.67578
2022,UHS,UHS,not digital,0.0547787694496084,0.5614068812439845,0.0003007290266647,10060434126.97705
2022,ULTA,ULTA,not digital,0.0305748693745849,0.8080597702239893,0.0007134281192567,23866657228.66211
2022,UNH,UNH,not digital,0.0086438262350306,0.9587798376101424,0.0148078185165384,495373141735.1836
2022,UNP,UNP,not digital,0.1455276381909547,0.1437913489892893,0.0038054884480809,127306852542.6172
2022,UPS,UPS,not digital,0.0475293507943152,0.511852539227265,0.0044945195568154,150357344734.01562
2022,URI,URI,not digital,1.475409836065574,,0.0007363545599342,24633626578.976074
2022,USB,USB,not digital,,0.9942827928068108,0.0019948225536514,66733767333.984375
2022,V,V,not digital,0.0330945069941999,0.9623045344498896,0.0131512966916637,439956712919.2461
2022,VFC,VFC,not digital,,0.9219186959159984,0.0003206932785912,10728307938.921877
2022,VICI,VICI,not digital,,0.9982113766441222,0.0009327690583906,31204376151.1709
2022,VLO,VLO,not digital,0.0155173684538759,0.4920140369289298,0.0014619537644069,48907449030.18457
2022,VMC,VMC,not digital,0.0837434383202099,0.5748879490818147,0.0006956926764762,23273344851.119995
2022,VNO,VNO,not digital,,0.4031686055764815,0.0001283647292545,4294247606.274536
2022,VRSK,VRSK,not digital,0.1100120144173007,0.9222105701685078,0.000824726340998,27589970673.64502
2022,VRSN,VRSN,other digital,0.0192294196083935,0.8661589938848506,0.0006510510634766,21779927298.828125
2022,VRTX,VRTX,not digital,0.0229209356489412,0.938934157534888,0.0022158297682003,74127228976.89648
2022,VTR,VTR,not digital,0.218128820813171,0.1240752484493646,0.0005382786294882,18007296315.839355
2022,VTRS,VTRS,not digital,0.0250337585783784,0.9395368456405356,0.0004098473935341,13710823828.65747
2022,VZ,VZ,other digital,,0.7170406658238517,0.0049463580040883,165472915669.2168
2022,WAB,WAB,not digital,0.0178187036594116,0.9228235039965436,0.0005426114611219,18152244635.98633
2022,WAT,WAT,not digital,,0.822573414886637,0.000608362761554,20351854810.290527
2022,WBD,WBD,other digital,0.0291865038294349,0.9604405937269124,0.0006881564587788,23021232101.80664
2022,WDC,WDC,other digital,0.1312549960031974,0.8602383944552344,0.0002995758698121,10021857010.9526
2022,WEC,WEC,not digital,0.2810031883635151,0.3046969222943201,0.000884068927332,29575187023.921875
2022,WELL,WELL,not digital,,0.1311104808607911,0.0009258751972505,30973752467.61963
2022,WFC,WFC,not digital,,0.9955609190758206,0.0047031015738737,157335140213.0879
2022,WHR,WHR,not digital,0.0288988034881362,0.8772483064704508,0.0002303650791288,7706514829.760742
2022,WM,WM,not digital,0.1426033099807087,0.4988682373194758,0.0019249304395358,64395632509.24219
2022,WMB,WMB,not digital,0.1267653181792606,0.3622323622323622,0.0011981826775588,40083386806.23926
2022,WMT,WMT,not digital,0.0278222951371639,0.6140039206076942,0.0114301771158888,382379264181.51855
2022,WRB,WRB,not digital,,0.9875009372849948,0.0005758919726553,19265593745.33844
2022,WST,WST,not digital,0.0985832553950604,0.6797445255474452,0.0005208326352785,17423667001.861572
2022,WTW,WTW,not digital,,0.9773993515691396,0.0007913330960364,26472850238.189697
2022,WY,WY,not digital,,0.87479815455594,0.0006819446890088,22813426752.0
2022,WYNN,WYNN,not digital,0.0798884696519002,0.4859479243538996,0.0002793432607755,9345005718.322754
2022,XEL,XEL,not digital,,0.2113976596718311,0.0011468948259355,38367629406.6543
2022,XOM,XOM,not digital,0.044495745503771,0.4453798361815063,0.0135784772266568,454247390744.0234
2022,XRAY,XRAY,not digital,0.0379908210096889,0.9004317676305116,0.0002045466418397,6842798112.792969
2022,XYL,XYL,not digital,0.0376675117710974,0.920774647887324,0.0005956672734996,19927146485.00061
2022,YUM,YUM,not digital,0.0407775504238526,0.7996920971604515,0.0010784705700466,36078599555.78613
2022,ZBH,ZBH,not digital,0.0270753180881568,0.9111126934396658,0.0007998009659084,26756130000.0
2022,ZBRA,ZBRA,other digital,0.012973533990659,0.9630761057245318,0.0003957254981679,13238397207.073977
2022,ZION,ZION,not digital,0.3838383838383838,0.9842760623150372,0.0002198641113656,7355220857.170105
2022,ZTS,ZTS,not digital,0.0725247524752475,0.8155443886097152,0.0020417260576013,68302853022.33887
2023,A,A,not digital,0.0436118835065125,0.8820031589705473,0.000968822933125,40736345762.3291
2023,AAL,AAL,not digital,0.0491778434492687,0.512131688286974,0.0002135609778709,8979653080.496338
2023,AAPL,AAPL,other digital,0.0285923007683577,0.8760150092318688,0.0712146477512888,2994380515726.9688
2023,ABBV,ABBV,not digital,0.0143046503921352,0.9629651624588936,0.006507100768686,273605730996.16016
2023,ABNB,ABNB,other digital,,0.992249939452652,0.0020751810224133,87255667427.0498
2023,ABT,ABT,not digital,0.0549003964197561,0.8613106782855738,0.0045446039993881,191088127192.4365
2023,ACGL,ACGL,not digital,0.0038139944257004,,0.0006591508200353,27715483187.286377
2023,ACN,ACN,other digital,0.0082383032937256,0.9701434697285928,0.0052326307736625,220017765016.11328
2023,ADBE,ADBE,other digital,0.0185480962440105,0.931831156183888,0.0064601592484602,271631968884.2773
2023,ADI,ADI,fabricates compute,0.1025118038307789,0.9340262027190864,0.0023435009644584,98537784685.3828
2023,ADM,ADM,not digital,0.0581526604647541,0.8076549944170892,0.000916130555867,38520775893.33984
2023,ADP,ADP,not digital,,0.986631614055051,0.0022789055434059,95821724488.32127
2023,ADSK,ADSK,other digital,0.0056394396943787,0.9847425301970756,0.0012387021258721,52084025233.89648
2023,AEE,AEE,not digital,0.4796,0.172765123683566,0.0004523824293533,19021439758.34668
2023,AEP,AEP,not digital,0.0079666940789473,0.9941634603450415,0.0010158011141909,42711649361.93848
2023,AES,AES,not digital,0.6097252920745184,0.3312797160650907,0.0003065683557494,12890358096.0
2023,AFL,AFL,not digital,,0.9964884315520344,0.0011465992641343,48211352640.0
2023,AIG,AIG,not digital,0.0085904502827689,0.9979010061078496,0.0011311846401218,47563210000.0
2023,AIZ,AIZ,not digital,0.0181914549570591,0.9796106459899152,0.0002107388532125,8860990482.888794
2023,AJG,AJG,not digital,,0.9859268443893366,0.0011547499956433,48554068533.29297
2023,AKAM,AKAM,other digital,0.1201255535268316,0.8155619014353179,0.0004245453502321,17850966969.848633
2023,ALB,ALB,not digital,0.2240300012384058,0.4803029470431597,0.0004032406060178,16955160938.613892
2023,ALGN,ALGN,not digital,0.0460134739763765,0.7878223047573119,0.000499091178759,20985414496.0
2023,ALL,ALL,not digital,0.0046764984061372,0.9916894022948473,0.0008711851820865,36630946261.79248
2023,ALLE,ALLE,not digital,0.0230634381505423,0.9169430592601184,0.0002645074221389,11121811258.325195
2023,AMAT,AMAT,compute equipment,0.0417090922804238,0.9113866380292232,0.0032033252416819,134691036073.47656
2023,AMCR,AMCR,not digital,0.0360703812316715,0.778744927365759,0.000331367121125,13933078129.021387
2023,AMD,AMD,designs compute,0.024074074074074,0.9765927671797894,0.0056636482144428,238140865633.2578
2023,AME,AME,not digital,0.0206533322217085,0.9406735419691228,0.0009050875616103,38056448288.251465
2023,AMGN,AMGN,not digital,0.0394466122738559,0.9388496613623732,0.0036659219223895,154141957072.03906
2023,AMP,AMP,not digital,0.0114314115308151,0.9961128140144184,0.0009141446813921,38437275321.16699
2023,AMT,AMT,not digital,1.2059002884017564,0.7143134083322732,0.0023933952089303,100635700749.15623
2023,AMZN,AMZN,operates compute,0.0917369103229903,0.6131941786933508,0.0373424608139265,1570148004677.8125
2023,ANET,ANET,designs compute,0.0058701068222927,0.9897977579774692,0.0017424956224659,73267159291.07666
2023,AON,AON,not digital,0.0188397129186602,0.981212638770282,0.0013857469866712,58266858120.36133
2023,AOS,AOS,not digital,0.0188434385382059,0.8140888017673231,0.0002915880456228,12260477163.085938
2023,APA,APA,not digital,,0.9857648911046968,0.000261731190462,11005078334.651243
2023,APD,APD,not digital,0.3671746031746031,0.4540395281618623,0.0014470866749219,60846023687.25586
2023,APH,APH,other digital,0.0296940587986969,0.920448494529964,0.0014105669683991,59310470242.77246
2023,APTV,APTV,not digital,0.0451847788140242,0.8450485118925779,0.0006035680544519,25378380420.810547
2023,ARE,ARE,not digital,,0.9982876413143872,0.0005239214004511,22029457180.80884
2023,ATO,ATO,not digital,0.6563131453116079,,0.0004157622291449,17481660830.15442
2023,AVGO,AVGO,designs compute,0.0126190010888076,0.9704368592250998,0.0124279782711444,522562382320.0
2023,AVY,AVY,not digital,0.0317181354088208,0.8019683792540622,0.0003871883374365,16280207094.274414
2023,AWK,AWK,not digital,0.6106236661133507,0.160406627500165,0.0006111959611054,25699112963.626465
2023,AXON,AXON,not digital,0.0382104428848868,0.9411784203446348,0.0004603783801592,19357647547.80884
2023,AXP,AXP,not digital,0.0419958084797678,0.9803223187340104,0.0032469008297293,136523269973.8125
2023,AZO,AZO,not digital,0.0456348434620906,0.6499067489442869,0.0010633300673464,44710111416.52832
2023,BA,BA,not digital,0.0196287631436871,0.9221892972878288,0.0037503829923397,157693313291.33203
2023,BAC,BAC,not digital,,0.9962721895909974,0.0063370431841318,266455276225.6875
2023,BALL,BALL,not digital,0.0866357154700713,0.6521266124436615,0.000431326916078,18136113204.17334
2023,BAX,BAX,not digital,0.0416988416988417,0.898465129438393,0.0004664548341272,19613145762.5885
2023,BBWI,BBWI,not digital,0.0401130703997846,0.7828540225700764,0.0002319203234159,9751613180.24414
2023,BBY,BBY,not digital,0.018296050814692,0.8511674998418022,0.0004010059222173,16861198617.06543
2023,BDX,BDX,not digital,0.0451166632252735,0.8757673361121637,0.0016840444373832,70809447355.96893
2023,BEN,BEN,not digital,0.0189568629449384,0.973437313254452,0.0003510752299138,14761750021.988523
2023,BF-B,BF-B,not digital,0.054571565342269,0.8674296001028674,0.0006559065578009,27579070863.00659
2023,BG,BG,not digital,0.0629241209130166,0.8210231751537127,0.0003488176065944,14666823156.61621
2023,BIIB,BIIB,not digital,0.0281629997153198,0.8767098283466445,0.0008917408066669,37495253868.10303
2023,BIO,BIO,not digital,0.0586627732854148,0.9569887227520713,0.0002235412476466,9399296037.41455
2023,BKNG,BKNG,other digital,0.0161479054528434,0.9677922931558622,0.0029434060138893,123762145796.81396
2023,BKR,BKR,not digital,0.0479887085391672,0.8675598863174989,0.000823649523354,34632202256.09326
2023,BLDR,BLDR,not digital,0.027860198054316,0.8281982716812268,0.0004897239559354,20591548481.140137
2023,BLK,BLK,not digital,0.0192619967523377,0.990974831792616,0.0028721253571447,120764989784.05762
2023,BMY,BMY,not digital,0.0268630849220103,0.9301589970470476,0.0024830047276329,104403535110.47754
2023,BR,BR,not digital,0.008821540542202,0.9823033571393868,0.0005756825207462,24205870250.0
2023,BRK-B,BRK-B,not digital,0.0761417934454269,,0.0184766180406496,776891086376.9531
2023,BRO,BRO,not digital,0.0162085976039464,0.9818584962709132,0.0004813100087622,20237765091.464844
2023,BSX,BSX,not digital,0.0499297752808988,0.9186304644808744,0.0020141741050291,84690493961.92383
2023,BWA,BWA,not digital,0.0585998027891252,0.738255033557047,0.0002004107403366,8426721678.1345215
2023,BX,BX,not digital,0.0279490768918391,0.9865280149962036,0.0037660403755767,158351663290.56445
2023,BXP,BXP,not digital,,0.2087396794662168,0.0002619072109377,11012479512.634275
2023,C,C,not digital,0.0843260830579253,0.9880816749585406,0.0023414129132951,98449987863.8457
2023,CAG,CAG,not digital,0.0322050635222265,0.8759148581119687,0.0003257896983635,13698562807.067871
2023,CAH,CAH,not digital,0.0022804496270125,0.9432282174905996,0.0005908584195998,24843975152.160645
2023,CARR,CARR,not digital,0.0231650044852514,0.9341904819937846,0.0011464065469524,48203249411.34204
2023,CAT,CAT,not digital,0.0238144944825529,0.8550459554620696,0.0035798095096629,150521166420.49805
2023,CB,CB,not digital,,0.9874285813370788,0.0021929075205276,92205743616.0
2023,CBOE,CBOE,not digital,0.0119252683185371,0.985415692821369,0.0004482594336319,18848079102.29492
2023,CBRE,CBRE,not digital,0.0096810030153943,0.9597747028561292,0.0006747926332332,28373178509.094727
2023,CCI,CCI,not digital,0.5771971496437055,0.5933760739221845,0.0011881069290498,49956636047.291016
2023,CCL,CCL,not digital,0.1520863242717547,0.1833061889250814,0.0005759724505498,24218061002.63672
2023,CDNS,CDNS,designs compute,0.0250213570413199,0.9288802116451018,0.0017623392641291,74101529969.49219
2023,CDW,CDW,other digital,0.0069330089820359,0.9852837119672404,0.0007242277183302,30451788181.152344
2023,CE,CE,not digital,0.0519860882299103,0.7900515095687484,0.0004022331652406,16912800818.481443
2023,CEG,CEG,not digital,0.1162132335300609,0.5642854328381732,0.0008878715835885,37332563655.30469
2023,CF,CF,not digital,0.075252601417584,0.5032693377851976,0.0003612352741109,15188952000.0
2023,CFG,CFG,not digital,,0.9959678146005658,0.0003674587052277,15450630200.56006
2023,CHD,CHD,not digital,0.0380885836500281,0.8917401857816366,0.0005540880334789,23297881318.481445
2023,CHRW,CHRW,not digital,0.0022804496270125,0.972304259293282,0.0002396703330613,10077479818.80188
2023,CHTR,CHTR,other digital,1.2059002884017564,0.7315089712146637,0.0013673554510585,57493544516.60156
2023,CI,CI,not digital,,0.9758118891601916,0.0020839662602921,87625062572.02148
2023,CINF,CINF,not digital,0.0022804496270125,0.993652537459184,0.0003860823066869,16233701536.346436
2023,CL,CL,not digital,0.0362337462095903,0.7204904532422376,0.0015608862589989,65630983916.90039
2023,CLX,CLX,not digital,0.0298886225856478,0.7737594617325484,0.0004207069400713,17689572355.682373
2023,CMCSA,CMCSA,other digital,0.1006975290362912,0.7746090608018549,0.0041976521667481,176499754710.67862
2023,CME,CME,not digital,0.0136944558963236,0.9968428624405484,0.0018030790533845,75814526312.42285
2023,CMG,CMG,not digital,0.0568021614220683,0.7302411303718057,0.0014927236183428,62764931924.4194
2023,CMI,CMI,not digital,0.035608395714076,0.8047492579284486,0.00080761153299,33957848771.61133
2023,CMS,CMS,not digital,,0.2519616910821374,0.0004029450921395,16942735390.960691
2023,CNC,CNC,not digital,0.0057032727791855,0.976146312070982,0.0009428214590109,39643055127.24439
2023,CNP,CNP,not digital,0.5110311193683232,0.2483192748331865,0.0004289000343542,18034069487.365723
2023,COF,COF,not digital,0.1702391496899911,0.9908561563670412,0.0011876317917901,49936657829.35547
2023,COO,COO,not digital,0.1092341088723143,0.8602955681925396,0.0004457513141554,18742619560.91309
2023,COP,COP,not digital,,0.2697969225636962,0.0032778044858247,137822683908.9912
2023,COR,COR,not digital,0.0022804496270125,0.9658693446316844,0.0009810722399522,41251395500.73242
2023,COST,COST,not digital,0.0178422551487886,0.6132417311650289,0.0069658763636139,292895985823.2422
2023,CPB,CPB,not digital,0.0395425884364646,0.8011278819041301,0.0003064852294576,12886862863.54065
2023,CPRT,CPRT,not digital,0.1335143033318361,0.5778584032156113,0.0011190104288588,47051317824.0
2023,CPT,CPT,not digital,,,0.0002521280513619,10601292687.75177
2023,CRL,CRL,not digital,0.0771364619004802,0.7999096034277482,0.0002884032014896,12126563206.90918
2023,CRM,CRM,other digital,0.0211148406345927,0.9625489382795982,0.0060579347904202,254719534179.6875
2023,CSCO,CSCO,other digital,0.0148952594827888,0.9795291206849154,0.0048822928023075,205287014693.39355
2023,CSGP,CSGP,not digital,0.0480651731160896,0.9470609998094106,0.0008487317966664,35686843019.875
2023,CSX,CSX,not digital,0.1539878556321211,0.1772274881516587,0.0016294148982455,68512425145.75781
2023,CTAS,CTAS,not digital,0.0426680657711078,0.8365998327240288,0.0014526128208305,61078382958.25195
2023,CTSH,CTSH,other digital,0.0163798894228285,0.9432992479575828,0.0009006942757527,37871722673.68359
2023,CTVA,CTVA,not digital,0.0345408104028793,0.9002930505163271,0.0008031585614928,33770613539.682617
2023,CVS,CVS,not digital,0.0084717812262421,0.9472105650948232,0.0024166528395577,101613620295.08788
2023,CVX,CVX,not digital,0.0803857541147613,0.4128432301859099,0.0066966748119504,281576799299.70703
2023,CZR,CZR,not digital,0.1096460791117279,0.557753401666367,0.0002405039776337,10112532285.444214
2023,D,D,not digital,,0.4611294462779611,0.0009353632671087,39329458624.0
2023,DAL,DAL,not digital,0.0916999724366041,0.5181413285535821,0.0006156529051418,25886515229.926025
2023,DD,DD,not digital,0.0456607196855155,0.8473749740610085,0.0007868083300416,33083131174.31358
2023,DE,DE,not digital,0.0244567435633703,,0.0026652290704924,112065568680.52734
2023,DG,DG,not digital,0.0439429127902124,0.819955199822634,0.000709692339601,29840615392.54834
2023,DGX,DGX,not digital,0.0440985732814526,0.8704892312081016,0.0003686932245171,15502538348.999023
2023,DHI,DHI,not digital,0.0041905900666659,0.986330043213514,0.0012036299998535,50609338577.27051
2023,DHR,DHR,not digital,0.0578903306822938,0.946110690275542,0.0040655058310638,170943363921.8086
2023,DIS,DIS,other digital,0.0558955207091273,0.8300361418238245,0.0039303300787245,165259594475.708
2023,DLR,DLR,not digital,,0.4505940141623636,0.0009900709751723,41629767623.04199
2023,DLTR,DLTR,not digital,0.0711853693732372,0.7840249151901868,0.0007360460896711,30948718264.89258
2023,DOC,DOC,not digital,1.2059002884017564,0.1701071734553805,0.0001169250955567,4916379410.560608
2023,DOV,DOV,not digital,0.0238670795510324,0.9137797172193396,0.0005117213980558,21516480558.47168
2023,DOW,DOW,not digital,0.0527990677244408,0.6365863336036021,0.0009147948029416,38464611148.30469
2023,DPZ,DPZ,not digital,0.0235292646848052,0.818278594709293,0.0003419722575355,14378995013.214111
2023,DRI,DRI,not digital,0.0527831431079894,0.636273983303227,0.0004701318661091,19767754867.17224
2023,DTE,DTE,not digital,,0.3705954641939448,0.0005408704609102,22742118662.696777
2023,DUK,DUK,not digital,0.439561972518658,0.3481087437038209,0.0017787104446465,74789893185.60791
2023,DVA,DVA,not digital,0.0467856773068728,0.8180650067143858,0.000227591943327,9569616675.14038
2023,DVN,DVN,not digital,0.2564729194187582,0.2107799101674152,0.0006902640935751,29023710960.784668
2023,DXCM,DXCM,not digital,0.0653176158794136,0.8223162263548567,0.0011263974853122,47361923276.828125
2023,EBAY,EBAY,other digital,0.0450949367088607,0.9425069380203516,0.0005384127686088,22638779445.6482
2023,ECL,ECL,not digital,0.0505737523008838,0.8409546565598308,0.0013450942176708,56557520740.356445
2023,ED,ED,not digital,,0.2521143959837782,0.0007468897356375,31404663821.411133
2023,EFX,EFX,not digital,0.1142026893565296,0.8506514657980456,0.0007246687202744,30470331102.737427
2023,EG,EG,not digital,,,0.0003648746328799,15341977049.365234
2023,EIX,EIX,not digital,0.3334557473374954,0.314024315663299,0.0006521554344267,27421346418.688232
2023,EL,EL,not digital,0.0588800615069195,0.8642323297031818,0.0012446739706669,52335124920.0
2023,ELV,ELV,not digital,0.0075639080191432,0.959982740893067,0.0026350654030801,110797269238.8496
2023,EMN,EMN,not digital,0.0899022801302931,0.6208569671290918,0.0002531636703382,10644837623.832705
2023,EMR,EMR,not digital,0.0239366963402571,0.944719973798718,0.0013229502782116,55626428851.93164
2023,ENPH,ENPH,not digital,0.0481935021429326,0.9502679860432064,0.0004291326446924,18043850113.77588
2023,EOG,EOG,not digital,,0.2635839204687963,0.0016774457974801,70531992655.56738
2023,EPAM,EPAM,not digital,0.0060579378920124,0.9459941893660112,0.0004080329644229,17156666458.694458
2023,EQIX,EQIX,not digital,0.3396433805569125,0.4303084132185844,0.0017982803237884,75612752901.24512
2023,EQT,EQT,not digital,0.4002239547983178,0.1117534665652923,0.0003781957877633,15902095057.235718
2023,ES,ES,not digital,0.3647291978537668,,0.0005127659745582,21560402133.94336
2023,ESS,ESS,not digital,,0.1529867870432758,0.0003917967157939,16473976758.215332
2023,ETN,ETN,not digital,0.0326349370581134,0.9081494587843464,0.0022869370886101,96159428924.56056
2023,ETR,ETR,not digital,0.3655636278739866,0.9929895780132842,0.0005089262577008,21398952576.771484
2023,ETSY,ETSY,not digital,0.0047118717701392,0.9069807105086766,0.0002308215712179,9705413665.435793
2023,EVRG,EVRG,not digital,0.4366616153112196,0.2339674781525111,0.0002851895018926,11991435957.663208
2023,EW,EW,not digital,0.0504990019960079,0.8300794600136705,0.0010998487678343,46245622560.0
2023,EXC,EXC,not digital,0.340958254706126,0.2774799717247879,0.0008499053931549,35736189531.71631
2023,EXPD,EXPD,not digital,0.0042272618280859,0.8940660403655415,0.0004398260708299,18493479338.708008
2023,EXPE,EXPE,not digital,0.0658929823194953,0.8909989834580907,0.0005012392973443,21075736987.79297
2023,EXR,EXR,not digital,1.2059002884017564,0.998226379104337,0.0008331298210743,35030822760.0708
2023,F,F,not digital,0.0467447258940581,0.8506421279865355,0.0011605027829945,48795957455.01538
2023,FANG,FANG,not digital,,0.1117534665652923,0.0006601380354658,27756992887.09131
2023,FAST,FAST,not digital,0.0235207644248438,0.7734432767931165,0.0008804981279917,37022530081.17676
2023,FCX,FCX,not digital,0.2124829317711315,0.3277911095874757,0.0014518076925783,61044529524.62402
2023,FDS,FDS,not digital,0.029146855346515,0.9782718408285604,0.0004310010983138,18122413461.2732
2023,FDX,FDX,not digital,0.059024095423808,0.5329745361073179,0.0015034377070484,63215429953.643074
2023,FE,FE,not digital,0.2607614607614608,0.2123362109623311,0.0005002955959215,21036056932.602783
2023,FFIV,FFIV,other digital,0.0192608407102452,0.9675283561466088,0.0002541520053963,10686394400.90332
2023,FICO,FICO,other digital,0.0027993659967876,0.9930387023013671,0.0006841558903613,28766877777.34375
2023,FIS,FIS,not digital,0.01169769097752,0.9873574300110964,0.0008464407733658,35590511776.94824
2023,FITB,FITB,not digital,0.8509532062391681,0.9890527277302936,0.0005586162001429,23488278300.824463
2023,FMC,FMC,not digital,0.029843095301774,0.9251647632942596,0.0001870765331045,7866054854.816437
2023,FOXA,FOXA,other digital,0.0246781115879828,0.9218878624348305,0.0003294241183841,13851380195.617676
2023,FRT,FRT,not digital,,0.1117534665652923,0.0002016044492212,8476913861.038208
2023,FSLR,FSLR,other digital,0.4178792756709,0.5757617944469979,0.0004377713553117,18407084189.575195
2023,FTNT,FTNT,other digital,0.0384745890514251,0.8561214509085399,0.0010689347347066,44945772299.08984
2023,FTV,FTV,not digital,0.0200822708807072,0.9739944890549792,0.0006154048107954,25876083543.45997
2023,GD,GD,not digital,0.0213853141559424,0.8869184455391352,0.0016853220052041,70863165577.02832
2023,GE,GE,not digital,0.0243861038814077,,0.0033036927686171,138911215159.6116
2023,GEHC,GEHC,not digital,0.0197933715220949,0.9339372650520738,0.0008371387980235,35199389239.63086
2023,GEN,GEN,other digital,0.0052631578947368,0.9952342133316612,0.0003477305708618,14621116287.029297
2023,GILD,GILD,not digital,0.0215739784629001,0.9144144869215292,0.0024006729132888,100941708246.46877
2023,GIS,GIS,not digital,0.0389833410551336,0.8843878073363284,0.0008797804385871,36992353211.14746
2023,GL,GL,not digital,0.0090964111644665,0.991447979304065,0.000272458416812,11456128765.770996
2023,GLW,GLW,other digital,,0.4866666666666667,0.0006178566979525,25979178670.12085
2023,GM,GM,not digital,0.0695809917669893,,0.0011699150342893,49191716793.52734
2023,GNRC,GNRC,not digital,0.0320831925685123,0.8824778454569443,0.0001888213667475,7939420321.453857
2023,GOOGL,GOOGL,operates compute,0.1049174674847264,0.6661340185689577,0.0417522631671676,1755568092562.9375
2023,GPC,GPC,not digital,0.0222027482166993,0.9100209177706664,0.0004617966854197,19417283392.0
2023,GPN,GPN,not digital,0.0891817429886836,0.956693752322762,0.0007864818119365,33069401984.0
2023,GRMN,GRMN,not digital,0.037015048241745,0.85772218482818,0.0005849058630481,24593686483.749023
2023,GS,GS,not digital,,0.9931505597608178,0.0029919722477168,125804222657.22656
2023,GWW,GWW,not digital,0.027005704575798,0.7964895053393888,0.0009782175903664,41131365319.177246
2023,HAL,HAL,not digital,0.0599096359370927,0.8014828019284528,0.0007695182872856,32356132322.541016
2023,HAS,HAS,not digital,0.0270821257969739,0.948890825421578,0.0001685077868668,7085290030.5633545
2023,HBAN,HBAN,not digital,0.1,0.9941436779181276,0.0004380684923506,18419577986.67908
2023,HCA,HCA,not digital,0.0730205639699544,0.506947038835815,0.001723072620417,72450475354.15234
2023,HD,HD,not digital,0.0211306814087994,0.6647131924913336,0.0082028668067605,344908039495.60547
2023,HIG,HIG,not digital,0.1555716353111432,0.9883302943474864,0.0005749695191115,24175890487.830566
2023,HII,HII,not digital,0.0254932774576567,0.7061078912171199,0.0002452909210924,10313810121.887209
2023,HLT,HLT,not digital,0.014753297508549,0.9751964158171548,0.0011105399792245,46695158660.88867
2023,HON,HON,not digital,0.0224484231573207,0.9080048760666396,0.0032880036798034,138251532027.88904
2023,HPE,HPE,other digital,0.0970653852754419,0.8952111000297447,0.0005249807376939,22073999404.907227
2023,HPQ,HPQ,other digital,0.0110391302729066,0.923602853745541,0.0007091126684809,29816241812.63965
2023,HRL,HRL,not digital,0.0223130286432463,0.8389579360851682,0.0004176023469364,17559032733.76465
2023,HSIC,HSIC,not digital,0.011913445173839,0.9528988934077368,0.0002339654671242,9837605861.038208
2023,HST,HST,not digital,,0.2139181573143836,0.0003312884938707,13929772068.740845
2023,HSY,HSY,not digital,0.069064894986042,0.7219445177456563,0.0009067561444835,38126607619.262695
2023,HUBB,HUBB,not digital,0.0308399560758621,0.907839177528915,0.0004194784319475,17637916960.26001
2023,HUM,HUM,not digital,0.2489461939003223,0.9356209497503452,0.0013404310327171,56361446609.43604
2023,HWM,HWM,not digital,0.0329819277108433,0.7767548906789413,0.0005299652588229,22283584840.20996
2023,IBM,IBM,other digital,0.0201260911736178,0.9593244652139514,0.0035517326450819,149340611311.41797
2023,ICE,ICE,not digital,0.0191861052206402,,0.0017482403290244,73508708437.64062
2023,IDXX,IDXX,not digital,0.0365016977819709,0.7846033267636525,0.0010963341577615,46097842850.98535
2023,IEX,IEX,not digital,0.0274596047527413,0.9266350678578736,0.0003904904821889,16419053219.598145
2023,IFF,IFF,not digital,0.0438191480094084,0.8631286719607463,0.0004915883607965,20669941589.379883
2023,ILMN,ILMN,not digital,0.0432948490230905,0.9004054989615271,0.000525868107861,22111310885.375977
2023,INCY,INCY,not digital,,0.8891918101557524,0.0003346664014458,14071803812.85791
2023,INTC,INTC,fabricates compute,0.4748469425389098,0.4955056062472595,0.0050384738697909,211854000000.0
2023,INTU,INTU,other digital,0.0146158129175946,0.9651187904967604,0.0041612324671096,174968406281.25
2023,INVH,INVH,not digital,,0.9982876413143872,0.0004984984972205,20960493863.69922
2023,IP,IP,not digital,0.071165720701054,0.5636473066506169,0.0002974870661548,12508514788.78003
2023,IQV,IQV,not digital,0.0433128670581954,0.98039803605562,0.0010042712661476,42226850891.11328
2023,IR,IR,not digital,0.015328456537863,0.954290487358242,0.0007445669694897,31306997878.86914
2023,IRM,IRM,not digital,0.2443708716821321,0.6386093306997527,0.0004859642294564,20433462299.871094
2023,ISRG,ISRG,not digital,0.1493802725958366,0.7709030858401063,0.0028247980112772,118775004762.69531
2023,IT,IT,other digital,,0.966472598810682,0.0008454170458869,35547466845.703125
2023,ITW,ITW,not digital,0.0282485875706214,0.8726640030931822,0.001874846619552,78832155530.27344
2023,IVZ,IVZ,not digital,0.0287418655097613,0.9792802881059522,0.0001907388003596,8020043143.156494
2023,J,J,not digital,0.0126698625617661,0.980861536983818,0.0003899378581106,16395816893.576689
2023,JBHT,JBHT,not digital,0.1451659883558923,0.3276766418258034,0.0004899673702851,20601783386.58142
2023,JBL,JBL,other digital,0.0296812863811884,0.8384987644151565,0.0003897906690218,16389627996.299744
2023,JCI,JCI,not digital,0.0199722359052438,0.9438000094692486,0.000932718551372,39218255584.7168
2023,JKHY,JKHY,not digital,0.0262319440426116,0.9258554790386996,0.0002830352702529,11900856428.704834
2023,JNJ,JNJ,not digital,0.0533472680515271,0.8812470905596868,0.0089736438841161,377317100486.3047
2023,JPM,JPM,not digital,,,0.0116954321186742,491760826810.125
2023,KDP,KDP,not digital,0.0286890778992844,0.9482255898714752,0.001108102927109,46592687307.02051
2023,KEY,KEY,not digital,0.0989547038327526,0.9964892899442854,0.0003206426413072,13482143182.045166
2023,KEYS,KEYS,other digital,0.0360541727672035,0.9123574801335944,0.0006623002276772,27847907136.246094
2023,KHC,KHC,not digital,0.0380255255255255,0.9211636170424732,0.0010787255644357,45357449821.89453
2023,KIM,KIM,not digital,,0.1739681062001566,0.0003141587719462,13209514267.991575
2023,KLAC,KLAC,compute equipment,0.0282691619972469,0.9266760358623648,0.0018792492260433,79017273051.9104
2023,KMB,KMB,not digital,0.04467514289047,0.5437615313653137,0.0009765966841283,41063210659.83984
2023,KMI,KMI,not digital,0.1697809042280354,0.4748380737820332,0.0009325141253659,39209660032.12891
2023,KMX,KMX,not digital,0.0175349336750075,0.8689627394173015,0.0002884024257339,12126530588.510742
2023,KO,KO,not digital,0.0404773353149451,0.9054686140650748,0.0060593382999737,254778547905.0
2023,KR,KR,not digital,0.0260199014922786,0.5017229913548154,0.0007820920270178,32884823574.3086
2023,KVUE,KVUE,not digital,0.0303677803677803,0.9266812681770852,0.000980562270694,41229952692.84619
2023,L,L,not digital,0.2906779661016949,0.8646665909062212,0.0003694899109942,15536036829.15039
2023,LDOS,LDOS,not digital,0.0134950127126931,0.924300905868452,0.0003539743281247,14883649146.255491
2023,LEN,LEN,not digital,0.0029152552512656,0.9896827783585196,0.0009957265962735,41867570970.59029
2023,LH,LH,not digital,0.0372977239836863,0.8259023862338641,0.0004589341213947,19296920429.99268
2023,LHX,LHX,not digital,0.0231216849477316,0.9313455033943436,0.0009494297082656,39920913874.51172
2023,LIN,LIN,not digital,0.1152675473306142,0.6961799754983851,0.0047363176754882,199149161185.29297
2023,LKQ,LKQ,not digital,0.0269801793654382,0.8994628291000729,0.0003041460946791,12788508664.993286
2023,LLY,LLY,not digital,,0.798244860271567,0.013160669190493,553370024879.8516
2023,LMT,LMT,not digital,0.0250255287031418,0.8404377001677596,0.0026743336666099,112448391963.07812
2023,LNT,LNT,not digital,,0.1921175307246786,0.0003113326338352,13090682915.713867
2023,LOW,LOW,not digital,0.0227375342973245,0.5980827308501876,0.0030439894969712,127991405246.30566
2023,LRCX,LRCX,compute equipment,0.0266125278473163,0.904004617700379,0.002455032915631,103227397174.07228
2023,LULU,LULU,not digital,0.0677665205226421,0.7735677910511753,0.0015344686860656,64520197468.29224
2023,LUV,LUV,not digital,0.1349124219079376,0.4689889549702634,0.000409439345668,17215800930.760376
2023,LVS,LVS,not digital,0.098052448900887,0.4747451556616769,0.0008817053149789,37073288981.31006
2023,LW,LW,not digital,0.1437163708330756,0.5693119420841131,0.0003725608113933,15665159763.981443
2023,LYB,LYB,not digital,0.0459263258939284,0.5798108108108109,0.0007334685080904,30840338032.64453
2023,LYV,LYV,other digital,0.0192993875778464,0.8895689566381708,0.0005127188077657,21558418899.75196
2023,MA,MA,not digital,0.0147820543469599,0.9514464756879004,0.0095166525613505,400149125277.8906
2023,MAA,MAA,not digital,,0.1117534665652923,0.0003832120448995,16113014904.556274
2023,MAR,MAR,not digital,0.0190612744064437,0.9384201916335592,0.0015751386441185,66230257600.78711
2023,MAS,MAS,not digital,0.0305008158654449,0.7909752004475107,0.0003576232713997,15037077197.794922
2023,MCD,MCD,not digital,0.0924531262257786,0.5563787913868952,0.0051149870257858,215071168247.5781
2023,MCHP,MCHP,fabricates compute,0.0373441265849313,0.92804652327691,0.0011603952870058,48791437543.67383
2023,MCK,MCK,not digital,0.0022804496270125,0.9650673940949936,0.0014651383293972,61605046221.86279
2023,MCO,MCO,not digital,0.0458079783637593,0.9587607714402956,0.0016998782707198,71475216597.68555
2023,MDLZ,MDLZ,not digital,0.0308751665926255,0.8642125758148786,0.00234426677929,98569985097.55373
2023,MDT,MDT,not digital,0.0490359658880237,0.938767207635132,0.0026050824253446,109536567302.24709
2023,MET,MET,not digital,,0.9982876413143872,0.001164136938587,48948763725.0874
2023,META,META,operates compute,0.2004788661398645,0.5793670494680411,0.0216334607048349,909627657620.9062
2023,MGM,MGM,not digital,0.0576465383575816,0.871377607748087,0.000362970866605,15261928901.68286
2023,MHK,MHK,not digital,0.0550421639679931,0.6306995939559342,0.0001567547646937,6591107700.0
2023,MKC,MKC,not digital,0.0396115397316201,0.8970090885766931,0.0004364634746376,18352091396.22168
2023,MKTX,MKTX,not digital,0.0123925814600284,0.9490483442982292,0.0002640028794159,11100596621.3562
2023,MLM,MLM,not digital,0.1110921210049564,0.5910082644628099,0.000733370816714,30836230378.344727
2023,MMM,MMM,not digital,0.0656237301909792,0.8479636219849743,0.0014359864804412,60379290969.711945
2023,MNST,MNST,not digital,0.0310122076569178,0.9080375804648976,0.0028510659159123,119879498070.06836
2023,MO,MO,not digital,0.008005554874811,0.9571687840290382,0.0016968370265149,71347340624.43457
2023,MOH,MOH,not digital,0.0024653674571495,0.9818694601128124,0.0005009690269094,21064372857.666016
2023,MOS,MOS,not digital,0.1023941121925219,0.4101715813969643,0.0002777307209342,11677814686.226809
2023,MPC,MPC,not digital,0.0127376515544652,0.5916592042983242,0.0013397270475472,56331845964.86865
2023,MPWR,MPWR,fabricates compute,0.0316176405985046,0.8484394005306544,0.0007187611209811,30221932763.671875
2023,MRK,MRK,not digital,0.0642601680113116,0.7839137567377549,0.0065701995680795,276258862359.3828
2023,MRNA,MRNA,not digital,0.1032418224299065,0.8944426354064908,0.0009018113513325,37918692636.41357
2023,MS,MS,not digital,,,0.0036400033689553,153052153024.0
2023,MSCI,MSCI,not digital,0.0089987030036537,0.9898662956290788,0.0010639918892378,44737939210.9375
2023,MSFT,MSFT,operates compute,0.1814484216023041,0.7678481270753637,0.0664687169744129,2794827150007.922
2023,MSI,MSI,other digital,0.0253557827219883,0.9277144571085782,0.0012358219207509,51962920512.20703
2023,MTB,MTB,not digital,0.1725067385444744,0.991650021127031,0.0005410530754715,22749797103.88184
2023,MTCH,MTCH,not digital,0.0200362371392633,0.9568478439783082,0.0002359520923446,9921138000.0
2023,MTD,MTD,not digital,0.0278021143470609,0.7605838676463357,0.0006255243215389,26301581200.97656
2023,MU,MU,fabricates compute,0.4939510939510939,0.4097176829458088,0.0022405190249018,94207676722.80078
2023,NCLH,NCLH,not digital,0.3216826254829867,0.1569640162950886,0.0002027603716975,8525517229.168213
2023,NDAQ,NDAQ,not digital,0.0260554089709762,0.9821638694494332,0.0007977867660622,33544744282.72852
2023,NDSN,NDSN,not digital,0.0131562729206674,0.9251974096352278,0.0003582004689005,15061346768.798828
2023,NEE,NEE,not digital,,0.2913589011149986,0.0029638287528675,124620865928.20705
2023,NEM,NEM,not digital,0.225702675245513,0.3232623500162145,0.001134474979324,47701559734.33594
2023,NFLX,NFLX,other digital,0.0103356442283801,0.9693949715825284,0.0050680510008576,213097637197.876
2023,NI,NI,not digital,0.494745502823591,0.2832398028136382,0.0002610436262663,10976168146.98938
2023,NKE,NKE,not digital,0.0158093532183326,0.8646185819722363,0.0039206784863005,164853771499.49805
2023,NOC,NOC,not digital,0.0451768897938406,0.7926048470264696,0.0016788784909329,70592233483.76172
2023,NOW,NOW,other digital,0.0773603834578084,0.9218956691781216,0.0034453929003914,144869316857.2119
2023,NRG,NRG,not digital,0.0211636466591166,,0.000277592407176,11671998972.244265
2023,NSC,NSC,not digital,0.191428101349128,0.1998943628157111,0.0012712845981862,53454028784.17969
2023,NTAP,NTAP,other digital,0.024728781110402,0.9337950702790792,0.0004319828736439,18163694419.78809
2023,NTRS,NTRS,not digital,0.0267091567701407,0.9966693880149698,0.0004154776988338,17469697111.358643
2023,NUE,NUE,not digital,0.0637783027020798,0.6873231465761177,0.0010175650804311,42785819301.78955
2023,NVDA,NVDA,designs compute,0.0175470273464429,0.9075566995289204,0.0290909221597137,1223193447558.6914
2023,NVR,NVR,not digital,0.0026136238756017,,0.0005292768986622,22254641184.404297
2023,NWS,NWS,other digital,0.0432622394571013,0.8793215530996986,0.0003378654169909,14206313638.01477
2023,NXPI,NXPI,fabricates compute,0.0622928592949683,0.863548638771404,0.0014080111665751,59203005789.52734
2023,O,O,not digital,,0.2468887114821993,0.000988629315622,41569149795.049805
2023,ODFL,ODFL,not digital,0.1290980867867044,0.2570549668719193,0.0010518445315681,44227176154.84619
2023,OKE,OKE,not digital,0.0902302426882389,0.2613518275877649,0.0009728751472347,40906730245.8418
2023,OMC,OMC,other digital,0.0053361647676998,0.968803263373341,0.0004072387224403,17123270762.832642
2023,ON,ON,fabricates compute,0.1864897612989216,0.6669365579030208,0.0008556135551046,35976202077.765625
2023,ORCL,ORCL,operates compute,0.12964256717207,0.8729833908798666,0.0068926886472432,289818643186.4238
2023,ORLY,ORLY,not digital,0.063638255150279,0.6369219480004138,0.0013368012662446,56208824889.81629
2023,OTIS,OTIS,not digital,0.0097121542684214,0.9281407531877038,0.0008708393255936,36616403945.34375
2023,OXY,OXY,not digital,0.2452001721911321,0.2501621446330127,0.0012462254466793,52400360228.870605
2023,PANW,PANW,other digital,0.0212253543604102,0.97555357869403,0.0022112183926074,92975665539.55078
2023,PAYC,PAYC,not digital,0.1137155340379051,0.881311018463371,0.0002836786658127,11927909446.435549
2023,PAYX,PAYX,not digital,0.0314497272018706,0.9624231965409996,0.0010192912630817,42858400545.37793
2023,PCAR,PCAR,not digital,0.019785125002135,0.9074035969566474,0.0012147849161773,51078372198.15064
2023,PCG,PCG,not digital,0.3976584247584739,0.3450890228961479,0.0010906654045675,45859487334.96973
2023,PEG,PEG,not digital,0.359304084720121,,0.0007247060539647,30471900881.9668
2023,PEP,PEP,not digital,0.060325130369188,0.7309418379023832,0.005568853714068,234155017020.8828
2023,PFE,PFE,not digital,0.0767372431944062,0.9163800601321848,0.0038661299676642,162560155979.04297
2023,PFG,PFG,not digital,,0.9969237497078316,0.0004460664843673,18755871603.45459
2023,PG,PG,not digital,0.0395292661740382,0.8186776353358879,0.0082140594918307,345378661188.6328
2023,PGR,PGR,not digital,0.0040573829879727,0.9900666358480568,0.0022171857891429,93226578188.5625
2023,PH,PH,not digital,0.0200702458605117,0.9030254972633828,0.0014076755674754,59188894768.31055
2023,PHM,PHM,not digital,0.0057404695852424,0.9862319070308104,0.0005292549187387,22253716988.9375
2023,PKG,PKG,not digital,0.0601994258176971,0.5549181555332849,0.000347244912672,14600695692.854004
2023,PLD,PLD,not digital,,0.9977636194211964,0.002929212278809,123165338186.13574
2023,PM,PM,not digital,0.0375561494285551,0.8849075094940586,0.003473490269782,146050734137.26758
2023,PNC,PNC,not digital,,0.984833861604758,0.0014669947839743,61683105042.48047
2023,PNR,PNR,not digital,0.0185162626385674,0.944844818917313,0.0002858424520581,12018890720.344238
2023,PNW,PNW,not digital,0.3931800550725076,0.3591894507122193,0.00019374657718,8146511904.724121
2023,PODD,PODD,not digital,0.0445465794590772,0.7431033150452051,0.0003603372452252,15151192349.664309
2023,POOL,POOL,not digital,0.010844531222509,0.9346777835212136,0.0003667726509663,15421783501.489258
2023,PPG,PPG,not digital,0.0317694865164388,0.840624566914584,0.0008386728215558,35263890719.60449
2023,PPL,PPL,not digital,0.2882991556091677,0.1992557855031094,0.0004750859336815,19976059813.99048
2023,PRU,PRU,not digital,,,0.0008904102989453,37439309669.49463
2023,PSA,PSA,not digital,,0.1117534665652923,0.0012790018355921,53778517440.0
2023,PSX,PSX,not digital,,0.5269996423888426,0.0013930930891627,58575741571.47217
2023,PTC,PTC,other digital,0.0113559361637497,0.9859447891996652,0.0004961823445706,20863106000.595093
2023,PWR,PWR,not digital,0.0208216986270511,0.8560749758656421,0.0007456491765723,31352501716.97461
2023,PYPL,PYPL,not digital,0.0209264048906654,0.9818903195969136,0.0015746230718242,66208579200.60889
2023,QCOM,QCOM,designs compute,0.0404801786711334,0.9012147335423196,0.0038283874380285,160973186178.25
2023,QRVO,QRVO,fabricates compute,0.0337524333427244,0.8281795178441768,0.0002607092988701,10962110597.41516
2023,RCL,RCL,not digital,0.2803597122302158,0.1428083459053257,0.0007891091084668,33179872593.460938
2023,REG,REG,not digital,,0.9982876413143872,0.0002958406251838,12439286464.0
2023,REGN,REGN,not digital,0.0547830329643521,0.8746561387174201,0.0022757028075938,95687058236.14502
2023,RF,RF,not digital,,0.9892111384154434,0.0004286762360922,18024659384.57837
2023,RHI,RHI,not digital,0.0071762030511612,0.963860303727694,0.0002214243953225,9310288206.100464
2023,RJF,RJF,not digital,0.0133158866995073,0.9928407350689128,0.0005531795336092,23259681392.0
2023,RL,RL,not digital,0.0248514642458606,0.8592679873333824,0.0002216575762151,9320092822.755432
2023,RMD,RMD,not digital,0.0212281099789405,0.9203377871199406,0.0006017697456016,25302766468.444824
2023,ROK,ROK,not digital,0.0177191432987414,0.9394904458598726,0.0008460818639007,35575420618.83545
2023,ROL,ROL,not digital,0.0105636392151962,0.9511990167446231,0.0005027186396542,21137939272.41992
2023,ROP,ROP,other digital,,0.9957539717759828,0.0013850166130643,58236147914.42871
2023,ROST,ROST,not digital,0.0374350595607063,0.7628639530403803,0.0011080676813667,46591205320.27539
2023,RSG,RSG,not digital,0.1089876378215837,0.6386182744348934,0.0012340112672927,51886787502.95508
2023,RTX,RTX,not digital,0.035040626813697,0.9027114518530416,0.0028773556159629,120984907814.85548
2023,SBAC,SBAC,not digital,1.2059002884017564,0.7335820878659118,0.0006509307855352,27369853293.396
2023,SBUX,SBUX,not digital,0.0648661870823558,0.7491263520741709,0.0025955218774955,109134572500.57324
2023,SCHW,SCHW,not digital,0.0371609067261241,0.9925179144244066,0.0029822043023836,125393507360.47266
2023,SHW,SHW,not digital,0.0385391225885935,0.8764158505558847,0.0018987159134371,79835793837.70752
2023,SJM,SJM,not digital,0.0717106630638121,0.850614352228611,0.0003205542532569,13478426707.077026
2023,SLB,SLB,not digital,0.0585181831899803,0.8490314239839857,0.0017679408521211,74337061373.07422
2023,SNA,SNA,not digital,,0.9285212527667696,0.0003625676561072,15244975006.713867
2023,SNPS,SNPS,designs compute,0.0356557918049858,0.9467889258347736,0.0018612302892869,78259626207.59766
2023,SO,SO,not digital,0.3663202835508297,0.2834042675355808,0.0018187698116334,76474279639.31738
2023,SPG,SPG,not digital,0.1401848365989048,0.3708824027421942,0.0012727507149529,53515674971.0083
2023,SPGI,SPGI,not digital,0.0114427462591021,0.9957418013170708,0.0033190450962387,139556738407.32422
2023,SRE,SRE,not digital,0.5655307112068966,0.3695874101008247,0.0011184959060691,47029683552.61231
2023,STE,STE,not digital,0.0701200556327367,0.849122224050829,0.0005165907768135,21721224573.028564
2023,STLD,STLD,not digital,0.0882084132025234,0.5482943195858447,0.000454499799272,19110469353.08838
2023,STT,STT,not digital,0.0683131017161992,0.9919295695994724,0.0005684774395526,23902916357.48291
2023,STX,STX,other digital,0.0387727064570294,0.7742191635786131,0.0004247135344464,17858038654.541016
2023,STZ,STZ,not digital,0.1273966552229516,0.6872351727130073,0.0010560996093716,44406090500.0
2023,SWK,SWK,not digital,0.0214623822167022,0.9083029775437588,0.0003576882566886,15039809650.865969
2023,SWKS,SWKS,fabricates compute,0.0440658788031179,0.8350362538122871,0.0004276650481508,17982141706.473633
2023,SYF,SYF,not digital,,,0.0003758431760777,15803174191.726685
2023,SYK,SYK,not digital,0.0280515172211923,0.91944778512728,0.0027059132180344,113776225442.0996
2023,SYY,SYY,not digital,0.0105524833849119,0.7846281933307042,0.0008772206939803,36884722974.70093
2023,T,T,other digital,0.1458244845950272,0.6843487446568073,0.002853392917956,119977342120.40918
2023,TAP,TAP,not digital,0.0483629344741656,0.8314887905638273,0.0003142221300498,13212178302.383425
2023,TDG,TDG,not digital,0.0211085801063022,0.9371557336004006,0.0013307822603661,55955742209.558105
2023,TDY,TDY,other digital,0.0203886079318605,0.9465167023451428,0.0005008188936523,21058060166.18957
2023,TECH,TECH,not digital,0.054248270149949,0.9142757093287128,0.0002902176212578,12202854579.162598
2023,TEL,TEL,other digital,0.0456529874017712,0.8271002210759028,0.0010384613625789,43664450624.0
2023,TER,TER,compute equipment,0.0596503080000807,0.8722355931931178,0.0003945662824239,16590429434.955322
2023,TFC,TFC,not digital,,0.9938395327160412,0.0011710418083008,49239094548.69727
2023,TFX,TFX,not digital,0.0271080872275307,0.9362880757714588,0.0002786664528593,11717159645.907593
2023,TGT,TGT,not digital,0.0447436040665847,0.409168463485516,0.00156371449485,65749903473.3916
2023,TJX,TJX,not digital,0.0317612556947083,0.7960069138241208,0.0025426957313652,106913378017.57812
2023,TMO,TMO,not digital,0.0345101150337167,0.9043007920912424,0.0048774261517074,205082385390.3809
2023,TMUS,TMUS,other digital,0.1247613228442679,0.8053177453992161,0.0044097631742861,185418440517.5781
2023,TPR,TPR,not digital,0.0163238997481712,0.9206806429856116,0.000200639418675,8436336974.739075
2023,TRGP,TRGP,not digital,0.1764218622882923,0.2353641192348997,0.0004606703893369,19369925732.421875
2023,TRMB,TRMB,other digital,0.0110564140363808,0.9787720272976004,0.0003147519978604,13234457789.794922
2023,TROW,TROW,not digital,0.0476588499342156,0.934309541649021,0.000572343767681,24065484845.58105
2023,TRV,TRV,not digital,,,0.0010410766027406,43774414296.24365
2023,TSCO,TSCO,not digital,0.0517928286852589,0.7347470671737981,0.0005528958601255,23247753700.447083
2023,TSLA,TSLA,other digital,0.0919574674754322,0.7212009229210827,0.018785958697233,789898012115.4688
2023,TSN,TSN,not digital,0.0366672339781774,0.7342418140189236,0.0004541116799346,19094150000.0
2023,TT,TT,not digital,0.0170102276327103,0.908611327409898,0.0013204580277573,55521636559.38965
2023,TTWO,TTWO,other digital,0.0264879617167638,0.9746061366401676,0.0006509924016275,27372444080.99365
2023,TXN,TXN,fabricates compute,0.2894571607968491,0.6908927908989737,0.0036818684641164,154812465392.28125
2023,TXT,TXT,not digital,0.0293795220346415,0.8530493592785952,0.000374881089655,15762721097.74414
2023,TYL,TYL,other digital,0.0105131238564755,0.963709166129781,0.000418885131352,17612970298.31543
2023,UAL,UAL,not digital,0.1334959137703148,0.4400455670567057,0.0003218735301346,13533898679.5177
2023,UBER,UBER,other digital,0.0059815992060298,0.9464327243598024,0.0030133342825495,126702437601.75098
2023,UDR,UDR,not digital,,0.1421945475177614,0.0003235329213198,13603671525.268557
2023,UHS,UHS,not digital,0.0520274645469226,0.5615189350326563,0.0002474206512466,10403359430.615234
2023,ULTA,ULTA,not digital,0.0388378006733645,0.8120678287006339,0.0005659025403237,23794648910.7666
2023,UNH,UNH,not digital,0.0091114089047472,0.9581689317550782,0.0115809039938395,486945233440.8281
2023,UNP,UNP,not digital,0.1495086860980969,0.1449979145563963,0.0035609805827629,149729461713.3672
2023,UPS,UPS,not digital,0.0567074913696431,0.478597739108345,0.0031840384281666,133880078490.67384
2023,URI,URI,not digital,1.1381443298969072,,0.0009243696984487,38867209229.62647
2023,USB,USB,not digital,,,0.0016026585226944,67387392976.79297
2023,V,V,not digital,0.0324319358098796,0.9621542779478226,0.0127254138737911,535068733209.4844
2023,VFC,VFC,not digital,,0.9348887615642856,0.0001738758000336,7311000253.705811
2023,VICI,VICI,not digital,,0.9982876413143872,0.0007843749690413,32980815021.70789
2023,VLO,VLO,not digital,0.013235151900308,0.5209179142349658,0.0010525987497566,44258888960.0
2023,VLTO,VLTO,not digital,0.0107548297151961,0.9539785701738978,0.0004818696532436,20261296606.17065
2023,VMC,VMC,not digital,0.1121319986121641,0.5725403383817897,0.0007223708093711,30373710255.02014
2023,VRSK,VRSK,not digital,0.0857760871186693,0.861455303359978,0.0008285205704548,34837016419.89795
2023,VRSN,VRSN,other digital,0.0306744357377268,0.8666666666666667,0.0005001162679972,21028516685.48584
2023,VRTX,VRTX,not digital,0.0203055972115267,0.9489973691388548,0.0024935906215296,104848642899.77344
2023,VTR,VTR,not digital,0.1443966164105466,0.120381430731668,0.0004769554703982,20054668702.678467
2023,VTRS,VTRS,not digital,0.0244989732525798,0.942129158758952,0.0003089958170341,12992426181.75244
2023,VZ,VZ,other digital,,0.7151648236052123,0.0037694392546035,158494576826.67383
2023,WAB,WAB,not digital,0.0192208329027591,0.9217927111860122,0.0005407077802791,22735278388.57495
2023,WAT,WAT,not digital,0.0543333549811663,0.8618774225424014,0.0004629644065129,19466382859.588623
2023,WBD,WBD,other digital,0.0318482127731661,0.9514732357421573,0.000659993764693,27750926696.992188
2023,WDC,WDC,other digital,0.0770935570682286,0.8525217958119449,0.0004038457672535,16980606307.932888
2023,WEC,WEC,not digital,,0.2812536271299075,0.0006314363088888,26550164045.78125
2023,WELL,WELL,not digital,,0.1578838223958348,0.0011869097509929,49906297995.20801
2023,WFC,WFC,not digital,,0.9952050952460793,0.0042511532484711,178749328383.23438
2023,WHR,WHR,not digital,0.028218966846569,0.870956561922366,0.0001588557799451,6679449625.862122
2023,WM,WM,not digital,0.1417311269950063,0.4830454254638515,0.0017156174617742,72137006391.14355
2023,WMB,WMB,not digital,0.2097365788596198,0.3480342789822714,0.0010076923032361,42370696112.91797
2023,WMT,WMT,not digital,0.0320647581760776,0.5856856786884707,0.0100941197444185,424430035681.1748
2023,WRB,WRB,not digital,,0.9885274225065496,0.0004355677825512,18314430001.88672
2023,WST,WST,not digital,0.1227201844192826,0.6309439874657266,0.0006196183521339,26053251394.242188
2023,WTW,WTW,not digital,0.0260103181427343,0.9752492265383294,0.0005923409547004,24906311684.87549
2023,WY,WY,not digital,,0.8663958075722782,0.0006036573710496,25382135938.64795
2023,WYNN,WYNN,not digital,0.0677893420548425,0.5221225754976897,0.0002447367828384,10290510128.936768
2023,XEL,XEL,not digital,,0.1940885469498587,0.0008124888953753,34162928475.79956
2023,XOM,XOM,not digital,0.0636104033292511,0.4288326065524545,0.0095035234652768,399597082815.9317
2023,XRAY,XRAY,not digital,0.0375788146279949,0.8914518317503393,0.0001793243643663,7540097432.3272705
2023,XYL,XYL,not digital,0.0368006518196632,0.927445382323734,0.0006556832225162,27569680227.14233
2023,YUM,YUM,not digital,0.0402769926512153,0.8078960038517092,0.0008719801367121,36664371922.34082
2023,ZBH,ZBH,not digital,0.0393686943820832,0.9041536221501704,0.0006052140517003,25447590088.27441
2023,ZBRA,ZBRA,other digital,0.018979057591623,0.9577059950725432,0.0003338652781905,14038118778.356934
2023,ZION,ZION,not digital,0.2246520874751491,0.9839455064619336,0.0001545712314928,6499296120.799805
2023,ZTS,ZTS,not digital,0.0856741573033707,0.7757244855102898,0.0021550829633059,90615324780.3125
2024,A,A,not digital,0.0580645161290322,0.8499071416511903,0.0007305749844963,38366832328.83984
2024,AAPL,AAPL,other digital,0.0241589627526947,0.8748424571209381,0.0720790386452742,3785298496133.984
2024,ABBV,ABBV,not digital,0.0172897362161394,0.9620156702007236,0.0059795323981487,314020766920.7168
2024,ABNB,ABNB,other digital,,0.9929863065985972,0.0015633593535406,82101286602.86328
2024,ABT,ABT,not digital,0.0526102502979737,0.8690888544967696,0.0037357186000867,196184775278.1504
2024,ACGL,ACGL,not digital,0.0029243119266055,,0.0006616266679595,34745946648.30029
2024,ACN,ACN,other digital,0.0079589698446436,0.9728043136672055,0.0041899204880085,220037614544.67773
2024,ADBE,ADBE,other digital,0.008509648918856,0.9359576579556732,0.0037610032603072,197512622986.8164
2024,ADI,ADI,fabricates compute,0.0774849724047239,0.9291795143334688,0.0020078334595108,105443262252.39207
2024,ADM,ADM,not digital,0.0641283387354859,0.796568489422012,0.000460346678218,24175538707.37549
2024,ADP,ADP,not digital,,0.9873884115395298,0.0022712130618215,119274889744.6162
2024,ADSK,ADSK,other digital,0.0065242211710977,0.9877925746569814,0.0012129268538869,63697994343.875
2024,AEE,AEE,not digital,0.566574839302112,0.1859724651329656,0.0004530807519577,23793961757.08008
2024,AEP,AEP,not digital,0.0199799699549323,0.993063505306661,0.000935305940342,49118470999.94531
2024,AES,AES,not digital,0.6020524515393386,0.3003839176475551,0.0001742502837309,9150917511.589417
2024,AFL,AFL,not digital,,0.9967082319718286,0.0010942166751771,57463817676.26953
2024,AIG,AIG,not digital,,0.9930821586640384,0.0008646972047403,45410386850.79199
2024,AIZ,AIZ,not digital,0.0186318669753736,0.9780614838123848,0.0002082320036831,10935499490.60669
2024,AJG,AJG,not digital,,0.9898840557155084,0.0013501916719489,70906585345.47656
2024,AKAM,AKAM,other digital,0.0978242459350245,0.8075887386998573,0.0002736162285296,14369213544.428225
2024,ALB,ALB,not digital,0.3125096931191035,0.4381898136438644,0.0001926623296095,10117843415.222168
2024,ALGN,ALGN,not digital,0.0289021388282905,0.7954600456988382,0.0002964036860496,15565918304.958252
2024,ALL,ALL,not digital,0.0032758244158113,0.9940062893645232,0.0009721118914597,51051370134.46777
2024,ALLE,ALLE,not digital,0.0244154604739939,0.9141450153750168,0.0002163137455488,11359919764.59082
2024,AMAT,AMAT,compute equipment,0.0437886370326758,0.9029614345084136,0.0025197986223767,132329594222.03123
2024,AMCR,AMCR,not digital,0.0386434805783196,0.7722706366497216,0.0002589813565595,13600649480.578615
2024,AMD,AMD,designs compute,0.0246655031995346,0.9739693178863432,0.0037325661129778,196019219453.0869
2024,AME,AME,not digital,0.0183074059453868,0.9440501985863192,0.0007939604338755,41695578809.38721
2024,AMGN,AMGN,not digital,0.0327908089995213,0.9287557573579852,0.0026678110664202,140102606908.89844
2024,AMP,AMP,not digital,0.0098181412473502,0.9959592729998952,0.0009835772223406,51653482767.44385
2024,AMT,AMT,not digital,1.2757376207139122,0.6879893381185185,0.0016319897370975,85705475733.9834
2024,AMZN,AMZN,operates compute,0.1301008372011367,0.5956674251953131,0.0439273465751544,2306885913786.953
2024,ANET,ANET,designs compute,0.0045694049777955,0.9929649171526428,0.0026514096530501,139241271262.20703
2024,AON,AON,not digital,0.0138871193782647,0.9869907076483202,0.001479057535486,77674097351.98975
2024,AOS,AOS,not digital,0.0282863204211518,0.8059567901234568,0.000188325854805,9890109362.933104
2024,APA,APA,not digital,,0.9905621454357916,0.0001626568316092,8542076471.169434
2024,APD,APD,not digital,0.5616828917574335,0.409446968510105,0.0012505213872096,65672306614.46387
2024,APH,APH,other digital,0.0437110368068739,0.9201593268719508,0.0015943656174469,83729609709.57031
2024,APO,APO,not digital,,,0.0017794629964941,93450172632.08008
2024,APTV,APTV,not digital,0.0421041952011363,0.8423565521357319,0.0002706792846054,14214977172.409058
2024,ARE,ARE,not digital,,0.998013452669853,0.0003246258852076,17048033633.3313
2024,ATO,ATO,not digital,0.7051601764818722,,0.000412172427028,21645622604.034424
2024,AVGO,AVGO,designs compute,0.0106255089773917,0.984780705726101,0.0206930984644579,1086717525234.375
2024,AVY,AVY,not digital,0.0238473223157485,0.8112015420860998,0.0002862982575492,15035222224.316406
2024,AWK,AWK,not digital,0.6137975499677627,0.1459640572646969,0.0004619997941226,24262353643.6615
2024,AXON,AXON,not digital,0.0378314604475526,0.944726978215648,0.0008629713752945,45319753294.50684
2024,AXP,AXP,not digital,0.0492208628461043,0.980214469113427,0.0039811195169081,209072235195.10745
2024,AZO,AZO,not digital,0.0580140861127594,0.64000085465418,0.0010232436858465,53736604400.0
2024,BA,BA,not digital,0.0335252642181697,0.9270159820417874,0.0025216563017263,132427152000.0
2024,BAC,BAC,not digital,,0.9962689713515994,0.0064213472145833,337223087479.54297
2024,BALL,BALL,not digital,0.041034336583298,0.6498184706149308,0.0003132805905724,16452224816.67334
2024,BAX,BAX,not digital,0.0419330575404287,0.8886820262198433,0.0002835090811359,14888746002.090454
2024,BBY,BBY,not digital,0.0170005779233288,0.8490011358321641,0.0003517549247603,18472740657.043457
2024,BDX,BDX,not digital,0.035930221032808,0.8809307684250951,0.0012528408425989,65794114995.40137
2024,BEN,BEN,not digital,0.0208893606982778,0.9708481572178842,0.0002024454981694,10631615712.040771
2024,BF-B,BF-B,not digital,0.0420125786163522,0.8684790595150624,0.0003413141376561,17924432903.96118
2024,BG,BG,not digital,0.0884887459807074,0.7889875095385357,0.0002067447780962,10857396440.355469
2024,BIIB,BIIB,not digital,0.0158848272512117,0.8865818398320101,0.0004243159367489,22283350436.540527
2024,BKNG,BKNG,other digital,0.0180715278655377,0.9699725710985996,0.0031312075147842,164438307163.42926
2024,BKR,BKR,not digital,0.0459233174027094,0.866355603055027,0.0007793863674315,40930208004.92163
2024,BLDR,BLDR,not digital,0.0232047306873476,0.814635258562578,0.000313221054181,16449098207.092283
2024,BLK,BLK,not digital,,,0.0030232347830714,158768017622.14453
2024,BMY,BMY,not digital,0.0258385093167701,0.9229398615595608,0.0021843627086475,114713861775.36131
2024,BR,BR,not digital,0.0063578696781872,0.9803212656507814,0.0005032268943634,26427433581.939697
2024,BRK-B,BRK-B,not digital,0.0759909336280705,,0.0186113795575252,977394099230.2344
2024,BRO,BRO,not digital,0.0170655567117585,0.9818873495344084,0.0005555158228406,29173435832.37793
2024,BSX,BSX,not digital,0.0471726279333611,0.9163853280873208,0.0025067150207556,131642496579.34276
2024,BWA,BWA,not digital,0.0476359505892375,0.7445151147002073,0.0001323878645214,6952473200.22583
2024,BX,BX,not digital,0.0046416589972099,0.988352439476764,0.0039821198262173,209124767379.1504
2024,BXP,BXP,not digital,,0.19301241557402,0.0002497369494439,13115170747.650146
2024,C,C,not digital,0.080523277421273,0.987168420851316,0.0025349597005247,133125792498.14648
2024,CAG,CAG,not digital,0.0335233535409203,0.8647800098742708,0.0002522211333204,13245630000.0
2024,CAH,CAH,not digital,0.0024579097204858,0.9439507103122714,0.0005450254090576,28622521887.5885
2024,CARR,CARR,not digital,0.0230810281953215,0.9198192658342914,0.0011662119546893,61244717482.76367
2024,CAT,CAT,not digital,0.0306747519634618,0.8477621803928718,0.0033350112587494,175141252430.70312
2024,CB,CB,not digital,,0.9874263835034152,0.0021208030790828,111375968058.57031
2024,CBOE,CBOE,not digital,0.0148736109415069,0.9848506245907744,0.0003895130433365,20455643761.047363
2024,CBRE,CBRE,not digital,0.00872630112845,0.962514866915474,0.000765045789415,40177099064.7959
2024,CCI,CCI,not digital,0.9166666666666666,0.7990896871945259,0.0007510884614317,39444116860.56152
2024,CCL,CCL,not digital,0.1848846968546421,0.1480318812809589,0.0006206755484908,32595360099.79248
2024,CDNS,CDNS,designs compute,0.0307118922776209,0.9489441284744904,0.001569143776995,82405061040.12402
2024,CDW,CDW,other digital,0.005838456666365,0.986919555264879,0.0004416423946236,23193265665.283203
2024,CE,CE,not digital,0.0423646279703934,0.7691128820387074,0.0001440607054771,7565483419.921875
2024,CEG,CEG,not digital,0.1352562750474583,0.5987794278804368,0.0013323404085203,69969109459.55615
2024,CF,CF,not digital,0.0872641509433962,0.4998514777959305,0.0002827215173049,14847386346.89331
2024,CFG,CFG,not digital,,0.9959773998832296,0.0003672232569905,19285074670.218018
2024,CHD,CHD,not digital,0.0294411422770218,0.8951154439328612,0.0004884943537168,25653740355.69763
2024,CHRW,CHRW,not digital,0.0024579097204858,0.9759926809094728,0.0002325568289472,12212940563.926697
2024,CHTR,CHTR,other digital,1.2757376207139122,0.7139514731369151,0.0009280307610486,48736408117.91992
2024,CI,CI,not digital,,0.9765590418331932,0.0014625877539235,76809171285.38672
2024,CINF,CINF,not digital,0.0024579097204858,0.9941371469274816,0.0004277266294782,22462466172.564453
2024,CL,CL,not digital,0.0279090592507835,0.7244173002617476,0.0014143224550869,74274473729.26367
2024,CLX,CLX,not digital,0.0309684684684684,0.7713441140671188,0.0003828032501728,20103272663.29956
2024,CMCSA,CMCSA,other digital,0.0984474383945818,0.7650435181115731,0.0027345990605439,143610041226.39017
2024,CME,CME,not digital,0.0153341707313094,0.9971901896731103,0.0015935516225994,83686862004.6875
2024,CMG,CMG,not digital,0.0524669182107987,0.7403271531556628,0.0015645568273497,82164173066.02637
2024,CMI,CMI,not digital,0.0354231423376928,0.7984781230183894,0.0009106120102081,47821646037.29248
2024,CMS,CMS,not digital,,0.2354955456570155,0.0003791995350109,19914020172.70972
2024,CNC,CNC,not digital,0.0044259647434796,0.9749287403723694,0.0005823893072952,30584722139.79541
2024,CNP,CNP,not digital,0.5277128157156221,0.2668387863279108,0.0003937718052949,20679296650.143063
2024,COF,COF,not digital,0.2035502958579881,0.990796582228896,0.0012954327458535,68030868847.38281
2024,COO,COO,not digital,0.1081275350413308,0.8489265298168117,0.0003493732732124,18347665986.3479
2024,COP,COP,not digital,,0.2315035021990552,0.0024427316401528,128282349178.30078
2024,COR,COR,not digital,0.0024579097204858,0.9674909715730312,0.0008356200850537,43883374566.91016
2024,COST,COST,not digital,0.0185102946320145,0.5842534118085091,0.0077449123025877,406731352730.0625
2024,CPAY,CPAY,not digital,0.0440739910466214,0.9789661776493008,0.0004492273657371,23591597556.06079
2024,CPB,CPB,not digital,0.0536529680365296,0.8229077781424352,0.0002377336255061,12484804903.374756
2024,CPRT,CPRT,not digital,0.1206068792583499,0.6231695619383741,0.0010529540351351,55296871331.90918
2024,CPT,CPT,not digital,,,0.0002357239201683,12379263337.669373
2024,CRL,CRL,not digital,0.0575228722843444,0.7869367038837886,0.0001797500485343,9439742832.110596
2024,CRM,CRM,other digital,0.0173637683071645,0.9630445889223926,0.0060925081953262,319953797149.6582
2024,CRWD,CRWD,other digital,0.0644603533365843,0.9066922239006276,0.0016048036994038,84277775399.29785
2024,CSCO,CSCO,other digital,0.0124528372023864,0.9832011124239428,0.0045072585033631,236702918839.30664
2024,CSGP,CSGP,not digital,0.2116228070175438,0.8903532461920709,0.0005588595517167,29349034898.68164
2024,CSX,CSX,not digital,0.1739339752407152,0.1661678046955382,0.0011849757007106,62230113250.120605
2024,CTAS,CTAS,not digital,0.0395432149591965,0.8326754694744153,0.0014037398442336,73718717968.62793
2024,CTSH,CTSH,other digital,0.0150486420753952,0.950215366122408,0.0007260436751348,38128866356.56738
2024,CTVA,CTVA,not digital,0.0353087295954577,0.8995958358848745,0.0007490873212745,39339025103.37744
2024,CVS,CVS,not digital,0.0074595838619775,0.9486878739411172,0.0010756738431239,56490023413.6875
2024,CVX,CVX,not digital,0.0850403797036409,0.4247678428258957,0.00491732824611,258238117000.9922
2024,CZR,CZR,not digital,0.1152512227656736,0.5455047560601411,0.0001352176341044,7101081210.9375
2024,D,D,not digital,,0.3276180247034126,0.0008615086757216,45242938250.94141
2024,DAL,DAL,not digital,0.0833833525298898,0.5012073449026164,0.0007433838501149,39039501952.0
2024,DD,DD,not digital,0.0424170263432058,0.9057211485970084,0.0006068456320113,31869069030.496487
2024,DE,DE,not digital,0.0317116559672055,,0.0021910744313514,115066334204.7246
2024,DECK,DECK,not digital,0.0172839362549672,0.903647141405144,0.0005875137758262,30853838423.64502
2024,DELL,DELL,other digital,0.027750164805843,0.921681318948932,0.0015370741531367,80720894585.57812
2024,DG,DG,not digital,0.0322534735036482,0.802318390317627,0.0003175186263878,16674789252.883911
2024,DGX,DGX,not digital,0.0430510534846029,0.8691883860583174,0.0003206310092959,16838238968.12439
2024,DHI,DHI,not digital,0.0044916769470726,0.9852926105754716,0.0008541846853884,44858312011.26172
2024,DHR,DHR,not digital,0.0583036649214659,0.935647777978386,0.00315710294991,165798230290.6084
2024,DIS,DIS,other digital,0.0592375302371909,0.8112262319143406,0.0038397516704698,201648169799.9248
2024,DLR,DLR,not digital,,0.4673397548464327,0.0011416889374303,59956868170.456055
2024,DLTR,DLTR,not digital,0.0740359106900909,0.8264535609689649,0.0003071222304751,16128812744.966797
2024,DOC,DOC,not digital,1.2757376207139122,0.2059784569913465,0.0002699696509247,14177710092.3396
2024,DOV,DOV,not digital,0.0216285783889276,0.9210239536467676,0.0004900839602448,25737220037.35352
2024,DOW,DOW,not digital,0.0684293827390373,0.6160664433277498,0.0005349745960695,28094693991.938965
2024,DPZ,DPZ,not digital,0.0239853425621534,0.8266109695206656,0.0002769599127649,14544810266.381836
2024,DRI,DRI,not digital,0.0533755082100242,0.6304601254084606,0.0004177031798,21936075286.865234
2024,DTE,DTE,not digital,,0.3675428898988658,0.0004761876984989,25007444784.0
2024,DUK,DUK,not digital,0.4086522462562396,0.3473004083866847,0.0015847989525453,83227207305.96045
2024,DVA,DVA,not digital,0.0433413314293963,0.8298599709301586,0.0002368995936068,12441004933.874512
2024,DVN,DVN,not digital,0.2289716690746906,0.1796713568828102,0.0004094058965032,21500335651.93506
2024,DXCM,DXCM,not digital,0.0889660302504339,0.7933688025291079,0.0005784257549465,30376572460.958496
2024,EBAY,EBAY,other digital,0.0445395312651949,0.9347792408985284,0.0005821166718096,30570404430.886963
2024,ECL,ECL,not digital,0.0631773539837625,0.8323908557339266,0.0012725917090061,66831350318.08984
2024,ED,ED,not digital,,0.2607210679969388,0.0005886678759198,30914447075.356445
2024,EFX,EFX,not digital,0.0900353804720916,0.8391159412895216,0.0006015158012603,31589167956.54297
2024,EG,EG,not digital,,,0.0002966341814707,15578022988.75122
2024,EIX,EIX,not digital,0.3242797886243536,0.3076105119246544,0.0005885842591042,30910055859.654297
2024,EL,EL,not digital,0.0420214993717716,0.8553305346680814,0.0005125333422706,26916170445.385254
2024,ELV,ELV,not digital,0.0070956042279858,0.9602015587437654,0.0016291509895239,85556396235.6543
2024,EMN,EMN,not digital,0.063845661905777,0.6309077762440018,0.000201561184053,10585175124.62616
2024,EMR,EMR,not digital,0.0239538074548364,0.9365592369931746,0.0013441143096534,70587426949.50049
2024,ENPH,ENPH,not digital,0.0252588916124153,0.9546065515454464,0.000176692053566,9279149350.671389
2024,EOG,EOG,not digital,,0.2749544356376892,0.001312841768992,68945120068.59668
2024,EPAM,EPAM,not digital,0.0067991556576437,0.9562849846741576,0.0002525442383303,13262598163.43994
2024,EQIX,EQIX,not digital,0.350480109739369,0.4513609804759869,0.001732383722986,90977760311.40137
2024,EQT,EQT,not digital,0.4273804171157048,0.202922050084791,0.0005329005233719,27985772113.80371
2024,ERIE,ERIE,not digital,0.0328962363459341,,0.0004104556806095,21555466051.474
2024,ES,ES,not digital,0.3796479350607534,,0.000400687218028,21042466052.93701
2024,ESS,ESS,not digital,,0.1260463378233333,0.0003619905781194,19010275618.59741
2024,ETN,ETN,not digital,0.0324784950558726,0.9028425523045256,0.0025034802395171,131472619000.67969
2024,ETR,ETR,not digital,0.4072794887190729,0.993459425980836,0.0006191040044975,32512828989.135742
2024,EVRG,EVRG,not digital,0.4096136315826379,0.2277175276701329,0.0002695376398508,14155022624.542236
2024,EW,EW,not digital,0.0464013236510708,0.8708570465634646,0.0008314217162292,43662893280.0293
2024,EXC,EXC,not digital,0.3081900295292687,0.2746418763452831,0.0007201965901277,37821801188.94043
2024,EXPD,EXPD,not digital,0.003817361703653,0.9054773435794364,0.0002952463754424,15505141050.109863
2024,EXPE,EXPE,not digital,0.055218756847564,0.8922190459174558,0.0004423160507122,23228643348.2666
2024,EXR,EXR,not digital,1.2757376207139122,0.998013452669853,0.0006283030544767,32995925749.39746
2024,F,F,not digital,0.0469425704895346,0.8529853153620668,0.0007492100190403,39345468691.92871
2024,FANG,FANG,not digital,,0.1260463378233333,0.0009108959441263,47836557094.00781
2024,FAST,FAST,not digital,0.030015902464882,0.7750957854406131,0.0007844520199112,41196235508.53125
2024,FCX,FCX,not digital,0.1910286463506694,0.2978048424737456,0.0010419369521545,54718298858.9375
2024,FDS,FDS,not digital,0.0388918847273968,0.9796517420296718,0.0003474232906361,18245260817.62696
2024,FDX,FDX,not digital,0.0461183267747878,0.523130322847587,0.0012902485150514,67758614091.66529
2024,FE,FE,not digital,0.2991389548693586,,0.0004365510561633,22925889238.248047
2024,FFIV,FFIV,other digital,0.0107992557135349,0.9731083391353365,0.0002806745698149,14739888974.551392
2024,FICO,FICO,other digital,0.0051725563397584,0.9776090818704872,0.0009230524199719,48474965854.748535
2024,FIS,FIS,not digital,0.0095783548928606,0.9808785223774568,0.0008279933514648,43482849480.46143
2024,FITB,FITB,not digital,,0.9883762979800588,0.0005344839922903,28068929473.117188
2024,FMC,FMC,not digital,0.0159911448152422,0.9270850317077566,0.000115551163938,6068278036.193848
2024,FOXA,FOXA,other digital,0.0203067484662576,0.9228108501729474,0.0004101895612027,21541490540.571777
2024,FRT,FRT,not digital,,0.1260463378233333,0.0001824606250879,9582091308.792114
2024,FSLR,FSLR,other digital,0.362808166533493,0.5534871487247863,0.0003592795324925,18867902508.08716
2024,FTNT,FTNT,other digital,0.0636186574431646,0.8617754606631091,0.0013789047807823,72414481257.0918
2024,FTV,FTV,not digital,0.021098287142542,0.9863129624296988,0.0004954909768909,26021174601.172817
2024,GD,GD,not digital,0.0191969150808952,0.8842698639942734,0.0013796111522093,72451577016.83594
2024,GDDY,GDDY,other digital,0.0058164961077582,0.9810088156009422,0.0005276297513292,27708972563.45703
2024,GE,GE,not digital,0.0266652886155754,,0.0034373401396567,180515149839.5684
2024,GEHC,GEHC,not digital,0.020384302562017,,0.0006801426461302,35718330653.98657
2024,GEN,GEN,other digital,0.0038119440914866,0.995441018172608,0.0003213154680412,16874183962.783812
2024,GEV,GEV,not digital,0.0252755116645198,,0.0017265336197685,90670536639.6172
2024,GILD,GILD,not digital,0.018188773735828,0.9082295109755064,0.0021920574602018,115117958889.22266
2024,GIS,GIS,not digital,0.0320887173750166,0.8772191840457072,0.0006693586621048,35151999591.85352
2024,GL,GL,not digital,0.0122956302529443,0.990223200220139,0.0001782612602681,9361557716.28186
2024,GLW,GLW,other digital,,0.518334234721471,0.0007747562533986,40687053212.42139
2024,GM,GM,not digital,0.0631096814796685,,0.001115388814894,58575692503.35693
2024,GNRC,GNRC,not digital,0.0318292094154476,0.8649484638986983,0.0001756620271833,9225056546.57135
2024,GOOGL,GOOGL,operates compute,0.1500922809684073,0.6201361003517999,0.0442755453738414,2325171901139.1406
2024,GPC,GPC,not digital,0.0241558909690044,0.8988336957911247,0.000309122212029,16233843657.01294
2024,GPN,GPN,not digital,0.0872440043071521,0.9696894802555456,0.0005430486394961,28518709975.154297
2024,GRMN,GRMN,not digital,0.0307406672772313,0.8715663223829807,0.0007541914608897,39607073795.095215
2024,GS,GS,not digital,,0.9952123305162616,0.0034227922137339,179751151829.15625
2024,GWW,GWW,not digital,0.0315121155638397,0.781741986634953,0.0009774641340633,51332448187.93945
2024,HAL,HAL,not digital,0.0628486750348675,0.800171962324618,0.0004548422842936,23886470284.210693
2024,HAS,HAS,not digital,0.0210857211945351,0.9522735517246818,0.0001485168195602,7799500441.433838
2024,HBAN,HBAN,not digital,0.0974114441416893,0.9947803946530872,0.0004500960838507,23637219104.72364
2024,HCA,HCA,not digital,0.0690480574479838,0.5057550451161932,0.0014476955006966,76027090602.79785
2024,HD,HD,not digital,0.02184761212182,0.6582516660133282,0.0073579234035611,386408266781.1094
2024,HIG,HIG,not digital,0.0994513031550068,0.9890257918607956,0.0006038942935827,31714076717.53857
2024,HII,HII,not digital,0.0318162115301257,0.7158388930071657,0.0001408003706165,7394263868.765259
2024,HLT,HLT,not digital,0.0085913728297834,0.975124076988258,0.0011473214657665,60252665692.74902
2024,HON,HON,not digital,0.0250885733214275,0.940728230225012,0.0027969467422916,146884288363.87518
2024,HPE,HPE,other digital,0.0785673980150695,0.920518649490612,0.00053473853507,28082297026.5586
2024,HPQ,HPQ,other digital,0.0110532310162624,0.9269838883459872,0.0005826868954913,30600350263.756348
2024,HRL,HRL,not digital,0.0215120683625432,0.8366377170689487,0.0003279487693681,17222538019.79004
2024,HSIC,HSIC,not digital,0.0116783713406454,0.948032883147387,0.0001642915419031,8627924819.503784
2024,HST,HST,not digital,,0.1641630901287554,0.000233205159638,12246988259.830078
2024,HSY,HSY,not digital,0.0540910349989104,0.7328423468823833,0.0006525413349164,34268821839.87696
2024,HUBB,HUBB,not digital,0.0320511681620325,0.8938913795873067,0.0004280992850659,22482036531.188965
2024,HUM,HUM,not digital,0.1297675468291582,0.945523784935132,0.0005817181487647,30549475618.423466
2024,HWM,HWM,not digital,0.0432032301480484,0.7731723547865766,0.000846081503815,44432765810.86914
2024,IBM,IBM,other digital,0.0167003967937787,0.9582212502278112,0.0038705335715996,203264710284.43555
2024,ICE,ICE,not digital,0.0345208740753337,,0.0016291837216148,85558115192.1914
2024,IDXX,IDXX,not digital,0.0310254973439411,0.7834718864118796,0.0006446502143308,33854412221.67383
2024,IEX,IEX,not digital,0.0199155653450807,0.931745066935496,0.0003017774793102,15848128111.443848
2024,IFF,IFF,not digital,0.0403169627307558,0.8698255753229119,0.0004116448020145,21617913880.27954
2024,INCY,INCY,not digital,,0.8597784995082951,0.0002533770764639,13306335441.207886
2024,INTC,INTC,fabricates compute,0.4509142953993333,0.4507519657989159,0.0016466551831828,86475645426.24219
2024,INTU,INTU,other digital,0.0117285845870432,0.9685982820863936,0.003349989130908,175927829472.0
2024,INVH,INVH,not digital,,0.9977164797661894,0.0003729346512546,19585013910.87683
2024,IP,IP,not digital,0.0581622987053994,0.6528070175438596,0.0003560347261941,18697498453.97949
2024,IQV,IQV,not digital,0.0390782213567023,0.9801107847875384,0.0006791569139768,35666564002.99072
2024,IR,IR,not digital,0.0206081548030407,0.9532421237326344,0.0006941980832357,36456465151.03149
2024,IRM,IRM,not digital,0.291315530034672,0.5922662760794064,0.0005873565351013,30845580779.11377
2024,ISRG,ISRG,not digital,0.1330443840471258,0.7520914251568569,0.0035400909037729,185911202841.8789
2024,IT,IT,other digital,,0.97153165013625,0.0007115793049258,37369256353.038086
2024,ITW,ITW,not digital,0.027487734306202,0.8648702462334904,0.0014257817100376,74876267279.05273
2024,IVZ,IVZ,not digital,0.0113894840942805,0.9822651052060616,0.0001495966926886,7856210994.262695
2024,J,J,not digital,0.0105307904805354,0.9731584432526392,0.0003155451688611,16571151275.071106
2024,JBHT,JBHT,not digital,0.0715941420364875,0.3106817993159509,0.0003276652392545,17207648169.25049
2024,JBL,JBL,other digital,0.0271439947373887,0.8257160970549248,0.0003060522557916,16072622018.28003
2024,JCI,JCI,not digital,0.021523178807947,0.943717062887926,0.0009952457057482,52266264146.40283
2024,JKHY,JKHY,not digital,0.0224638022841861,0.9264590879544096,0.0002435406225031,12789764811.454102
2024,JNJ,JNJ,not digital,0.0498080408912306,0.8860769333274108,0.0066301775043714,348190006527.5625
2024,JPM,JPM,not digital,,,0.012850673016438,674865177972.5391
2024,KDP,KDP,not digital,0.0366751351703472,0.9445255474452556,0.0008296371307027,43569174092.91504
2024,KEY,KEY,not digital,0.039561777236762,0.9967195247050776,0.0003235320557755,16990590152.088867
2024,KEYS,KEYS,other digital,0.0309299056035348,0.9164958463696192,0.0005296825754107,27816778550.53125
2024,KHC,KHC,not digital,0.0396192834481157,0.9189914709979952,0.0007070921856953,37133611067.05176
2024,KIM,KIM,not digital,,0.1723082678512977,0.0003007414222003,15793718598.033203
2024,KKR,KKR,not digital,,,0.0025990405377611,136491057925.94728
2024,KLAC,KLAC,compute equipment,0.027579346178506,0.9280809114367996,0.0016049384620786,84284852587.89062
2024,KMB,KMB,not digital,0.042903897649509,0.6202103227366131,0.0008321258421081,43699871112.706055
2024,KMI,KMI,not digital,0.1949862790180227,0.4676572324842102,0.0011591325025998,60872933398.91162
2024,KMX,KMX,not digital,0.0177563046893379,0.8652219965461374,0.0002396133120298,12583518408.78296
2024,KO,KO,not digital,0.0438579715688149,0.8975325463206993,0.0051070898248052,268203624754.14062
2024,KR,KR,not digital,0.0273036846720091,0.5004455004455004,0.0008435754615492,44301158644.648926
2024,KVUE,KVUE,not digital,0.0280815270139113,0.927776258739893,0.0007794490990446,40933502414.57666
2024,L,L,not digital,0.2184583477359142,0.868957690101656,0.0003492635921313,18341905981.23242
2024,LDOS,LDOS,not digital,0.0089888996138996,,0.0003660290097671,19222357654.23584
2024,LEN,LEN,not digital,0.0048390511765714,0.9875051258350293,0.0007017781471793,36854539337.1702
2024,LH,LH,not digital,0.0376588335677882,0.8343000163229773,0.0003652255645156,19180163971.3125
2024,LHX,LHX,not digital,0.0191324736225087,,0.0007594529683744,39883386808.47168
2024,LII,LII,not digital,0.030629247561455,0.7695431764502564,0.0004133083421555,21705276255.145264
2024,LIN,LIN,not digital,0.1362520830177246,0.6908805070682621,0.0037960489997973,199353082952.44336
2024,LKQ,LKQ,not digital,0.0224987339940678,0.9057840187228352,0.0001819167652886,9553530000.0
2024,LLY,LLY,not digital,,0.7827351838912533,0.0132202131823968,694271927296.0
2024,LMT,LMT,not digital,0.023718029925538,0.8431055252890303,0.0021933300924067,115184792366.21877
2024,LNT,LNT,not digital,,0.1766751783041296,0.0002889649326801,15175265176.504396
2024,LOW,LOW,not digital,0.0230298539570236,0.5776289029788253,0.0026769483998008,140582462563.9453
2024,LRCX,LRCX,compute equipment,0.0411804536127971,0.8863690099957705,0.0017697031761043,92937626486.37305
2024,LULU,LULU,not digital,0.0650948052563787,0.782032732646817,0.000873057389193,45849429799.072266
2024,LUV,LUV,not digital,0.0747371102135865,0.4353777777777777,0.0003839435790436,20163158106.291748
2024,LVS,LVS,not digital,0.1386971145335457,0.4196748282202651,0.0007090672795993,37237334980.76074
2024,LW,LW,not digital,0.0989257979011982,0.5136690647482014,0.0001815200810951,9532697756.543455
2024,LYB,LYB,not digital,0.0550697730131161,0.578526268673418,0.000459283420066,24119700705.652344
2024,LYV,LYV,other digital,0.0279255688412642,0.8756606510661996,0.0005686382328867,29862571536.0
2024,MA,MA,not digital,0.0168282032165299,0.9555333707701588,0.0092029631433567,483302263754.7149
2024,MAA,MAA,not digital,,0.1260463378233333,0.0003530661293402,18541599798.583984
2024,MAR,MAR,not digital,0.0298804780876494,0.929990069513406,0.0014760370147848,77515471866.92969
2024,MAS,MAS,not digital,0.0214614205416453,0.777511961722488,0.0002981362262647,15656904283.598633
2024,MCD,MCD,not digital,0.1070601851851851,0.5416077706498497,0.0039557701922719,207740991573.8437
2024,MCHP,MCHP,fabricates compute,0.0286259541984732,0.9247410730035532,0.0005864414031285,30797521762.9878
2024,MCK,MCK,not digital,0.0024579097204858,0.9656598905742628,0.0013775697715333,72344371990.9668
2024,MCO,MCO,not digital,0.0447234762979684,0.9576910673976136,0.0016335863121079,85789321372.04297
2024,MDLZ,MDLZ,not digital,0.0380615241074613,0.8615851789129451,0.0015208783936042,79870359043.56299
2024,MDT,MDT,not digital,0.0554313146673823,0.9318633933830476,0.0019504425660361,102429325512.3252
2024,MET,MET,not digital,,0.998013452669853,0.0010795835448807,56695345078.05176
2024,META,META,operates compute,0.2264788663898699,0.5604265832047353,0.0281460094686122,1478114155185.0625
2024,MGM,MGM,not digital,0.0667373914223709,0.8532815465527767,0.0001964487616462,10316691454.315186
2024,MHK,MHK,not digital,0.0419308104716293,0.6404114160091077,0.0001431877681564,7519640295.632172
2024,MKC,MKC,not digital,0.0408852268840073,0.8918923054558809,0.0003896089560368,20460680706.69556
2024,MKTX,MKTX,not digital,0.0121674660413635,0.940030717364477,0.0001622879122264,8522702322.857666
2024,MLM,MLM,not digital,0.1510067114093959,0.4683544303797469,0.0006011031778476,31567498650.0
2024,MMM,MMM,not digital,0.048056968463886,0.8146884719574596,0.0013385862598881,70297116217.60547
2024,MNST,MNST,not digital,0.0352441286589403,0.8643591232074148,0.0019466718929835,102231305071.10596
2024,MO,MO,not digital,0.0059122324922974,0.9540324643943484,0.0016875183986796,88621615615.00488
2024,MOH,MOH,not digital,0.002460024600246,0.9815738963531668,0.0003170096390035,16648059301.757812
2024,MOS,MOS,not digital,0.1125436041284568,0.4175274821148141,0.0001486732185056,7807713879.12561
2024,MPC,MPC,not digital,0.0182408687636824,0.5558091759872175,0.0008537172534604,44833764384.0
2024,MPWR,MPWR,fabricates compute,0.0662036156041864,0.8592235329319857,0.0005496069647934,28863126595.458984
2024,MRK,MRK,not digital,0.052549557411794,0.7969446484381671,0.0047918515312646,251648589325.11328
2024,MRNA,MRNA,not digital,0.3247836835599506,0.8447178616885872,0.0003046833468771,16000732479.342772
2024,MS,MS,not digital,,,0.0038567328186741,202539950766.6016
2024,MSCI,MSCI,not digital,0.0118208987832478,0.9869826840407174,0.0008954150251934,47023562078.30469
2024,MSFT,MSFT,operates compute,0.2291285087532478,0.7352581111872587,0.0596733467463695,3133801920000.0
2024,MSI,MSI,other digital,0.0237588980308773,0.9299760191846522,0.0014709502945092,77248337968.20605
2024,MTB,MTB,not digital,,0.991807020494462,0.0005940064020341,31194804794.48877
2024,MTCH,MTCH,not digital,0.0145365271271576,0.9645774492243332,0.0001563941649409,8213186641.799316
2024,MTD,MTD,not digital,0.0268306596414952,0.7622591858824648,0.0004917164747056,25822953069.4458
2024,MU,MU,fabricates compute,0.3339572298992473,0.4273798547885213,0.0017855254853169,93768549933.65234
2024,NCLH,NCLH,not digital,0.1277422554902074,0.1581968402204707,0.0002154333818813,11313686638.717651
2024,NDAQ,NDAQ,not digital,0.0279729729729729,0.9804902122059548,0.0008461153031312,44434540813.74219
2024,NDSN,NDSN,not digital,0.0239449411339589,0.9092467779354192,0.0002271696568109,11930028153.198242
2024,NEE,NEE,not digital,,0.2697534500168294,0.0028072109145169,147423321020.5078
2024,NEM,NEM,not digital,0.1821004175141847,0.404656693109017,0.0008068619141114,42373112176.26953
2024,NFLX,NFLX,other digital,0.0112699259808077,0.9702825865059228,0.0072549756077615,381001866474.6582
2024,NI,NI,not digital,0.4948039902326374,0.1992632463091533,0.0003267349956315,17158795550.606934
2024,NKE,NKE,not digital,0.0092854520719514,0.8688008396746261,0.0021447733590656,112634789853.03516
2024,NOC,NOC,not digital,0.0430629005922062,0.7865434875098767,0.0013019515799334,68373211549.27246
2024,NOW,NOW,other digital,0.0775673707210488,0.9135063533336604,0.004164845380615,218720771699.78027
2024,NRG,NRG,not digital,0.0170102349718898,,0.0003479991910089,18275504767.27295
2024,NSC,NSC,not digital,0.1964035304792543,0.179730781557621,0.0010110935256129,53098527309.57031
2024,NTAP,NTAP,other digital,0.0255629945222154,0.9389096793769596,0.000473036066779,24841933880.49853
2024,NTRS,NTRS,not digital,0.0214687592537755,0.9968471156542026,0.0003868795808098,20317345000.0
2024,NUE,NUE,not digital,0.1032407106136526,0.6098114319387153,0.0005218420137411,27405024081.342285
2024,NVDA,NVDA,designs compute,0.0247975049234848,0.9404515579357352,0.0649845540084508,3412724963920.625
2024,NVR,NVR,not digital,0.0027756243325679,,0.0004771726003862,25059167832.79297
2024,NWS,NWS,other digital,0.0481542830099384,0.9237592903380484,0.0003084850959949,16200384909.350098
2024,NXPI,NXPI,fabricates compute,0.0576343745045187,0.8660241952019684,0.0010059103154037,52826326151.24512
2024,O,O,not digital,,0.2603480329254989,0.0008901110684794,46745019803.7334
2024,ODFL,ODFL,not digital,0.1326471544212106,0.1795470914039146,0.0007171355139884,37661045896.91162
2024,OKE,OKE,not digital,0.09314222508987,0.2830385990104418,0.0011149678072895,58553582893.09717
2024,OMC,OMC,other digital,0.0089616357853541,0.972157984112462,0.0003217918823484,16899203308.139648
2024,ON,ON,fabricates compute,0.0979907657117038,0.6904569262871013,0.0005112066893698,26846500020.74268
2024,ORCL,ORCL,operates compute,0.3696057422603181,0.8472364090341619,0.0088751226641173,466085412692.8711
2024,ORLY,ORLY,not digital,0.0612495607768965,0.6236569442156943,0.001303548222071,68457060712.57782
2024,OTIS,OTIS,not digital,0.0088352850431246,0.9380523153057616,0.0007044353094571,36994082712.93164
2024,OXY,OXY,not digital,0.2757815940114487,0.2291766633506934,0.0008828467312135,46363526300.98023
2024,PANW,PANW,other digital,0.0195328558081594,0.981936781235462,0.0022736364528929,119402156405.63963
2024,PAYC,PAYC,not digital,0.1024320305862361,,0.0002250550999352,11818980210.388184
2024,PAYX,PAYX,not digital,0.035452865064695,0.9603490287101156,0.0009613849634241,50488035421.29004
2024,PCAR,PCAR,not digital,0.0249140025784373,0.908205873479061,0.0010384996828257,54537787427.79639
2024,PCG,PCG,not digital,0.4246283631598345,0.3398997456232231,0.0008428875097552,44265030209.24609
2024,PEG,PEG,not digital,0.342313145635001,,0.0008015666901375,42095028509.75659
2024,PEP,PEP,not digital,0.0578962266205064,0.7184191741984779,0.0039725994997762,208624798483.375
2024,PFE,PFE,not digital,0.0457195844531409,0.9138081313614126,0.0028628498247596,150345250713.61328
2024,PFG,PFG,not digital,,0.997547053594998,0.0003371486898938,17705680497.61963
2024,PG,PG,not digital,0.04476531726069,0.8189752390291738,0.0075181447531933,394822441625.97656
2024,PGR,PGR,not digital,0.0037812450246775,0.9925291975979952,0.0026728299059121,140366175984.43066
2024,PH,PH,not digital,0.0219143576826196,0.901836302819305,0.0015589511447169,81869785371.09375
2024,PHM,PHM,not digital,0.0066053006221112,0.9854238392910568,0.0004252695458061,22333430112.930298
2024,PKG,PKG,not digital,0.079885009483139,0.5427478150613594,0.0003849836169501,20217776674.98047
2024,PLD,PLD,not digital,,0.997772784748853,0.0018641328980991,97896692136.73828
2024,PLTR,PLTR,other digital,0.0044089928937531,0.9937488211422888,0.0032806544519144,172286653603.71094
2024,PM,PM,not digital,0.0381223929457732,0.8816845785316587,0.0035631806456697,187123782350.71777
2024,PNC,PNC,not digital,,0.9845153364593116,0.0014570738895859,76519605514.57129
2024,PNR,PNR,not digital,0.0182227882825511,0.9443418909485768,0.0003166438308823,16628848544.270996
2024,PNW,PNW,not digital,0.4388745959689087,0.3551055903666892,0.0001835318676309,9638348618.31665
2024,PODD,PODD,not digital,0.0602915620776211,0.765812740875085,0.000348707522274,18312703449.75586
2024,POOL,POOL,not digital,0.0111987434270271,0.9253829363241438,0.000247061028881,12974642262.908936
2024,PPG,PPG,not digital,0.0455033133480593,0.821746513662327,0.0005342775427841,28058087583.1604
2024,PPL,PPL,not digital,0.3321885362387494,0.1928461856875015,0.0004561377903876,23954505005.0083
2024,PRU,PRU,not digital,,,0.0008120926013848,42647806637.26367
2024,PSA,PSA,not digital,,0.1260463378233333,0.0009988738650353,52456800343.21289
2024,PSX,PSX,not digital,,0.5141495136535229,0.0008959534123209,47051835984.59424
2024,PTC,PTC,other digital,0.0062554601491773,0.988221742725277,0.0004205983646804,22088118643.432617
2024,PWR,PWR,not digital,0.0255178148587862,0.8554756840303205,0.0008883544779095,46652770798.0957
2024,PYPL,PYPL,not digital,0.0214800138377834,0.9808447126071768,0.0016293489097309,85566790201.44531
2024,QCOM,QCOM,designs compute,0.0267183409475899,0.9154186459730936,0.0032765534447687,172071285356.95312
2024,RCL,RCL,not digital,0.1982528512496967,0.1413272187752899,0.0011811037906449,62026776251.953125
2024,REG,REG,not digital,,0.998013452669853,0.0002555160207907,13418664113.950928
2024,REGN,REGN,not digital,0.0532248979017039,0.8781839753809647,0.0015041471157849,78991700255.12695
2024,RF,RF,not digital,,0.9893644073184066,0.0004070474896082,21376481696.04492
2024,RJF,RJF,not digital,0.0137371842122897,0.992348660111818,0.0006035178795564,31694308980.97754
2024,RL,RL,not digital,0.0305410368696143,0.87120225365765,0.0002731259302401,14343465068.68744
2024,RMD,RMD,not digital,0.0174619685068593,0.9202570457980144,0.0006392492899404,33570777598.38867
2024,ROK,ROK,not digital,0.0272265246853823,0.9308226495726496,0.0006151218430478,32303702035.858154
2024,ROL,ROL,not digital,0.0081364342988537,0.9557260625705972,0.0004274423247081,22447535640.20923
2024,ROP,ROP,other digital,,0.9952225488037224,0.0010614490120311,55742993032.10449
2024,ROST,ROST,not digital,0.0340809568020474,0.7530157986907653,0.0009732321012158,51110199003.2334
2024,RSG,RSG,not digital,0.1157060878243513,0.6334485525584841,0.001199634179845,62999917066.40625
2024,RTX,RTX,not digital,0.0325125715276573,0.901210234494446,0.0029329311941035,154025639727.8203
2024,RVTY,RVTY,not digital,0.0314508828591817,0.9610879276929116,0.0002586483303169,13583160294.281006
2024,SBAC,SBAC,not digital,1.2757376207139122,0.7554522350923193,0.0004172673586271,21913187728.134155
2024,SBUX,SBUX,not digital,0.0767769970311973,0.7234941431365729,0.001970054109507,103459244160.0
2024,SCHW,SCHW,not digital,0.0316229725594205,0.9930435579970948,0.0025797833673071,135479749510.49805
2024,SHW,SHW,not digital,0.0463233543303677,0.8504946556874826,0.0016302171322964,85612385725.9336
2024,SJM,SJM,not digital,0.0451289808734715,0.8484391107691245,0.0002231423473999,11718530212.280272
2024,SLB,SLB,not digital,0.0532117170492435,0.8496168386635332,0.0010309599606763,54141831828.91699
2024,SMCI,SMCI,other digital,0.0057898123442509,0.9578664641039388,0.0003398591086631,17848020688.10962
2024,SNA,SNA,not digital,,0.9312886232397932,0.0003393110311226,17819237880.670166
2024,SNPS,SNPS,designs compute,0.0227664556594307,0.9569355281242808,0.0014286324356561,75025975815.67383
2024,SO,SO,not digital,0.3345912419668211,,0.0017175047540458,90196377265.625
2024,SOLV,SOLV,not digital,0.0460382844681366,0.887805215466556,0.0002173116655095,11412326469.75
2024,SPG,SPG,not digital,0.1266951026845644,0.3459385266618755,0.0012143908258148,63774876206.35986
2024,SPGI,SPGI,not digital,0.0087274774774774,0.9955995416881156,0.0029427009427842,154538707267.06238
2024,SRE,SRE,not digital,0.6951260788627517,0.361062867245593,0.0010579979820603,55561758947.91211
2024,STE,STE,not digital,0.0677882559165054,0.8404529697442004,0.0003863640520955,20290271524.77539
2024,STLD,STLD,not digital,0.1064974039915874,0.4564538765481596,0.0003306917112281,17366586190.978516
2024,STT,STT,not digital,0.0712307692307692,0.9923140074736724,0.0005478864450371,28772771882.51294
2024,STX,STX,other digital,0.0291304825766736,0.7914459232458975,0.0003476497545603,18257153783.569336
2024,STZ,STZ,not digital,0.1189279731993299,0.6969721738927358,0.0007641628137611,40130728768.0
2024,SW,SW,not digital,0.0694490501681747,0.4818208825613016,0.0005334685483079,28015602477.478027
2024,SWK,SWK,not digital,0.0230318176197635,0.9068923378293644,0.0002356965830109,12377827701.141356
2024,SWKS,SWKS,fabricates compute,0.0375777884155098,0.8454359977303731,0.0002700474087825,14181793619.364014
2024,SYF,SYF,not digital,,,0.0004818986352893,25307360000.0
2024,SYK,SYK,not digital,0.0334144722283691,0.9197598380302996,0.002613621981319,137256816146.48438
2024,SYY,SYY,not digital,0.011134324689689,0.7793875667215154,0.0007216026277697,37895640577.91992
2024,T,T,other digital,0.1656339916296102,0.673574893299054,0.0031110811712383,163381353305.70703
2024,TAP,TAP,not digital,0.0490814966907669,0.8288693730504944,0.0002248772363533,11809639537.124634
2024,TDG,TDG,not digital,0.0207808564231738,0.9418431954975376,0.0013569149184783,71259662959.375
2024,TDY,TDY,other digital,0.0147619047619047,0.94752297454315,0.0004118659129036,21629525726.550293
2024,TECH,TECH,not digital,0.0254223599683511,0.907113034775749,0.0002179336499213,11444990566.04004
2024,TEL,TEL,other digital,0.0429157462922057,0.8292202677868207,0.0008144420324244,42771189217.66797
2024,TER,TER,compute equipment,0.0702494432387193,0.8629791890126874,0.0003904996400348,20507455814.432617
2024,TFC,TFC,not digital,,0.993928566049671,0.0010965778885683,57587819017.944336
2024,TFX,TFX,not digital,0.0532124461473828,0.9565420206556462,0.0001574007714187,8266049527.571106
2024,TGT,TGT,not digital,0.0271287277368016,0.4021244309559939,0.001197905192119,62909117650.06641
2024,TJX,TJX,not digital,0.0340312278211497,0.7791037751706055,0.0025860675039442,135809766855.46877
2024,TMO,TMO,not digital,0.0326500151589356,0.9043782945099208,0.003789096531261,198987967529.29688
2024,TMUS,TMUS,other digital,0.1085995085995085,0.8147763597471579,0.0048776609036659,256154949210.17188
2024,TPL,TPL,not digital,,0.9017820227239948,0.0004838401316389,25409319506.54297
2024,TPR,TPR,not digital,0.017501818648637,0.9615789434396064,0.0002898975472318,15224242306.70166
2024,TRGP,TRGP,not digital,0.2097869450810627,0.2054798738458967,0.0007411891826832,38924246928.0
2024,TRMB,TRMB,other digital,0.0091222545000407,0.9801439667801396,0.0003307525923478,17369783420.22705
2024,TROW,TROW,not digital,0.0596876057291079,0.927479216152019,0.0004784063889823,25123961401.14941
2024,TRV,TRV,not digital,,,0.0010413335132719,54686608698.55859
2024,TSCO,TSCO,not digital,0.0526798918863787,0.7218458852366814,0.0005397292260798,28344387858.085205
2024,TSLA,TSLA,other digital,0.1161019551642952,0.7064307364626854,0.0246848979983999,1296350631567.289
2024,TSN,TSN,not digital,0.0212346883265489,0.7454986522911051,0.0003907775163111,20522048748.39331
2024,TT,TT,not digital,0.0186811303444868,0.8995120789012593,0.0015826169192104,83112615773.4375
2024,TTWO,TTWO,other digital,0.0300695825049701,0.9663498923622196,0.0006156115594687,32329419954.222656
2024,TXN,TXN,fabricates compute,0.3081644396138354,0.6804472105663353,0.0032571026610584,171049809159.28223
2024,TXT,TXT,not digital,0.0265654648956356,,0.0002702001026937,14189812483.703611
2024,TYL,TYL,other digital,0.0096056559000057,0.9683832961873664,0.0004699408437212,24679385330.932617
2024,UAL,UAL,not digital,0.0984000140195923,0.4208117921790424,0.0006080793539481,31933859098.17505
2024,UBER,UBER,other digital,0.0055027513756878,0.9619077355397704,0.0024186260922541,127016423662.02832
2024,UDR,UDR,not digital,,0.145467904543263,0.0003105228702888,16307400542.678831
2024,UHS,UHS,not digital,0.0596293831128318,0.5457955075792953,0.0002253705778778,11835547831.21338
2024,ULTA,ULTA,not digital,0.0331506258955878,0.7928276290338323,0.0003840508413153,20168791085.357662
2024,UNH,UNH,not digital,0.0087414247098266,0.9646202535889338,0.0088646392615144,465534866946.7969
2024,UNP,UNP,not digital,0.1423505154639175,0.1384036033375175,0.0026325501682458,138250847682.63086
2024,UPS,UPS,not digital,0.0429230262435489,0.4694020265448837,0.0020490912454744,107609953680.26074
2024,URI,URI,not digital,1.1510590858416945,,0.000880247850116,46227043616.21094
2024,USB,USB,not digital,,,0.0014208302264211,74616235460.66016
2024,V,V,not digital,0.0349885876523965,0.9595391012686354,0.0116536426078765,612002000403.625
2024,VICI,VICI,not digital,,0.998013452669853,0.0005863420524279,30792304267.518555
2024,VLO,VLO,not digital,0.0158375743950231,0.5125949819596628,0.0007390166248414,38810153009.91113
2024,VLTO,VLTO,not digital,0.0105911804352012,0.9581642210427724,0.0004796318839658,25188319422.63794
2024,VMC,VMC,not digital,0.081359451042776,0.505314297740985,0.0006468522173485,33970052480.86548
2024,VRSK,VRSK,not digital,0.0776971926293507,0.8579267005885525,0.0007406084060923,38893746899.17969
2024,VRSN,VRSN,other digital,0.0180428919994863,0.8403839317454674,0.0003787203752105,19888856645.20264
2024,VRTX,VRTX,not digital,0.0270142739176595,0.9455115119024372,0.0019747704691546,103706928222.06444
2024,VST,VST,not digital,0.140776370164623,0.518850939899391,0.0008931946074566,46906954752.82031
2024,VTR,VTR,not digital,0.5137421495914315,0.1369524524966791,0.0004704286513078,24705003005.0708
2024,VTRS,VTRS,not digital,0.0221877382119133,0.9357580197055968,0.0002829654265742,14860195471.540771
2024,VZ,VZ,other digital,,0.717912926846386,0.0032055621136837,168343108846.2041
2024,WAB,WAB,not digital,0.0199287571002214,0.9226285958720992,0.0006205472897331,32588624470.52002
2024,WAT,WAT,not digital,0.0481617178550338,0.8569983936474962,0.000419441852683,22027383328.326416
2024,WBD,WBD,other digital,0.0241092545967803,0.941784621270084,0.0004937549459875,25930005305.75196
2024,WDAY,WDAY,other digital,0.0318493961638645,0.924993921711646,0.0012772293078537,67074898182.67822
2024,WDC,WDC,other digital,0.0432773109243697,0.9024723003142054,0.0003925392654752,20614568662.460083
2024,WEC,WEC,not digital,,0.2685164853726099,0.0005664933109793,29749928944.990723
2024,WELL,WELL,not digital,,0.2031777176800986,0.0014943580435907,78477617923.40039
2024,WFC,WFC,not digital,,0.9946643383276896,0.004453188178229,233863364868.2422
2024,WM,WM,not digital,0.1464442732176041,0.5660466264276258,0.0015422297513491,80991645673.92188
2024,WMB,WMB,not digital,0.2036890436985433,0.2904716496735862,0.0012562437617702,65972822495.7168
2024,WMT,WMT,not digital,0.0352582063575365,0.5609729040130904,0.0139249878631425,731283832411.2891
2024,WRB,WRB,not digital,,0.988204505169044,0.0004246359757622,22300157586.27954
2024,WST,WST,not digital,0.1303055440342873,0.5658999835318659,0.0004517234385519,23722681167.1875
2024,WTW,WTW,not digital,0.0251565869185748,0.9761208048842166,0.0006007908796478,31551098016.35742
2024,WY,WY,not digital,,0.8591557813255927,0.0003948535567258,20736105843.79834
2024,WYNN,WYNN,not digital,0.0589129205392678,0.4975110500777356,0.000180167406957,9461660802.15454
2024,XEL,XEL,not digital,,0.1832940672520882,0.0007383056754106,38772816831.98779
2024,XOM,XOM,not digital,0.0695281548121343,0.3509719389161475,0.0090025965056182,472779821353.125
2024,XYL,XYL,not digital,0.0374912403644008,0.9301521857757836,0.0005367223161653,28186477156.289795
2024,YUM,YUM,not digital,0.0340442442707643,0.8061543035528467,0.0007129321168233,37440300541.99219
2024,ZBH,ZBH,not digital,0.0265412965905243,0.904106190879604,0.0004004153009756,21028186073.22693
2024,ZBRA,ZBRA,other digital,0.0118450110419594,0.9617218875502008,0.0003793367788687,19921227662.963867
2024,ZTS,ZTS,not digital,0.0707649092480553,0.761817798693545,0.0013997332678498,73508308842.1289
2025,A,A,not digital,0.0585780080598733,0.8410465938555827,0.0006290191357659,38575693453.37775
2025,AAPL,AAPL,other digital,0.0305530792169376,0.861279753702946,0.0657870964603919,4034508208011.4746
2025,ABBV,ABBV,not digital,0.0198495748855461,0.957987458942968,0.0065848880841651,403829724274.21375
2025,ABNB,ABNB,other digital,,0.995181916426513,0.0013549167137577,83092626015.478
2025,ABT,ABT,not digital,0.0489758166395957,0.8637343881540254,0.0035557427129096,218062111457.4978
2025,ACGL,ACGL,not digital,0.0022093936711357,,0.0005837468221338,35799290013.01323
2025,ACN,ACN,other digital,0.0086122199141856,0.9760474582596254,0.0027130621189514,166383257153.54517
2025,ADBE,ADBE,other digital,0.0075308174513021,0.9364998643883916,0.0024208975088185,148465753857.42188
2025,ADI,ADI,fabricates compute,0.0484179842531203,0.9309125102161344,0.0021653555284812,132794197083.62286
2025,ADM,ADM,not digital,0.0500080141048244,0.7866155108896906,0.0004505042097927,27627954871.770344
2025,ADP,ADP,not digital,,0.9877195316408496,0.0016991149278541,104201180651.12634
2025,ADSK,ADSK,other digital,0.0059672495142936,0.9891996676820826,0.0010281017926189,63050132080.078125
2025,AEE,AEE,not digital,0.469144220934197,0.1890213714002805,0.0004404542317965,27011622476.856995
2025,AEP,AEP,not digital,0.1591097594691733,0.9935698060457802,0.0010064365828078,61721475375.12921
2025,AES,AES,not digital,0.4846726068830213,0.269471488178025,0.0001665148730235,10211814445.621033
2025,AFL,AFL,not digital,,0.9969863484159012,0.0009616664119938,58975866717.1762
2025,AIG,AIG,not digital,,0.991510288116884,0.0007728281428216,47395031143.73558
2025,AIZ,AIZ,not digital,0.0183779059332152,0.9768060270711167,0.0001981696952014,12153101518.178589
2025,AJG,AJG,not digital,,0.98883464232647,0.00108368009376,66458568144.37866
2025,AKAM,AKAM,other digital,0.1206665597319503,0.796730438394295,0.0002046781188567,12552241928.25
2025,ALB,ALB,not digital,0.1146862961775382,0.474025893522442,0.0002714499441314,16647140344.94751
2025,ALGN,ALGN,not digital,0.0253893219369491,0.8184939489320375,0.0001845646114921,11318746076.928314
2025,ALL,ALL,not digital,0.0033685454679766,0.9947644416239416,0.0008943673382765,54848633871.94107
2025,ALLE,ALLE,not digital,0.0241191945516681,0.9148879146964796,0.0002233610900988,13698007661.679474
2025,AMAT,AMAT,compute equipment,0.0796672306824591,0.8729992561778561,0.0033383337692131,204729129535.0188
2025,AMCR,AMCR,not digital,0.0392240279077682,0.7787190417093832,0.0003139205188359,19251722268.50777
2025,AMD,AMD,designs compute,0.0281185946476514,0.9699451420846008,0.0056853075512853,348661382168.4662
2025,AME,AME,not digital,0.0175984270480289,0.946773753771812,0.0007731889286672,47417156963.74756
2025,AMGN,AMGN,not digital,0.0505564474436069,0.912646545823858,0.0028739519663385,176250107110.35992
2025,AMP,AMP,not digital,0.0085664428110623,0.9961027532162764,0.0007537514431209,46225119327.207214
2025,AMT,AMT,not digital,0.9130179659100952,0.6778577125639338,0.0013405387278717,82210871002.8244
2025,AMZN,AMZN,operates compute,0.1838674671234328,0.5635615286256697,0.0402355597017086,2467515737956.5005
2025,ANET,ANET,designs compute,0.0132693738410118,0.9895570889421348,0.0026905737891911,165004121184.88678
2025,AON,AON,not digital,0.0153076072405564,0.9861767485822306,0.0012407363198562,76090314602.22424
2025,AOS,AOS,not digital,0.0184846744295337,0.7979190530736923,0.0001528185880083,9371865925.522614
2025,APA,APA,not digital,,0.9917797421316368,0.0001427021292808,8751456484.036713
2025,APD,APD,not digital,0.5834032548827395,0.3829004249929979,0.0008965846930326,54984617012.17459
2025,APH,APH,other digital,0.0431527579920934,0.9363742483490586,0.0026973365718564,165418860604.0158
2025,APO,APO,not digital,,,0.0013700706654039,84021968479.12358
2025,APTV,APTV,not digital,0.0321600156878125,0.8388075001067783,0.0002701813764154,16569343221.529757
2025,ARE,ARE,not digital,,0.9979369948830512,0.0001379179465503,8458058150.120899
2025,ATO,ATO,not digital,0.7573005610541055,,0.0004421206345569,27113817526.89514
2025,AVGO,AVGO,designs compute,0.0097515926557828,0.9852126341383584,0.0267575754269192,1640954890772.3386
2025,AVY,AVY,not digital,0.0190841849697927,0.8173421043662019,0.0002292390965307,14058486638.138916
2025,AWK,AWK,not digital,0.6104276508494435,0.1372947350600981,0.0004153257866597,25470576837.0
2025,AXON,AXON,not digital,0.0490218511291093,0.9527193998325504,0.0007356465792302,45114807033.42407
2025,AXP,AXP,not digital,0.058711020724385,0.9796102008985108,0.004197869243962,257441638743.2561
2025,AZO,AZO,not digital,0.0700816744872421,0.6351128506037925,0.0009198219126673,56409679956.0
2025,BA,BA,not digital,0.0328851033388104,0.9086931970160788,0.0027723701842326,170020427496.24988
2025,BAC,BAC,not digital,,0.9963314885257896,0.0066428135151189,407382102160.0
2025,BALL,BALL,not digital,0.0360155003419193,0.6590862528170457,0.0002350642986851,14415727300.363008
2025,BAX,BAX,not digital,0.045624332977588,0.8548990276738968,0.0001601847192653,9823606747.304764
2025,BBY,BBY,not digital,0.0168861384951188,0.8564470301718305,0.0002292976543362,14062077797.497818
2025,BDX,BDX,not digital,0.0347985347985348,0.8735291459557162,0.0009032141253838,55391178491.16339
2025,BEN,BEN,not digital,0.0176154696888503,0.970678101722982,0.0002031091610519,12456022859.738388
2025,BF-B,BF-B,not digital,0.0272403258655804,0.864580756863715,0.0001968348220383,12071238097.799463
2025,BG,BG,not digital,0.1016879131255901,0.7377380524613726,0.0002808660987973,17224602420.81465
2025,BIIB,BIIB,not digital,0.0155501182941378,0.8962142699434433,0.0004209930830789,25818133655.13965
2025,BKNG,BKNG,other digital,0.01196270015232,0.9724234554401312,0.0028301786353506,173565631389.97498
2025,BKR,BKR,not digital,0.0459019940143511,0.8697194295638561,0.0007327583849186,44937683489.69847
2025,BLDR,BLDR,not digital,0.0238700968320092,0.8038551176281621,0.0001855248750569,11377635911.59697
2025,BLK,BLK,not digital,,,0.0027078598448097,166064218636.0504
2025,BMY,BMY,not digital,0.0272025563348134,0.9162242608676336,0.0017905486933342,109808515480.69864
2025,BR,BR,not digital,0.00898780226835,0.9800936220011702,0.0004247753723444,26050089128.295456
2025,BRK-B,BRK-B,not digital,0.0846410833023248,,0.017682079367013,1084384296909.5736
2025,BRO,BRO,not digital,0.0115215181294476,0.9877629955653364,0.0004437091486865,27211235921.06644
2025,BSX,BSX,not digital,0.0436385374115771,0.9075859226524398,0.0023048811085322,141350846156.62296
2025,BX,BX,not digital,0.0080069811868502,0.98907566134045,0.0030841170170665,189138844686.88275
2025,BXP,BXP,not digital,,0.2012631656669277,0.0001946455837352,11936979247.989944
2025,C,C,not digital,0.0765033734232912,0.9874533437804126,0.0035027848807008,214814380211.99963
2025,CAG,CAG,not digital,0.0375301375691391,0.8645307372252662,0.0001350238942783,8280575356.773138
2025,CAH,CAH,not digital,0.0025526257827003,0.9461993147848348,0.0007961580959584,48825781131.0
2025,CARR,CARR,not digital,0.0180254747781303,0.9148964775477278,0.0007332534935729,44968046889.77578
2025,CAT,CAT,not digital,0.0417375608456997,0.8464269412182381,0.0043761907959974,268377518331.5153
2025,CB,CB,not digital,,0.9871478039268968,0.0020291183066799,124439212304.43004
2025,CBOE,CBOE,not digital,0.0150608798947859,0.9856963236005288,0.0004282923354691,26265773014.0
2025,CBRE,CBRE,not digital,0.009172932330827,0.9660264922110308,0.0007802465192179,47849975989.63014
2025,CCI,CCI,not digital,0.8465116279069768,0.8009708737864077,0.000631062736321,38701020814.77882
2025,CCL,CCL,not digital,0.1356396964916234,0.158511811480643,0.000653360682863,40068481201.17188
2025,CDNS,CDNS,designs compute,0.0267844921771974,0.9490794382195552,0.0013888708176414,85174920541.07666
2025,CDW,CDW,other digital,0.005222060194166,0.9893001085586652,0.0002910716085108,17850473069.034348
2025,CEG,CEG,not digital,0.1301239906455456,0.6074341909902357,0.0017995985788137,110363515461.1398
2025,CF,CF,not digital,0.1341050254093732,0.5233532084043158,0.0002042663228918,12526987823.87732
2025,CFG,CFG,not digital,,0.9959576056655371,0.0004108337420467,25195094381.671368
2025,CHD,CHD,not digital,0.0197317513541398,0.907679188546295,0.0003330780104193,20426588787.88263
2025,CHRW,CHRW,not digital,0.0022093936711357,0.9769961970045355,0.0003096810927866,18991732086.3331
2025,CHTR,CHTR,other digital,0.9130179659100952,0.6988321347746299,0.0004649418472154,28513368118.75
2025,CI,CI,not digital,,0.9768805526884036,0.0011988414906312,73521041272.41187
2025,CINF,CINF,not digital,0.0022093936711357,0.9946587971318472,0.000416447997763,25539398386.37512
2025,CL,CL,not digital,0.027671474830733,0.7146356399265157,0.0010413989937806,63865606088.1564
2025,CLX,CLX,not digital,,0.7721632799856141,0.0002005533261918,12299281837.922745
2025,CMCSA,CMCSA,other digital,0.0949824989693388,0.7590882915002329,0.0017995420929284,110360051365.89682
2025,CME,CME,not digital,0.0128055700395669,0.9979405992041208,0.001605703862189,98472584445.76189
2025,CMG,CMG,not digital,0.0558744167275091,0.702112205739243,0.0008089904079259,49612745000.0
2025,CMI,CMI,not digital,0.0366795366795366,0.7953047775947282,0.0011489377421666,70460607028.86285
2025,CMS,CMS,not digital,,0.2318670038306501,0.0003470114505674,21281081259.321026
2025,CNC,CNC,not digital,0.004393376140588,0.973458245924922,0.0003298066424077,20225966449.99695
2025,CNP,CNP,not digital,0.521580807539895,0.2681480208019943,0.0004081575082655,25030969686.4398
2025,COF,COF,not digital,0.1957330687174398,0.9916264205713228,0.0025273382023456,154993414672.4904
2025,COIN,COIN,not digital,,0.9910833614857352,0.0009943520875137,60980372665.37405
2025,COO,COO,not digital,0.0885543935099208,0.8321957595120535,0.0002656977832365,16294379065.104996
2025,COP,COP,not digital,,0.2353635834310598,0.001906403130236,116913490495.00388
2025,COR,COR,not digital,0.0022093936711357,0.9668485143356365,0.0010683966721691,65521285711.0
2025,COST,COST,not digital,0.0199756571656947,0.5861295217836807,0.0062426679735991,382842480280.9117
2025,CPAY,CPAY,not digital,0.044332626756055,0.9821149808572244,0.0003465044091198,21249986059.924805
2025,CPB,CPB,not digital,0.0415488149809811,0.8142454350161117,0.0001354874164098,8309001658.354216
2025,CPRT,CPRT,not digital,0.122443542635849,0.6434319746639101,0.000617966866566,37897893805.677765
2025,CPT,CPT,not digital,,,0.0001917980371019,11762348493.893188
2025,CRL,CRL,not digital,0.0545781198401546,0.7680278755762449,0.000160085173742,9817501944.808825
2025,CRM,CRM,other digital,0.0143046357615894,0.9685605471786104,0.0041123059938291,252194323486.3281
2025,CRWD,CRWD,other digital,0.0627821459038384,0.9093681628780436,0.0019269516982227,118173667196.29884
2025,CSCO,CSCO,other digital,0.015974158929643,0.982721541241792,0.0049628075084622,304352809364.7765
2025,CSGP,CSGP,not digital,0.0945488142901139,0.8744543556652116,0.0004646887022234,28497843561.45684
2025,CSX,CSX,not digital,0.205932443939824,0.15729591135937,0.0011019669552461,67580041757.5
2025,CTAS,CTAS,not digital,0.035074423682846,0.8318133875800096,0.0012357159765724,75782433311.2793
2025,CTSH,CTSH,other digital,0.0136441159749857,0.954910110187512,0.0006609981611841,40536862854.0
2025,CTVA,CTVA,not digital,0.0339635653123383,0.901505426537519,0.0007422548733083,45520072171.02051
2025,CVS,CVS,not digital,0.0070436021857053,0.9483982677152932,0.0016427118347572,100742162784.4001
2025,CVX,CVX,not digital,0.0940563459703305,0.3218491907707121,0.0050072624445541,307079085704.6599
2025,CZR,CZR,not digital,0.0700853212606651,0.5461929896646545,7.93279067556177e-05,4864921970.262039
2025,D,D,not digital,,0.3184097637604979,0.0008158069128429,50030779029.72682
2025,DAL,DAL,not digital,0.0710024619657849,0.5112584084508774,0.0007389210082921,45315617095.542114
2025,DASH,DASH,other digital,0.0187358751913683,0.9457246045068416,0.0015916799356958,97612542741.69566
2025,DD,DD,not digital,0.0486202365308804,0.8394438006952492,0.0002746405175162,16842807811.698128
2025,DDOG,DDOG,other digital,0.0144662136965964,0.949111839471246,0.00077760070917,47687717082.80196
2025,DE,DE,not digital,0.0297697224411172,,0.002053122057131,125911284084.89154
2025,DECK,DECK,not digital,0.0154638930350258,0.9088022358085648,0.0002507675442637,15378756170.58519
2025,DELL,DELL,other digital,0.0231904736740122,0.9205477390715522,0.0013756608669694,84364797321.16022
2025,DG,DG,not digital,0.0290504465964143,0.800548156180185,0.0004765487794589,29225183443.11928
2025,DGX,DGX,not digital,0.0477571363842319,0.8642218798151001,0.000316415340995,19404721580.226776
2025,DHI,DHI,not digital,0.0040116319809403,0.9836797176300772,0.0006859239286294,42065478931.62079
2025,DHR,DHR,not digital,0.0470530771735591,0.9337319083676796,0.0026728720122603,163918528900.5904
2025,DIS,DIS,other digital,0.0849774953666931,0.7911287301153336,0.0033354279686722,204550926258.6355
2025,DLR,DLR,not digital,,0.4650199022603873,0.000882205591618,54102793587.78992
2025,DLTR,DLTR,not digital,0.0584665673319344,0.7586730315382966,0.0004091214432961,25090084680.14232
2025,DOC,DOC,not digital,0.9130179659100952,0.2083457538245687,0.000182217299791,11174793100.819536
2025,DOV,DOV,not digital,0.0272179261695695,0.9165856269020876,0.000436641433951,26777796011.92516
2025,DOW,DOW,not digital,0.0620246196957566,0.6199050189620418,0.0002709705559211,16617741028.460266
2025,DPZ,DPZ,not digital,0.0244044830823681,0.8112264842912065,0.0002307409350539,14150589499.869324
2025,DRI,DRI,not digital,0.0555601813653876,0.6253277190752364,0.0003498603430213,21455794548.20717
2025,DTE,DTE,not digital,,0.3775570598897644,0.0004367907650324,26786954000.442444
2025,DUK,DUK,not digital,0.4418260294256639,0.33604957698124,0.00148629570507,91149671353.06989
2025,DVA,DVA,not digital,0.0422092712424162,0.8390761198603921,0.0001324563305816,8123115043.640137
2025,DVN,DVN,not digital,0.2139878470153699,0.1955758093610556,0.0003791612663777,23252724678.03955
2025,DXCM,DXCM,not digital,0.0779708279708279,0.7539551097020458,0.000424404521937,26027346081.506607
2025,EBAY,EBAY,other digital,0.0472972972972973,0.9240204429301532,0.000649059428706,39804699302.67334
2025,ECL,ECL,not digital,0.0651879212994055,0.8268323595032454,0.0012141067321668,74457208782.24365
2025,ED,ED,not digital,,0.2573623044649679,0.0005845431218037,35848124476.411194
2025,EFX,EFX,not digital,0.0792493209317639,0.8371234470086478,0.0004358843575871,26731366986.044006
2025,EG,EG,not digital,,,0.0002322845477996,14245254238.513733
2025,EIX,EIX,not digital,0.3372676916705492,0.3264841639546508,0.0003766340272016,23097737336.32303
2025,EL,EL,not digital,0.030367466276829,0.840538910114619,0.0006153420893307,37736924772.69287
2025,ELV,ELV,not digital,0.0056045197740112,0.961487810097618,0.0012871424623136,78936252068.9914
2025,EMN,EMN,not digital,0.0623857404021937,0.6143078269062521,0.0001195196914884,7329753132.054428
2025,EMR,EMR,not digital,0.0239231793960923,0.9315842150414642,0.0012169036472658,74628734469.36392
2025,ENPH,ENPH,not digital,0.0275895545440041,0.9610221916284498,6.838865923221265e-05,4194053573.611965
2025,EOG,EOG,not digital,,0.1825903974980212,0.0009349065203525,57334769780.52777
2025,EPAM,EPAM,not digital,0.0077409870816792,0.9587145277079216,0.0001860719003962,11411183192.757568
2025,EQIX,EQIX,not digital,0.4677226863404578,0.4124710395854613,0.0012266466795412,75226242883.64685
2025,EQT,EQT,not digital,0.2647349769689796,0.1970447402109747,0.0005454422444226,33450195106.943497
2025,ERIE,ERIE,not digital,0.0284447163174797,,0.0002444103575578,14988890629.697968
2025,ES,ES,not digital,0.3082070836205171,,0.0004119163275124,25261485819.841843
2025,ESS,ESS,not digital,,0.1125721242319756,0.0002947138072547,18073837247.0874
2025,ETN,ETN,not digital,0.0334814922763042,0.8953722334004024,0.0020218903748284,123995946801.7578
2025,ETR,ETR,not digital,0.5935821723026263,0.9933010834637512,0.0006730987409666,41278951973.01056
2025,EVRG,EVRG,not digital,0.4902455697533786,0.2252529566843896,0.0002721198388842,16688222806.769531
2025,EW,EW,not digital,0.0428835124266596,0.8677174897059253,0.0008161248160942,50050275000.0
2025,EXC,EXC,not digital,0.3515953499876329,0.2766749592519516,0.0007178817236828,44025346343.16184
2025,EXE,EXE,not digital,0.2256680963378423,0.1390037826563439,0.0004285961978963,26284407906.287247
2025,EXPD,EXPD,not digital,0.0047972677590198,0.9055667787441573,0.0003297650532038,20223415919.675903
2025,EXPE,EXPE,not digital,0.0522636258738885,0.8999263863896614,0.0005715265657432,35049861517.69
2025,EXR,EXR,not digital,0.9130179659100952,0.997773581957874,0.0004705442059759,28856942521.9296
2025,F,F,not digital,0.0470718279248345,0.871047171116337,0.0008524278333983,52276620729.93033
2025,FANG,FANG,not digital,,0.1125721242319756,0.0007096162062734,43518449099.99492
2025,FAST,FAST,not digital,0.0299128101945003,0.7760493973757644,0.0007512330536647,46070674709.96445
2025,FCX,FCX,not digital,0.1784324624791551,0.2996716351195695,0.0011892189062683,72930919536.03378
2025,FDS,FDS,not digital,0.0468638284602807,0.9802050149247074,0.0001788966396836,10971147839.361694
2025,FDX,FDX,not digital,0.0402132601351351,0.5247811747520741,0.0011113927440309,68158094662.481705
2025,FE,FE,not digital,0.3117958913187541,,0.0004217097933772,25862087161.784306
2025,FFIV,FFIV,other digital,0.0140087407288431,0.9751646176623058,0.000241786117671,14827954550.54422
2025,FICO,FICO,other digital,0.0044814601061144,0.9637536513727876,0.0006617188571641,40581060789.51465
2025,FIS,FIS,not digital,0.0144235272080172,0.9793657429526996,0.0005661034539886,34717279749.16813
2025,FITB,FITB,not digital,,0.9872467067209016,0.0005045679302363,30943506638.316845
2025,FOXA,FOXA,other digital,0.0293121569543384,0.926492778616081,0.000528951874856,32438894487.98944
2025,FRT,FRT,not digital,,0.1125721242319756,0.0001426680001436,8749363455.290253
2025,FSLR,FSLR,other digital,0.1666626431971944,0.5739312424979225,0.0004570943526206,28032106852.352448
2025,FTNT,FTNT,other digital,0.0536502147185128,0.8441650945212336,0.000992212985107,60849188486.68002
2025,FTV,FTV,not digital,0.0252698901204587,0.9770142361791492,0.0003045906088488,18679549297.693825
2025,GD,GD,not digital,0.0220932445290199,0.8685566560114587,0.0014828563838599,90938748992.9306
2025,GDDY,GDDY,other digital,0.0048272101149239,0.9819039440441076,0.0002801184964737,17178754406.947723
2025,GE,GE,not digital,0.0277614218732962,,0.0053263411554968,326647143083.1283
2025,GEHC,GEHC,not digital,0.0233696969696969,,0.0006106180810571,37447216742.09156
2025,GEN,GEN,other digital,0.0044,0.9961277831558568,0.0002734290307794,16768511278.691936
2025,GEV,GEV,not digital,0.0335452348429126,,0.0029011390519299,177917402459.6277
2025,GILD,GILD,not digital,0.0191216927622864,0.9050200769191672,0.0024833642963716,152296638341.93045
2025,GIS,GIS,not digital,0.0293032141810405,0.8901578719788577,0.0004045799021947,24811566766.5
2025,GL,GL,not digital,0.0237698433750094,0.9880075065331348,0.0001847343338245,11329154594.400637
2025,GLW,GLW,other digital,,0.5214036673553719,0.0012241066994086,75070474180.59497
2025,GM,GM,not digital,0.0553845604300742,,0.0012624666754675,77422966486.76892
2025,GNRC,GNRC,not digital,0.0403525940053887,0.8540272950774525,0.0001304935774933,8002745793.876709
2025,GOOGL,GOOGL,operates compute,0.2270080131865076,0.5857468993634939,0.0618179644456838,3791094278022.0
2025,GPC,GPC,not digital,0.0193347849298487,0.8955477953445787,0.0002789162891914,17105026952.640532
2025,GPN,GPN,not digital,0.0801685414692524,0.9718446628516852,0.0003061925377256,18777790374.589066
2025,GRMN,GRMN,not digital,0.037325966573271,0.8748963608054782,0.0006367107961924,39047397918.1398
2025,GS,GS,not digital,,0.9958691663166273,0.0043389203075073,266091840747.0
2025,GWW,GWW,not digital,0.0381228402630698,0.7469314885070297,0.0007870159843768,48265125224.3103
2025,HAL,HAL,not digital,0.0565272268301478,0.7896441423430628,0.0003928879203278,24094535625.925133
2025,HAS,HAS,not digital,0.0134643609214472,0.9553674351585014,0.0001876446677094,11507635886.0
2025,HBAN,HBAN,not digital,0.1709346991037132,0.9941316535321136,0.0004455288991827,27322835287.939728
2025,HCA,HCA,not digital,0.0653968253968254,0.4871376811594202,0.0017813143284944,109242201982.36084
2025,HD,HD,not digital,0.0223398893632008,0.7221985247453677,0.0055857445542769,342555508064.6199
2025,HIG,HIG,not digital,0.1122177954847277,0.989174040954917,0.0006266835766747,38432461226.53615
2025,HII,HII,not digital,0.0322012175584748,0.7077417836693074,0.0002176022170577,13344834747.792849
2025,HLT,HLT,not digital,0.0083894011130492,0.9592226064146894,0.0011016304591596,67559405549.25
2025,HON,HON,not digital,0.0263340633513167,0.9371751197730758,0.0021436854403144,131465241205.02126
2025,HPE,HPE,other digital,0.0668299510146955,0.920928516849788,0.0005226999999788,32055487378.320805
2025,HPQ,HPQ,other digital,0.0162220815625282,0.9270032799444564,0.000339577118504,20825157904.368828
2025,HRL,HRL,not digital,0.0256813060458477,0.8328417749442829,0.0002125914919982,13037543311.19856
2025,HSIC,HSIC,not digital,0.0105430825242718,0.9446277307177888,0.0001494530071116,9165465818.46907
2025,HST,HST,not digital,,0.1849183845505403,0.0002013852441328,12350300653.802591
2025,HSY,HSY,not digital,0.0388812525144159,0.7431386571442273,0.0006017413479967,36902835635.16849
2025,HUBB,HUBB,not digital,0.0265373164972795,0.8977736729535291,0.0003848584606201,23602115032.23242
2025,HUM,HUM,not digital,0.0936053488770786,0.9543846735774602,0.0005023182567241,30805541494.11084
2025,HWM,HWM,not digital,0.0548957828405235,0.7680472314160479,0.0013455884127751,82520551719.66553
2025,IBM,IBM,other digital,0.0161545865106981,0.9611601264155912,0.0045147989944653,276877907382.0207
2025,ICE,ICE,not digital,0.029509493670886,,0.0015117328303105,92709647337.6126
2025,IDXX,IDXX,not digital,0.028969477905301,0.7769520278838317,0.0008825771161381,54125577975.70752
2025,IEX,IEX,not digital,0.0183947939262472,0.9324382849718492,0.0002184466273149,13396619676.706848
2025,IFF,IFF,not digital,0.0545454545454545,0.8422412780453424,0.0002816257002075,17271186299.55478
2025,INCY,INCY,not digital,,0.8949571951486446,0.0003161882155389,19390792716.267723
2025,INTC,INTC,fabricates compute,0.2771082057782907,0.5014212809028089,0.0028700857926418,176013007278.44238
2025,INTU,INTU,other digital,0.0044607296479209,0.9739975106878078,0.0030071339361382,184417723242.1875
2025,INVH,INVH,not digital,,0.9969693725311544,0.000277788164294,17035842729.547112
2025,IP,IP,not digital,0.0785732419395785,0.6195606363923718,0.0003391575801473,20799428984.34099
2025,IQV,IQV,not digital,0.0369711833231146,0.98220010686615,0.0006259475583842,38387323623.65723
2025,IR,IR,not digital,0.0177234050895973,0.9491561550401154,0.0005134169601686,31486188802.69153
2025,IRM,IRM,not digital,0.3291385922123662,0.5481033650194587,0.0003998116822202,24519147376.38246
2025,ISRG,ISRG,not digital,0.0536329945254205,0.7388690385997155,0.0033105745851875,203026749253.3993
2025,IT,IT,other digital,,0.973509906745492,0.0003115545688991,19106626270.14908
2025,ITW,ITW,not digital,0.0261156818748441,0.8619024027743374,0.0011707201464624,71796450889.5874
2025,IVZ,IVZ,not digital,0.0132191748600461,0.9860153539529048,0.0001910336079768,11715468547.126017
2025,J,J,not digital,0.0065863199693627,0.972284289717828,0.0002564870496708,15729514795.786102
2025,JBHT,JBHT,not digital,0.0608951707695313,0.3013759665352828,0.0003067499085299,18811972109.39044
2025,JBL,JBL,other digital,0.0157036440507348,0.8464649733052905,0.0003972337311454,24361050039.19835
2025,JCI,JCI,not digital,0.0183929479572808,0.9421966841508738,0.0012777893562719,78362656559.75
2025,JKHY,JKHY,not digital,0.0263734510220532,0.9274092714448564,0.0002162179966312,13259945020.58078
2025,JNJ,JNJ,not digital,0.0512989287951334,0.8836955976105617,0.0081302806584946,498603614006.3148
2025,JPM,JPM,not digital,,,0.0144476239833478,886025690192.5132
2025,KDP,KDP,not digital,0.029271818346082,0.9417587767539984,0.0006205109417063,38053913642.205
2025,KEY,KEY,not digital,0.061177815894797,0.9965940091441092,0.0003678307273686,22557859649.89482
2025,KEYS,KEYS,other digital,0.023813953488372,0.9296522431643216,0.0005692707950722,34911522454.60541
2025,KHC,KHC,not digital,0.0321145056531152,0.9105225833272198,0.0004680445666774,28703647790.75
2025,KIM,KIM,not digital,0.0085976647994781,0.1482588853757952,0.0002238296914166,13726745453.205326
2025,KKR,KKR,not digital,,,0.0019247156289177,118036536353.77858
2025,KLAC,KLAC,compute equipment,0.0276847943175421,0.922032563505707,0.0026090942104934,160007244187.29456
2025,KMB,KMB,not digital,0.0691919498996777,0.6037548251257456,0.000546004823867,33484696270.66852
2025,KMI,KMI,not digital,0.1990527562162873,0.459352834442184,0.0009972593013065,61158662611.89276
2025,KMX,KMX,not digital,0.0209028596157041,0.859808636674239,9.252232067681798e-05,5674092371.892899
2025,KO,KO,not digital,0.0440541498925762,0.908286902762937,0.0049060065766747,300869393347.8202
2025,KR,KR,not digital,0.0261104563742024,0.5114984035274441,0.0006751399789387,41404134444.889984
2025,KVUE,KVUE,not digital,0.0314070351758793,0.9183040330920372,0.0005389061588721,33049358283.0
2025,L,L,not digital,0.1824196597353497,0.8761407328484736,0.0003561916529557,21844073151.037903
2025,LDOS,LDOS,not digital,0.007306950371193,0.9238278247501922,0.0003774020568287,23144838090.135223
2025,LEN,LEN,not digital,0.0055175758083483,0.981329368546789,0.0004139892974687,25388614310.895523
2025,LH,LH,not digital,0.0311431581814402,0.8324607045186405,0.0003399516778091,20848128405.76172
2025,LHX,LHX,not digital,,0.9331920668555512,0.0008956194452676,54925421512.75324
2025,LII,LII,not digital,0.0228668219352106,0.782644911558626,0.0002781111093349,17055647896.340485
2025,LIN,LIN,not digital,0.1547990348967221,0.6744877155395832,0.003260214709571,199938342218.272
2025,LKQ,LKQ,not digital,0.0158230166288184,0.9040761049085024,0.0001267025526254,7770254594.699127
2025,LLY,LLY,not digital,,0.7806198655713219,0.0157093657096806,963404197911.653
2025,LMT,LMT,not digital,0.0219726041999786,0.8516878342245989,0.001841285635371,112920046770.42676
2025,LNT,LNT,not digital,,0.1859469408987235,0.0002724922386559,16711060871.015924
2025,LOW,LOW,not digital,0.0256472660686554,0.5905294417892442,0.0022058738784078,135279055424.3856
2025,LRCX,LRCX,compute equipment,0.0415967759222027,0.8873041602679003,0.0035198919314495,215863499877.9236
2025,LULU,LULU,not digital,0.0613191504692594,0.7658097308376424,0.0004018477510606,24644012842.26569
2025,LUV,LUV,not digital,0.0952499732744182,0.3033618939472144,0.0003539403652883,21706009015.94742
2025,LVS,LVS,not digital,0.0897288161634785,0.4674726277372263,0.0007285771628141,44681262765.76181
2025,LW,LW,not digital,0.0609016529800523,0.5011362714065417,9.5186459846747e-05,5837475344.035996
2025,LYB,LYB,not digital,0.0622823599641826,0.5343646148869217,0.0002272597390585,13937099095.630417
2025,LYV,LYV,other digital,0.0421288002740799,0.8509212839977143,0.0005395658941527,33089817697.5
2025,MA,MA,not digital,0.0149126284651276,0.9574754879332312,0.0084152895747729,516082281920.6803
2025,MAA,MAA,not digital,,0.1125721242319756,0.0002718807795125,16673562074.658112
2025,MAR,MAR,not digital,0.0230657603299473,0.9290486564996367,0.0013732521297857,84217077320.40454
2025,MAS,MAS,not digital,0.0206294631049986,0.7702364929821188,0.0002166463762905,13286216148.881866
2025,MCD,MCD,not digital,0.125162730146922,0.5254809711837352,0.0035563430251043,218098926647.81665
2025,MCHP,MCHP,fabricates compute,0.0193291039867603,0.9230093791057978,0.0005615376345169,34437272922.20514
2025,MCK,MCK,not digital,0.0022093936711357,0.9667021559755123,0.0016637321763155,102031271821.20448
2025,MCO,MCO,not digital,0.0422389220005182,0.9543903979785218,0.0014940523867669,91625363360.41827
2025,MDLZ,MDLZ,not digital,0.0331888834107481,0.8507840586400325,0.0011357701887959,69653083897.24481
2025,MDT,MDT,not digital,0.0523594764052359,0.9254253926701572,0.0020090435186113,123208090981.33324
2025,MET,MET,not digital,,0.9979405992041208,0.0008560239416181,52497158326.358765
2025,META,META,operates compute,0.3467800523471632,0.5180604391551304,0.027129684528914,1663775129193.6802
2025,MGM,MGM,not digital,0.0609502977103645,0.8475939813678158,0.0001627389673062,9980250454.671478
2025,MHK,MHK,not digital,0.0407958907411871,0.6513556362467396,0.0001107350232715,6791018061.911545
2025,MKC,MKC,not digital,0.0324254784146894,0.8902457501287839,0.0002980602927969,18279066298.293503
2025,MKTX,MKTX,not digital,0.00969432851059,0.9418927006552325,0.0001104279108204,6772183856.25
2025,MLM,MLM,not digital,0.1312195121951219,0.4500561167227833,0.0006123078382083,37550844040.803406
2025,MMM,MMM,not digital,0.0364758698092031,0.8118092916015159,0.0013904867195931,85274018541.11371
2025,MNST,MNST,not digital,0.0159476163452608,0.8917259029857507,0.0024429217646322,149816429683.48145
2025,MO,MO,not digital,0.0092787490871601,0.9511665762344004,0.0015794498614825,96862512151.309
2025,MOH,MOH,not digital,0.0022233962928719,0.9806604985864816,0.0001533730233195,9405867636.108398
2025,MOS,MOS,not digital,0.1127908134479439,0.4288176927381832,0.0001246822465099,7646355805.362598
2025,MPC,MPC,not digital,0.0262699794271245,0.5545589899350842,0.0008062196645139,49442824337.144165
2025,MPWR,MPWR,fabricates compute,0.0616432637067951,0.850343534009712,0.0007080269928145,43420987818.237305
2025,MRK,MRK,not digital,0.0632508344741659,0.8150307600134438,0.0042871455926237,262916666230.9606
2025,MRNA,MRNA,not digital,0.0987654320987654,0.8270384178959312,0.0001878908727095,11522734836.208168
2025,MS,MS,not digital,,,0.0046211078795356,283397484814.02795
2025,MSCI,MSCI,not digital,0.0125441104828616,0.9846909903254016,0.0007237748951081,44386755339.24024
2025,MSFT,MSFT,operates compute,0.3494104068539261,0.6688772106112572,0.0586176249564453,3594827887917.222
2025,MSI,MSI,other digital,0.0226844718370142,0.9399143844447884,0.0010413500718944,63862605868.32336
2025,MTB,MTB,not digital,,0.992370380778418,0.0005133997944159,31485136083.02556
2025,MTCH,MTCH,not digital,0.0162781167797517,0.9705974989749622,0.0001266933361649,7769689379.216156
2025,MTD,MTD,not digital,0.0266054109391543,0.7722282167489171,0.0004682944834297,28718974370.625
2025,MU,MU,fabricates compute,0.4242335063406282,0.437305248919056,0.0052380348030817,321231602303.74805
2025,NCLH,NCLH,not digital,0.331679011501495,0.1540540448217925,0.0001656919460349,10161347015.54644
2025,NDAQ,NDAQ,not digital,0.0321955942870975,0.9765562103500468,0.000908783503183,55732730279.4843
2025,NDSN,NDSN,not digital,0.0207974604602879,0.9126492286420982,0.0002188547342192,13421647543.016356
2025,NEE,NEE,not digital,,0.2657189464133771,0.0027262479776176,167191902889.27185
2025,NEM,NEM,not digital,0.1338832767215139,0.4168519458692949,0.001788456424706,109680203464.99872
2025,NFLX,NFLX,other digital,0.0152318228460787,0.9639485898095244,0.0064782742531948,397291445504.0592
2025,NI,NI,not digital,0.4265499478751456,0.199965419828382,0.0003222442507374,19762189616.73492
2025,NKE,NKE,not digital,0.0147420147420147,0.8680117007025889,0.0015356467074924,94176207483.39624
2025,NOC,NOC,not digital,0.0345616627735138,0.7864414037409736,0.0013313013269638,81644371312.33044
2025,NOW,NOW,other digital,0.0653712908570567,0.9120900222751364,0.002593828910659,159071073102.18353
2025,NRG,NRG,not digital,0.0377961577750683,,0.000502259239046,30801922132.267136
2025,NSC,NSC,not digital,0.1809523809523809,0.1935847555044655,0.001056389163404,64784904334.149445
2025,NTAP,NTAP,other digital,0.0285920577617328,0.9479811512519634,0.0003485776690284,21377132332.80564
2025,NTRS,NTRS,not digital,0.0147474989039021,0.9973771076712544,0.0004246488507753,26042329972.830048
2025,NUE,NUE,not digital,0.1053117498615129,0.5639813126709208,0.0006086926447545,37329136009.17424
2025,NVDA,NVDA,designs compute,0.0279802535913086,0.9437012213152212,0.0740413634565214,4540715500000.0
2025,NVR,NVR,not digital,0.0023738955181825,,0.0003285790467935,20150682012.046875
2025,NWS,NWS,other digital,0.0471865307930881,0.9141511867905056,0.0002694204752544,16522679633.305355
2025,NXPI,NXPI,fabricates compute,0.0323579753851169,0.8879141566265061,0.0008923349378053,54723993375.18585
2025,O,O,not digital,,0.2662483145275295,0.0008455542618629,51855086990.48464
2025,ODFL,ODFL,not digital,0.0755103032190771,0.1765864252599558,0.0005373571836276,32954364679.782257
2025,OKE,OKE,not digital,0.0937286270778197,0.2818084962710644,0.0007547615278255,46287064530.0
2025,OMC,OMC,other digital,0.0086730469722497,0.981433530643036,0.0004178460972234,25625139269.5
2025,ON,ON,fabricates compute,0.0569102978950528,0.7309986346324286,0.0003611139623816,22145942344.99479
2025,ORCL,ORCL,operates compute,0.8263877547990558,0.7414959521504386,0.0091314453068106,560001778821.7163
2025,ORLY,ORLY,not digital,0.0657302623913001,0.6216392989029735,0.0012582864971963,77166609777.72424
2025,OTIS,OTIS,not digital,0.0105328806042547,0.9302543884351826,0.0005590173280611,34282710741.630325
2025,OXY,OXY,not digital,0.2979739440864203,0.2440191955907158,0.0006605903315825,40511851993.76173
2025,PANW,PANW,other digital,0.0266984763867049,0.9835724162502864,0.0020934978175017,128387397872.9248
2025,PAYC,PAYC,not digital,0.1320368474923234,,0.0001461850205546,8965050854.1763
2025,PAYX,PAYX,not digital,0.0372792052181365,0.9691199642600564,0.0006566298513691,40268968650.54817
2025,PCAR,PCAR,not digital,0.0261207672404094,0.898383262435662,0.0009378474999867,57515130476.047554
2025,PCG,PCG,not digital,0.4727090435131341,0.3196291248561199,0.0005759383172579,35320419859.00097
2025,PEG,PEG,not digital,0.269900189722016,,0.0006535821946336,40082065796.097046
2025,PEP,PEP,not digital,0.0470055895661432,0.7215523422005792,0.0032039851429935,196489966167.40887
2025,PFE,PFE,not digital,0.042010898224644,0.9072011913912374,0.0023085217670213,141574115875.8747
2025,PFG,PFG,not digital,,0.9979405992041208,0.00032042146429,19650404064.8694
2025,PG,PG,not digital,0.0506595275301038,0.8091766415663854,0.0054693096875863,335414937183.14465
2025,PGR,PGR,not digital,0.0039693855436803,0.9936361641430764,0.0021766926323885,133489464715.57616
2025,PH,PH,not digital,0.0213498302246616,0.9004204244931172,0.0018136815989313,111227181184.58942
2025,PHM,PHM,not digital,0.0070885127749595,0.9867792327340732,0.000377243494001,23135113948.71309
2025,PKG,PKG,not digital,0.09220962700099,0.5352104796979162,0.0003025812853047,18556324033.659164
2025,PLD,PLD,not digital,,0.997754310754188,0.0019335637800076,118579164621.61256
2025,PLTR,PLTR,other digital,0.0075706421214779,0.9941620548847736,0.0069081742162709,423655809079.5
2025,PM,PM,not digital,0.038599685101358,0.8786297607862976,0.0040713861990084,249684845838.63107
2025,PNC,PNC,not digital,,0.9844221823938408,0.001337389446268,82017735826.43207
2025,PNR,PNR,not digital,0.0164750957854406,0.9451432564640112,0.000278374501833,17071800899.784302
2025,PNW,PNW,not digital,0.4915071127216996,0.3887013808355659,0.0001731143364158,10616538026.03389
2025,PODD,PODD,not digital,0.0707507108304715,0.7431356569709127,0.0003262585492523,20008373460.9729
2025,POOL,POOL,not digital,0.0106503653725302,0.9263497738357686,0.0001391969347852,8536494330.0
2025,PPG,PPG,not digital,0.049007874015748,0.8187618789030682,0.0003770821915214,23125221793.36548
2025,PPL,PPL,not digital,0.4394765539803708,0.2013968703032446,0.0004224203994662,25905666317.16572
2025,PRU,PRU,not digital,,,0.0006477976467259,39727318326.31984
2025,PSA,PSA,not digital,,0.1125721242319756,0.0007424600034331,45532652133.0
2025,PSKY,PSKY,other digital,,0.949356282589636,0.0002410439240825,14782438236.775162
2025,PSX,PSX,not digital,,0.4693675352877307,0.0008503336688294,52148192442.36336
2025,PTC,PTC,other digital,0.0040186534444401,0.9908052866088414,0.0003393149889108,20809082350.76976
2025,PWR,PWR,not digital,0.021389061828853,0.8613865397868752,0.0010262383122586,62935850903.16754
2025,PYPL,PYPL,not digital,0.0256843120704208,0.9787958539657988,0.0009094726320095,55774992304.35423
2025,QCOM,QCOM,designs compute,0.026917170987264,0.9064675029415872,0.0030095020719454,184562953292.84668
2025,RCL,RCL,not digital,0.2915528296626707,0.1423148081405127,0.001240325262791,76065105812.15735
2025,REG,REG,not digital,,0.9979405992041208,0.0002071095986236,12701356657.50351
2025,REGN,REGN,not digital,0.0626372630360666,0.8737533500827196,0.0013339780679191,81808527110.89319
2025,RF,RF,not digital,,0.9895538176735048,0.0003943068957034,24181556760.888622
2025,RJF,RJF,not digital,0.0118149824032176,0.992406211039329,0.0005221062067622,32019071975.674072
2025,RL,RL,not digital,,0.8798972656194571,0.0003496540323488,21443142187.08911
2025,RMD,RMD,not digital,0.0276442160998174,0.9326200569559248,0.0005733045667272,35158900523.053955
2025,ROK,ROK,not digital,0.0222968113162311,0.9289598003387112,0.0007133002600605,43744380111.43524
2025,ROL,ROL,not digital,0.0074675954853033,0.9598197497677936,0.0004708982767966,28878656531.353245
2025,ROP,ROP,other digital,,0.9954623015299188,0.0007812684837165,47912649741.47339
2025,ROST,ROST,not digital,0.036011203065384,0.745567358043417,0.0009553134352368,58586259358.73764
2025,RSG,RSG,not digital,0.1137363630884214,0.6322237094803003,0.0010789403718206,66167896445.86304
2025,RTX,RTX,not digital,0.0296491089466496,0.9014022761414318,0.0040096304328586,245897565979.3775
2025,RVTY,RVTY,not digital,0.0257425375107097,0.9606153178093672,0.0001831178696488,11230022115.0
2025,SBAC,SBAC,not digital,0.9130179659100952,0.7061083824362342,0.0003361091762601,20612480309.50928
2025,SBUX,SBUX,not digital,0.0620018072094749,0.7347414248103512,0.0015613937544863,95755189958.95386
2025,SCHW,SCHW,not digital,0.0229087412733581,0.9937046202099816,0.0029572510254334,181358566910.5316
2025,SHW,SHW,not digital,0.0338334542276971,0.8402653107711077,0.0013173938989307,80791474079.11804
2025,SJM,SJM,not digital,0.0350683357456164,0.8246570974702931,0.0001701667451938,10435771863.385803
2025,SLB,SLB,not digital,0.0474403495015122,0.8561274331121965,0.0009349394737825,57336790706.98259
2025,SMCI,SMCI,other digital,0.004147113672985,0.9640125152397604,0.0002849221257833,17473345336.181698
2025,SNA,SNA,not digital,,,0.0002931102770338,17975497964.97995
2025,SNPS,SNPS,designs compute,0.0240217924753245,0.985553120023467,0.0014653638345365,89865987955.86273
2025,SO,SO,not digital,0.4400870706931103,,0.0015656520761781,96016338949.2947
2025,SOLV,SOLV,not digital,0.0455255255255255,0.9072338043934518,0.0002241107856464,13743984046.156044
2025,SPG,SPG,not digital,0.1468057610136216,0.2551787934463442,0.0011385700222171,69824788555.55888
2025,SPGI,SPGI,not digital,0.012715179968701,0.9954575163398692,0.0026015849053067,159546722975.04883
2025,SRE,SRE,not digital,0.85456595264938,0.5579736286729559,0.0009396431540404,57625252086.63778
2025,STE,STE,not digital,0.0621641200154989,0.8071764616488866,0.0004071525538481,24969339107.43727
2025,STLD,STLD,not digital,0.0521563983897741,0.4781010464208411,0.0004067363931184,24943817326.26724
2025,STT,STT,not digital,0.0756597819850831,0.9913289823437974,0.0005967956915096,36599534642.04494
2025,STX,STX,other digital,,0.7934687772653621,0.0009783625776987,59999788142.545166
2025,STZ,STZ,not digital,0.0957435167961483,0.6207562245119456,0.0003915786668375,24014243376.58072
2025,SW,SW,not digital,0.0703037300747297,0.4855282680426069,0.0003292681800556,20192944308.93828
2025,SWK,SWK,not digital,0.0187238936181462,0.9137720830175534,0.000187599321273,11504854936.85144
2025,SWKS,SWKS,fabricates compute,0.0477134258239741,0.8491095111784767,0.0001550233430885,9507076368.70246
2025,SYF,SYF,not digital,,0.9895209706536798,0.0005061537752316,31040761343.18296
2025,SYK,SYK,not digital,0.0302994107341933,0.9189867067970904,0.0021917101484483,134410440029.38574
2025,SYY,SYY,not digital,0.0082788310290586,0.7727646223948607,0.0005753978112263,35287272385.734375
2025,T,T,other digital,0.1658760983063797,0.6869118843973555,0.0028962174460892,177615576414.26224
2025,TAP,TAP,not digital,0.054952723480288,0.7902798789712557,0.0001505255429278,9231240944.390282
2025,TDG,TDG,not digital,0.0251387158872154,0.9310751233139812,0.0012219371882378,74937425131.51062
2025,TDY,TDY,other digital,0.0191810838211727,0.945104119644364,0.0003910085196255,23979278106.32895
2025,TECH,TECH,not digital,0.0237440938109805,0.903936012335273,0.0001494184274379,9163345159.786182
2025,TEL,TEL,other digital,0.05422314911366,0.8280770304214345,0.0010927520511539,67014921723.38379
2025,TER,TER,compute equipment,0.0702217287393449,0.8654271119196654,0.0005020692784094,30790272465.556885
2025,TFC,TFC,not digital,,0.9942067947795404,0.0010346726832725,63453103387.55685
2025,TGT,TGT,not digital,0.0355697652223706,0.4283785421246689,0.0007242764948204,44417516814.75
2025,TJX,TJX,not digital,0.0324156893924335,0.7686226337837412,0.0027876668511185,170958522220.39392
2025,TKO,TKO,other digital,,0.9587030593603268,0.0002799204550842,17166609174.0
2025,TMO,TMO,not digital,0.0342265912559475,0.9042531016919968,0.0035499039535136,217704039373.83
2025,TMUS,TMUS,other digital,0.1127291669025807,0.8251526886428842,0.00372602671204,228505074122.6461
2025,TPL,TPL,not digital,,0.8986384340821474,0.0003228679456343,19800438791.97312
2025,TPR,TPR,not digital,0.0207391119662177,0.9256135552009724,0.00043128157269,26449093190.026253
2025,TRGP,TRGP,not digital,0.195750603407269,0.1857215366557751,0.000647399425134,39702896694.0
2025,TRMB,TRMB,other digital,0.0070526579879017,0.9801439667801396,0.0003040252576579,18644878151.78798
2025,TROW,TROW,not digital,0.0374856455405479,0.9410603968818418,0.0003667966959388,22494445872.494064
2025,TRV,TRV,not digital,,,0.0010648262223536,65302321660.87683
2025,TSCO,TSCO,not digital,0.0576376802799991,0.7231907027817444,0.0004308962547895,26425462899.04211
2025,TSLA,TSLA,other digital,0.0899216467883619,0.7050708967679201,0.0243888291149535,1495687399843.078
2025,TSN,TSN,not digital,0.0179644018295035,0.748922472584429,0.0003374742017421,20696192873.334587
2025,TT,TT,not digital,0.017962751912353,0.8949007268670025,0.0014121569059118,86602980439.05194
2025,TTD,TTD,other digital,0.0680219895562728,0.9355103506781814,0.0003026456426453,18560270859.59944
2025,TTWO,TTWO,other digital,0.0244576648037978,0.9516594595183374,0.0007714240732214,47308924131.3999
2025,TXN,TXN,fabricates compute,0.2573238321456849,0.6437762035564552,0.0025718994803838,157726212617.33963
2025,TXT,TXT,not digital,0.0258801270356105,,0.0002533014970943,15534155238.84636
2025,TYL,TYL,other digital,0.0068664945934126,0.9715627564769632,0.0003202306106235,19638699631.54828
2025,UAL,UAL,not digital,0.0994413407821229,0.3967010255336961,0.0005902870656458,36200381831.18301
2025,UBER,UBER,other digital,0.006459426725878,0.9693052004789487,0.0027785523260836,170399558106.70218
2025,UDR,UDR,not digital,,0.140711000545557,0.000225181036114,13809619019.095345
2025,UHS,UHS,not digital,0.0584602359170942,0.5486681676934732,0.000226239117203,13874507683.71382
2025,ULTA,ULTA,not digital,0.0350871714428193,0.7935090981827961,0.0004423463455512,27127659646.52466
2025,UNH,UNH,not digital,0.0080926431126512,0.965236884692536,0.0048759541110325,299026373579.0796
2025,UNP,UNP,not digital,0.1546715626274989,0.1442365634594966,0.0022373597480391,137209981187.9201
2025,UPS,UPS,not digital,0.0415628066455375,0.4837734300177863,0.0013721806936787,84151369636.0639
2025,URI,URI,not digital,,,0.0008491016747404,52072638260.28919
2025,USB,USB,not digital,,,0.0013540303817445,83038270161.90266
2025,V,V,not digital,0.03705,0.9574814056430486,0.0110365267987067,676834217544.9095
2025,VICI,VICI,not digital,,0.9979405992041208,0.0004900794713663,30054976677.6222
2025,VLO,VLO,not digital,,0.5237462923363454,0.0008246157366401,50570995482.87544
2025,VLTO,VLTO,not digital,0.0114483009267672,0.961783439490446,0.0004039854146178,24775108781.00265
2025,VMC,VMC,not digital,0.0853408218005062,0.5120715671480922,0.0006145178503984,37686376885.39261
2025,VRSK,VRSK,not digital,0.0794415335047352,0.9059317246388509,0.0005096119907192,31252842427.78101
2025,VRSN,VRSN,other digital,0.0137631293009779,0.8388264575005656,0.000370044410596,22693617627.2396
2025,VRTX,VRTX,not digital,0.0364627165390416,0.9407128651093866,0.0018953764768493,116237261781.63756
2025,VST,VST,not digital,0.1564881155464574,0.5223586040914561,0.0008913357578008,54662716922.108
2025,VTR,VTR,not digital,0.5018990466199748,0.1255805634579222,0.0005926929133726,36347924630.960266
2025,VTRS,VTRS,not digital,0.026581709987088,0.92971814664548,0.0002343694929543,14373117129.452848
2025,VZ,VZ,other digital,,0.7292150062583795,0.0028003283101689,171735008236.8436
2025,WAB,WAB,not digital,0.0232828870779976,0.9267751144138836,0.0005950228300992,36490810829.98007
2025,WAT,WAT,not digital,0.0356192141879122,0.8735271000975071,0.0003688112798085,22617993735.1496
2025,WBD,WBD,other digital,0.0330062205062205,0.9332067742418944,0.001164703222817,71427452573.19272
2025,WDAY,WDAY,other digital,0.0169597989949748,0.9310786004338878,0.0009350938757118,57346259674.072266
2025,WDC,WDC,other digital,,0.8326667618911584,0.0009629304835662,59053388106.76053
2025,WEC,WEC,not digital,,0.256999939827207,0.0005593894459366,34305531518.104218
2025,WELL,WELL,not digital,,0.20622775072873,0.0020772235237611,127389348480.1314
2025,WFC,WFC,not digital,,0.994696623105596,0.004868360970134,298560710995.8733
2025,WM,WM,not digital,0.1280352325027773,0.5554052579906186,0.0014433169189535,88513922480.00587
2025,WMB,WMB,not digital,0.3284113027719981,0.2830143581513666,0.0011969895345299,73407466840.74284
2025,WMT,WMT,not digital,0.0377144814718868,0.5399447134646868,0.0144839814104736,888255372699.4729
2025,WRB,WRB,not digital,,0.98647105717036,0.0004345100595174,26647085764.639328
2025,WSM,WSM,not digital,0.0332322421842656,0.8049772455785575,0.0003476493367573,21320200740.30478
2025,WST,WST,not digital,0.0930028300966136,0.5956908665105387,0.0003227712934991,19794511431.53857
2025,WTW,WTW,not digital,0.0240647330811265,0.97646461225872,0.0005226801617856,32054270766.585693
2025,WY,WY,not digital,,0.8543309456449768,0.0002787135884256,17092595975.328444
2025,WYNN,WYNN,not digital,0.0925245211352768,0.4945176336158733,0.0002040137163168,12511496285.946716
2025,XEL,XEL,not digital,,0.1933366924334222,0.0007124319256932,43691127994.827225
2025,XOM,XOM,not digital,0.0853544748042066,0.3332152879861018,0.0083656676501533,513039131015.0031
2025,XYL,XYL,not digital,0.0366353071389042,0.934274696608824,0.0005406387951064,33155615216.119324
2025,XYZ,XYZ,not digital,0.0064082016780991,0.9918236175997164,0.0006469905273829,39677820327.63672
2025,YUM,YUM,not digital,0.0451667884100316,0.8041966573136513,0.0006849103528435,42003319632.18832
2025,ZBH,ZBH,not digital,0.0272732794751867,0.9044202029300572,0.0002905826210649,17820485062.718735
2025,ZBRA,ZBRA,other digital,0.0159377316530763,0.9584803575629264,0.0002013187075338,12346220181.041016
2025,ZTS,ZTS,not digital,0.0655962818210626,0.7620094394517359,0.0009092500864706,55761344311.79114
